-- MySQL dump 10.13  Distrib 5.6.33, for debian-linux-gnu (x86_64)
--
-- Host: localhost    Database: tongdui
-- ------------------------------------------------------
-- Server version	5.6.33-0ubuntu0.14.04.1

/*!40101 SET @OLD_CHARACTER_SET_CLIENT=@@CHARACTER_SET_CLIENT */;
/*!40101 SET @OLD_CHARACTER_SET_RESULTS=@@CHARACTER_SET_RESULTS */;
/*!40101 SET @OLD_COLLATION_CONNECTION=@@COLLATION_CONNECTION */;
/*!40101 SET NAMES utf8 */;
/*!40103 SET @OLD_TIME_ZONE=@@TIME_ZONE */;
/*!40103 SET TIME_ZONE='+00:00' */;
/*!40014 SET @OLD_UNIQUE_CHECKS=@@UNIQUE_CHECKS, UNIQUE_CHECKS=0 */;
/*!40014 SET @OLD_FOREIGN_KEY_CHECKS=@@FOREIGN_KEY_CHECKS, FOREIGN_KEY_CHECKS=0 */;
/*!40101 SET @OLD_SQL_MODE=@@SQL_MODE, SQL_MODE='NO_AUTO_VALUE_ON_ZERO' */;
/*!40111 SET @OLD_SQL_NOTES=@@SQL_NOTES, SQL_NOTES=0 */;

--
-- Table structure for table `ms_api_group`
--

DROP TABLE IF EXISTS `ms_api_group`;
/*!40101 SET @saved_cs_client     = @@character_set_client */;
/*!40101 SET character_set_client = utf8 */;
CREATE TABLE `ms_api_group` (
  `gid` int(4) NOT NULL AUTO_INCREMENT,
  `name` varchar(50) DEFAULT NULL,
  PRIMARY KEY (`gid`)
) ENGINE=InnoDB AUTO_INCREMENT=13 DEFAULT CHARSET=utf8;
/*!40101 SET character_set_client = @saved_cs_client */;

--
-- Dumping data for table `ms_api_group`
--

LOCK TABLES `ms_api_group` WRITE;
/*!40000 ALTER TABLE `ms_api_group` DISABLE KEYS */;
INSERT INTO `ms_api_group` VALUES (1,'通用信息'),(2,'用户相关'),(3,'地址相关'),(4,'商品相关'),(5,'店铺相关'),(6,'购物车'),(7,'订单相关'),(8,'评价相关'),(9,'资金账户'),(10,'支付相关'),(11,'爱心基金'),(12,'退款');
/*!40000 ALTER TABLE `ms_api_group` ENABLE KEYS */;
UNLOCK TABLES;

--
-- Table structure for table `ms_api_list`
--

DROP TABLE IF EXISTS `ms_api_list`;
/*!40101 SET @saved_cs_client     = @@character_set_client */;
/*!40101 SET character_set_client = utf8 */;
CREATE TABLE `ms_api_list` (
  `id` int(10) NOT NULL AUTO_INCREMENT,
  `name` varchar(50) DEFAULT NULL,
  `url` varchar(255) DEFAULT NULL,
  `type` char(4) DEFAULT NULL,
  `params` text,
  `result` text,
  `desc` text COMMENT '接口说明',
  `gid` int(4) DEFAULT NULL COMMENT '分组id',
  PRIMARY KEY (`id`)
) ENGINE=InnoDB AUTO_INCREMENT=68 DEFAULT CHARSET=utf8;
/*!40101 SET character_set_client = @saved_cs_client */;

--
-- Dumping data for table `ms_api_list`
--

LOCK TABLES `ms_api_list` WRITE;
/*!40000 ALTER TABLE `ms_api_list` DISABLE KEYS */;
INSERT INTO `ms_api_list` VALUES (1,'初始化','http://tongdui.hulianwangdai.com/Mobile/Public/run','GET','N;','{\r\n  &quot;data&quot;: &quot;d5d6621a44f7bcfc2531f29f911e1081&quot;,\r\n  &quot;info&quot;: &quot;成功&quot;,\r\n  &quot;status&quot;: &quot;^~^&quot;\r\n}','此接口主要是在客户端写入cookie，请确保客户端未禁用cookie',1),(2,'设置语言','http://tongdui.hulianwangdai.com/Mobile/Public/lang','POST','a:1:{i:0;a:5:{s:6:\"p_name\";s:4:\"lang\";s:6:\"p_type\";s:6:\"string\";s:6:\"p_must\";s:1:\"Y\";s:9:\"p_default\";s:1:\"1\";s:6:\"p_desc\";s:20:\"zh-cn：简体中文\";}}','{\r\n  &quot;data&quot;: {},\r\n  &quot;info&quot;: &quot;操作成功&quot;,\r\n  &quot;status&quot;: &quot;^~^&quot;\r\n}','',1),(3,'用户注册','http://tongdui.hulianwangdai.com/Mobile/Public/registerDo','POST','a:6:{i:0;a:5:{s:6:\"p_name\";s:6:\"mobile\";s:6:\"p_type\";s:6:\"string\";s:6:\"p_must\";s:1:\"Y\";s:9:\"p_default\";s:0:\"\";s:6:\"p_desc\";s:9:\"手机号\";}i:1;a:5:{s:6:\"p_name\";s:8:\"password\";s:6:\"p_type\";s:6:\"string\";s:6:\"p_must\";s:1:\"Y\";s:9:\"p_default\";s:0:\"\";s:6:\"p_desc\";s:6:\"密码\";}i:2;a:5:{s:6:\"p_name\";s:11:\"referrer_id\";s:6:\"p_type\";s:3:\"int\";s:6:\"p_must\";s:1:\"N\";s:9:\"p_default\";s:1:\"1\";s:6:\"p_desc\";s:21:\"从推广码中获取\";}i:3;a:5:{s:6:\"p_name\";s:16:\"referrer_node_id\";s:6:\"p_type\";s:3:\"int\";s:6:\"p_must\";s:1:\"N\";s:9:\"p_default\";s:1:\"1\";s:6:\"p_desc\";s:21:\"从推广码中获取\";}i:4;a:5:{s:6:\"p_name\";s:8:\"position\";s:6:\"p_type\";s:6:\"string\";s:6:\"p_must\";s:1:\"N\";s:9:\"p_default\";s:4:\"left\";s:6:\"p_desc\";s:21:\"从推广码中获取\";}i:5;a:5:{s:6:\"p_name\";s:8:\"sms_code\";s:6:\"p_type\";s:6:\"string\";s:6:\"p_must\";s:1:\"Y\";s:9:\"p_default\";s:0:\"\";s:6:\"p_desc\";s:58:\"通用信息，短信验证码接口（测试阶段0000）\";}}','{\r\n  &quot;data&quot;: {\r\n    &quot;username&quot;: &quot;hellobin1&quot;,\r\n    &quot;token&quot;: &quot;a8fad5fbe234736925095984777fba2f&quot;\r\n  },\r\n  &quot;info&quot;: &quot;操作成功&quot;,\r\n  &quot;status&quot;: &quot;^~^&quot;\r\n}','',2),(4,'登陆','http://tongdui.hulianwangdai.com/Mobile/Public/checkLogin','POST','a:2:{i:0;a:5:{s:6:\"p_name\";s:8:\"username\";s:6:\"p_type\";s:6:\"string\";s:6:\"p_must\";s:1:\"Y\";s:9:\"p_default\";s:0:\"\";s:6:\"p_desc\";s:9:\"用户名\";}i:1;a:5:{s:6:\"p_name\";s:8:\"password\";s:6:\"p_type\";s:6:\"string\";s:6:\"p_must\";s:1:\"Y\";s:9:\"p_default\";s:0:\"\";s:6:\"p_desc\";s:6:\"密码\";}}','{\r\n  &quot;data&quot;: {\r\n    &quot;username&quot;: &quot;hellobin&quot;,\r\n    &quot;token&quot;: &quot;3f0ae9dc47f8ebfc2a30e96afa8019fe&quot;\r\n  },\r\n  &quot;info&quot;: &quot;操作成功&quot;,\r\n  &quot;status&quot;: &quot;^~^&quot;\r\n}','',2),(5,'忘记登陆密码','http://tongdui.hulianwangdai.com/Mobile/Public/forgetPassword','GET','a:2:{i:0;a:5:{s:6:\"p_name\";s:6:\"mobile\";s:6:\"p_type\";s:6:\"string\";s:6:\"p_must\";s:1:\"Y\";s:9:\"p_default\";s:0:\"\";s:6:\"p_desc\";s:9:\"手机号\";}i:1;a:5:{s:6:\"p_name\";s:11:\"verify_code\";s:6:\"p_type\";s:6:\"string\";s:6:\"p_must\";s:1:\"Y\";s:9:\"p_default\";s:0:\"\";s:6:\"p_desc\";s:15:\"系统验证码\";}}','{\r\n  &quot;data&quot;: &quot;短信验证码&quot;,\r\n  &quot;info&quot;: &quot;操作成功&quot;,\r\n  &quot;status&quot;: &quot;^~^&quot;\r\n}','先使用通用信息中的验证码接口获取验证码，然后使用本接口',2),(6,'重置登陆密码','http://tongdui.hulianwangdai.com/Mobile/Public/resetPassword','POST','a:3:{i:0;a:5:{s:6:\"p_name\";s:6:\"mobile\";s:6:\"p_type\";s:6:\"string\";s:6:\"p_must\";s:1:\"Y\";s:9:\"p_default\";s:0:\"\";s:6:\"p_desc\";s:9:\"手机号\";}i:1;a:5:{s:6:\"p_name\";s:8:\"password\";s:6:\"p_type\";s:6:\"string\";s:6:\"p_must\";s:1:\"Y\";s:9:\"p_default\";s:0:\"\";s:6:\"p_desc\";s:6:\"密码\";}i:2;a:5:{s:6:\"p_name\";s:8:\"sms_code\";s:6:\"p_type\";s:6:\"string\";s:6:\"p_must\";s:1:\"Y\";s:9:\"p_default\";s:0:\"\";s:6:\"p_desc\";s:52:\"短信验证码（测试环境下直接添加0000）\";}}','','此接口暂不支持在线调试，\r\n重置密码的时候，客户端需要对密码做最基本的验证，两次密码是否输入一致，如果比较清闲可以添加其他验证，比如：密码格式、密码强度等',2),(7,'验证码','http://tongdui.hulianwangdai.com/Mobile/Public/verifyCode','GET','a:1:{i:0;a:5:{s:6:\"p_name\";s:8:\"rand_str\";s:6:\"p_type\";s:6:\"string\";s:6:\"p_must\";s:1:\"N\";s:9:\"p_default\";s:0:\"\";s:6:\"p_desc\";s:27:\"随机字符，防止缓存\";}}','验证码图片','',1),(8,'绑定/解绑手机','http://tongdui.hulianwangdai.com/Mobile/Member/bindMobile','GET','a:3:{i:0;a:5:{s:6:\"p_name\";s:5:\"token\";s:6:\"p_type\";s:6:\"string\";s:6:\"p_must\";s:1:\"Y\";s:9:\"p_default\";s:0:\"\";s:6:\"p_desc\";s:6:\"令牌\";}i:1;a:5:{s:6:\"p_name\";s:4:\"type\";s:6:\"p_type\";s:6:\"string\";s:6:\"p_must\";s:1:\"Y\";s:9:\"p_default\";s:0:\"\";s:6:\"p_desc\";s:33:\"解绑：UNBIND  ，BIND：绑定\";}i:2;a:5:{s:6:\"p_name\";s:11:\"verify_code\";s:6:\"p_type\";s:6:\"string\";s:6:\"p_must\";s:1:\"Y\";s:9:\"p_default\";s:0:\"\";s:6:\"p_desc\";s:9:\"验证码\";}}','','先请求验证码接口，获取验证码',2),(9,'重置手机号码','http://tongdui.hulianwangdai.com/Mobile/Member/resetMobile','POST','a:3:{i:0;a:5:{s:6:\"p_name\";s:5:\"token\";s:6:\"p_type\";s:6:\"string\";s:6:\"p_must\";s:1:\"Y\";s:9:\"p_default\";s:0:\"\";s:6:\"p_desc\";s:6:\"令牌\";}i:1;a:5:{s:6:\"p_name\";s:6:\"mobile\";s:6:\"p_type\";s:6:\"string\";s:6:\"p_must\";s:1:\"N\";s:9:\"p_default\";s:0:\"\";s:6:\"p_desc\";s:64:\"手机号，解绑不用填写此参数,但是千万不要为空\";}i:2;a:5:{s:6:\"p_name\";s:8:\"sms_code\";s:6:\"p_type\";s:6:\"string\";s:6:\"p_must\";s:1:\"Y\";s:9:\"p_default\";s:0:\"\";s:6:\"p_desc\";s:40:\"短信验证码，测试阶段填写0000\";}}','','首先调用绑定/解绑手机接口',2),(10,'重置密码（1，2，3 级）','http://tongdui.hulianwangdai.com/Mobile/Member/resetMobile','POST','a:6:{i:0;a:5:{s:6:\"p_name\";s:5:\"token\";s:6:\"p_type\";s:6:\"string\";s:6:\"p_must\";s:1:\"Y\";s:9:\"p_default\";s:0:\"\";s:6:\"p_desc\";s:6:\"令牌\";}i:1;a:5:{s:6:\"p_name\";s:4:\"step\";s:6:\"p_type\";s:3:\"int\";s:6:\"p_must\";s:1:\"Y\";s:9:\"p_default\";s:0:\"\";s:6:\"p_desc\";s:54:\"第几步 1 为发送短信验证码 2 为充值密码\";}i:2;a:5:{s:6:\"p_name\";s:8:\"password\";s:6:\"p_type\";s:6:\"string\";s:6:\"p_must\";s:1:\"N\";s:9:\"p_default\";s:0:\"\";s:6:\"p_desc\";s:30:\"一级密码（登陆密码）\";}i:3;a:5:{s:6:\"p_name\";s:10:\"password_2\";s:6:\"p_type\";s:6:\"string\";s:6:\"p_must\";s:1:\"N\";s:9:\"p_default\";s:0:\"\";s:6:\"p_desc\";s:12:\"二级密码\";}i:4;a:5:{s:6:\"p_name\";s:10:\"password_3\";s:6:\"p_type\";s:6:\"string\";s:6:\"p_must\";s:1:\"N\";s:9:\"p_default\";s:0:\"\";s:6:\"p_desc\";s:12:\"三级密码\";}i:5;a:5:{s:6:\"p_name\";s:8:\"sms_code\";s:6:\"p_type\";s:6:\"string\";s:6:\"p_must\";s:1:\"Y\";s:9:\"p_default\";s:0:\"\";s:6:\"p_desc\";s:34:\"短信验证码，测试阶段0000\";}}','','<p>\r\n	先请求发送验证码接口，然后使用此接口，\r\n</p>\r\n<p>\r\n	step=1，发送短信验证码，然后继续使用此接口，\r\n</p>\r\n<p>\r\n	step=2，想修改哪个密码就传哪个密码，不修改为空或不传都行\r\n</p>',2),(11,'上传头像','http://tongdui.hulianwangdai.com/Mobile/Member/uploadHeadPhoto','POST','a:3:{i:0;a:5:{s:6:\"p_name\";s:5:\"token\";s:6:\"p_type\";s:6:\"string\";s:6:\"p_must\";s:1:\"Y\";s:9:\"p_default\";s:0:\"\";s:6:\"p_desc\";s:6:\"令牌\";}i:1;a:5:{s:6:\"p_name\";s:4:\"type\";s:6:\"p_type\";s:6:\"string\";s:6:\"p_must\";s:1:\"Y\";s:9:\"p_default\";s:0:\"\";s:6:\"p_desc\";s:30:\"上传方式 FILES或者BASE64\";}i:2;a:5:{s:6:\"p_name\";s:10:\"head_photo\";s:6:\"p_type\";s:10:\"根据type\";s:6:\"p_must\";s:1:\"Y\";s:9:\"p_default\";s:0:\"\";s:6:\"p_desc\";s:0:\"\";}}','','head_photo<br />',2),(12,'地址列表','http://tongdui.hulianwangdai.com/Mobile/Address/addressList','GET','a:1:{i:0;a:5:{s:6:\"p_name\";s:5:\"token\";s:6:\"p_type\";s:6:\"string\";s:6:\"p_must\";s:1:\"Y\";s:9:\"p_default\";s:0:\"\";s:6:\"p_desc\";s:6:\"令牌\";}}','{\r\n  &quot;data&quot;: [\r\n    {\r\n      &quot;uid&quot;: &quot;262&quot;,\r\n      &quot;consignee&quot;: hellobin,\r\n      &quot;mobile&quot;: 18663456062,\r\n      &quot;province&quot;: &quot;湖北省&quot;,\r\n      &quot;city&quot;: &quot;潜江市&quot;,\r\n      &quot;district&quot;: &quot;潜江市&quot;,\r\n      &quot;address&quot;: &quot;hello&quot;,\r\n      &quot;is_def&quot;: &quot;0&quot;\r\n    }\r\n  ],\r\n  &quot;info&quot;: &quot;操作成功&quot;,\r\n  &quot;status&quot;: &quot;^~^&quot;\r\n}','',3),(13,'获取某一个地址','http://tongdui.hulianwangdai.com/Mobile/Address/getOne','GET','a:4:{i:0;a:5:{s:6:\"p_name\";s:5:\"token\";s:6:\"p_type\";s:6:\"string\";s:6:\"p_must\";s:1:\"Y\";s:9:\"p_default\";s:0:\"\";s:6:\"p_desc\";s:6:\"令牌\";}i:1;a:5:{s:6:\"p_name\";s:10:\"address_id\";s:6:\"p_type\";s:3:\"int\";s:6:\"p_must\";s:1:\"N\";s:9:\"p_default\";s:0:\"\";s:6:\"p_desc\";s:33:\"地址id，当is_def为0时必传\";}i:2;a:5:{s:6:\"p_name\";s:8:\"get_name\";s:6:\"p_type\";s:3:\"int\";s:6:\"p_must\";s:1:\"Y\";s:9:\"p_default\";s:1:\"1\";s:6:\"p_desc\";s:27:\"传0时，返回城市的id\";}i:3;a:5:{s:6:\"p_name\";s:6:\"is_def\";s:6:\"p_type\";s:3:\"int\";s:6:\"p_must\";s:1:\"N\";s:9:\"p_default\";s:1:\"0\";s:6:\"p_desc\";s:23:\"传1时忽略address_id\";}}','','',3),(14,'添加/编辑地址','http://tongdui.hulianwangdai.com/Mobile/Address/save','POST','a:9:{i:0;a:5:{s:6:\"p_name\";s:5:\"token\";s:6:\"p_type\";s:6:\"string\";s:6:\"p_must\";s:1:\"Y\";s:9:\"p_default\";s:0:\"\";s:6:\"p_desc\";s:6:\"令牌\";}i:1;a:5:{s:6:\"p_name\";s:9:\"consignee\";s:6:\"p_type\";s:6:\"string\";s:6:\"p_must\";s:1:\"Y\";s:9:\"p_default\";s:0:\"\";s:6:\"p_desc\";s:15:\"联系人姓名\";}i:2;a:5:{s:6:\"p_name\";s:8:\"province\";s:6:\"p_type\";s:3:\"int\";s:6:\"p_must\";s:1:\"Y\";s:9:\"p_default\";s:0:\"\";s:6:\"p_desc\";s:5:\"省id\";}i:3;a:5:{s:6:\"p_name\";s:4:\"city\";s:6:\"p_type\";s:3:\"int\";s:6:\"p_must\";s:1:\"Y\";s:9:\"p_default\";s:0:\"\";s:6:\"p_desc\";s:5:\"市id\";}i:4;a:5:{s:6:\"p_name\";s:8:\"district\";s:6:\"p_type\";s:3:\"int\";s:6:\"p_must\";s:1:\"Y\";s:9:\"p_default\";s:0:\"\";s:6:\"p_desc\";s:5:\"区id\";}i:5;a:5:{s:6:\"p_name\";s:6:\"is_def\";s:6:\"p_type\";s:3:\"int\";s:6:\"p_must\";s:1:\"N\";s:9:\"p_default\";s:1:\"0\";s:6:\"p_desc\";s:24:\"是否设为默认地址\";}i:6;a:5:{s:6:\"p_name\";s:7:\"address\";s:6:\"p_type\";s:6:\"string\";s:6:\"p_must\";s:1:\"Y\";s:9:\"p_default\";s:0:\"\";s:6:\"p_desc\";s:12:\"详细地址\";}i:7;a:5:{s:6:\"p_name\";s:6:\"mobile\";s:6:\"p_type\";s:6:\"string\";s:6:\"p_must\";s:1:\"Y\";s:9:\"p_default\";s:0:\"\";s:6:\"p_desc\";s:6:\"电话\";}i:8;a:5:{s:6:\"p_name\";s:10:\"address_id\";s:6:\"p_type\";s:3:\"int\";s:6:\"p_must\";s:1:\"N\";s:9:\"p_default\";s:0:\"\";s:6:\"p_desc\";s:30:\"地址id 编辑地址是必填\";}}','','',3),(15,'设置默认地址','http://tongdui.hulianwangdai.com/Mobile/Address/setDef','POST','a:2:{i:0;a:5:{s:6:\"p_name\";s:5:\"token\";s:6:\"p_type\";s:6:\"string\";s:6:\"p_must\";s:1:\"Y\";s:9:\"p_default\";s:0:\"\";s:6:\"p_desc\";s:6:\"令牌\";}i:1;a:5:{s:6:\"p_name\";s:10:\"address_id\";s:6:\"p_type\";s:3:\"int\";s:6:\"p_must\";s:1:\"Y\";s:9:\"p_default\";s:0:\"\";s:6:\"p_desc\";s:8:\"地址id\";}}','','',3),(16,'删除地址（支持批量）','http://tongdui.hulianwangdai.com/Mobile/Address/del','POST','a:2:{i:0;a:5:{s:6:\"p_name\";s:5:\"token\";s:6:\"p_type\";s:6:\"string\";s:6:\"p_must\";s:1:\"Y\";s:9:\"p_default\";s:0:\"\";s:6:\"p_desc\";s:6:\"令牌\";}i:1;a:5:{s:6:\"p_name\";s:10:\"address_id\";s:6:\"p_type\";s:6:\"string\";s:6:\"p_must\";s:1:\"Y\";s:9:\"p_default\";s:0:\"\";s:6:\"p_desc\";s:54:\"多个地址请用半角逗号分隔，举例（1,2）\";}}','','',3),(17,'商品分类','http://tongdui.hulianwangdai.com/Mobile/Goods/goodsClass','GET','a:1:{i:0;a:5:{s:6:\"p_name\";s:12:\"gc_parent_id\";s:6:\"p_type\";s:6:\"string\";s:6:\"p_must\";s:1:\"N\";s:9:\"p_default\";s:0:\"\";s:6:\"p_desc\";s:5:\"父id\";}}','{\r\n    &quot;data&quot;: [\r\n        {\r\n            &quot;gc_id&quot;: &quot;1&quot;,\r\n            &quot;gc_name&quot;: &quot;服饰鞋帽&quot;,\r\n            &quot;gc_parent_id&quot;: &quot;0&quot;,\r\n            &quot;_child&quot;: [\r\n                {\r\n                    &quot;gc_id&quot;: &quot;4&quot;,\r\n                    &quot;gc_name&quot;: &quot;女装&quot;,\r\n                    &quot;gc_parent_id&quot;: &quot;1&quot;,\r\n                    &quot;_child&quot;: [\r\n                        {\r\n                            &quot;gc_id&quot;: &quot;12&quot;,\r\n                            &quot;gc_name&quot;: &quot;T恤&quot;,\r\n                            &quot;gc_parent_id&quot;: &quot;4&quot;\r\n                        }\r\n                    ]\r\n                }\r\n            ]\r\n        }\r\n    ],\r\n    &quot;info&quot;: &quot;操作成功&quot;,\r\n    &quot;status&quot;: &quot;^~^&quot;\r\n}','<p>\r\n	图片地址格式：http://+域名+/Uploads/Mall/Class/+gc_icon_img\r\n</p>',4),(18,'商品列表','http://tongdui.hulianwangdai.com/Mobile/Goods/glist','GET','a:9:{i:0;a:5:{s:6:\"p_name\";s:5:\"gc_id\";s:6:\"p_type\";s:3:\"int\";s:6:\"p_must\";s:1:\"N\";s:9:\"p_default\";s:0:\"\";s:6:\"p_desc\";s:14:\"商品分类id\";}i:1;a:5:{s:6:\"p_name\";s:8:\"keywords\";s:6:\"p_type\";s:6:\"string\";s:6:\"p_must\";s:1:\"N\";s:9:\"p_default\";s:0:\"\";s:6:\"p_desc\";s:9:\"关键词\";}i:2;a:5:{s:6:\"p_name\";s:10:\"atv_id_str\";s:6:\"p_type\";s:6:\"string\";s:6:\"p_must\";s:1:\"N\";s:9:\"p_default\";s:0:\"\";s:6:\"p_desc\";s:72:\"属性值字符串，详情商品筛选器，多个用半角逗号分隔\";}i:3;a:5:{s:6:\"p_name\";s:8:\"brand_id\";s:6:\"p_type\";s:3:\"int\";s:6:\"p_must\";s:1:\"N\";s:9:\"p_default\";s:0:\"\";s:6:\"p_desc\";s:8:\"品牌id\";}i:4;a:5:{s:6:\"p_name\";s:5:\"range\";s:6:\"p_type\";s:6:\"string\";s:6:\"p_must\";s:1:\"N\";s:9:\"p_default\";s:0:\"\";s:6:\"p_desc\";s:29:\"价格区间举例（1-200）\";}i:5;a:5:{s:6:\"p_name\";s:8:\"store_id\";s:6:\"p_type\";s:3:\"int\";s:6:\"p_must\";s:1:\"N\";s:9:\"p_default\";s:0:\"\";s:6:\"p_desc\";s:8:\"店铺id\";}i:6;a:5:{s:6:\"p_name\";s:11:\"order_index\";s:6:\"p_type\";s:3:\"int\";s:6:\"p_must\";s:1:\"N\";s:9:\"p_default\";s:1:\"0\";s:6:\"p_desc\";s:130:\"排序（0：综合排序--销量降序和价格升序，1：价格升序，2价格降序，3：销量升序，4：销量降序）\";}i:7;a:5:{s:6:\"p_name\";s:1:\"p\";s:6:\"p_type\";s:3:\"int\";s:6:\"p_must\";s:1:\"N\";s:9:\"p_default\";s:1:\"1\";s:6:\"p_desc\";s:6:\"页面\";}i:8;a:5:{s:6:\"p_name\";s:3:\"num\";s:6:\"p_type\";s:3:\"int\";s:6:\"p_must\";s:1:\"N\";s:9:\"p_default\";s:2:\"10\";s:6:\"p_desc\";s:21:\"每页显示的数量\";}}','{\r\n  &quot;data&quot;: {\r\n    &quot;pages&quot;:&quot;总页数&quot;,\r\n    &quot;end&quot;: &quot;是否是最后一页&quot;,\r\n    &quot;start&quot;:&quot;开始记录数&quot;,\r\n    &quot;count&quot;: &quot;总记录数&quot;,\r\n    &quot;p&quot;: &quot;当前页&quot;,\r\n    &quot;list&quot;: [\r\n      {\r\n        &quot;goods_id&quot;: &quot;商品id&quot;,\r\n        &quot;goods_name&quot;: &quot;商品名称&quot;,\r\n        &quot;market_price&quot;: &quot;市场价&quot;,\r\n        &quot;shop_price&quot;: &quot;零售价&quot;,\r\n        &quot;promote_price&quot;: &quot;促销价&quot;,\r\n        &quot;promote_start_date&quot;: &quot;促销开始时间&quot;,\r\n        &quot;promote_end_date&quot;: &quot;促销结束时间&quot;,\r\n        &quot;evaluate_count&quot;: &quot;评价次数&quot;,\r\n        &quot;click_count&quot;: &quot;点击次数&quot;,\r\n        &quot;store_id&quot;: &quot;店铺id&quot;,\r\n        &quot;save_name&quot;: &quot;图片名称&quot;,\r\n        &quot;save_path&quot;: &quot;忽略此字段&quot;,\r\n      }\r\n    ]\r\n  },\r\n  &quot;info&quot;: &quot;操作成功&quot;,\r\n  &quot;status&quot;: &quot;^~^&quot;','<h4>\r\n	图片使用方法\r\n</h4>\r\n<p>\r\n	原图：http://+域名+/Uploads/Mall/Seller/+店铺id+/Goods/+图片名称 ;\r\n</p>\r\n<p>\r\n	缩略图:http://+域名+/Uploads/Mall/Seller/+店铺id+/Goods/+Thumb/+[l_][m_][s_]+图片名称 ;\r\n</p>\r\n<p>\r\n	[l_][m_][s_]表示选择[]中的任何一个，有且只能选择1个，尺寸分别是440，220，110\r\n</p>\r\n<p>\r\n	is_new 最新 &nbsp;,is_best 推荐 &nbsp;is_hot 热销\r\n</p>',4),(19,'商品详情','http://tongdui.hulianwangdai.com/Mobile/Goods/info','GET','a:4:{i:0;a:5:{s:6:\"p_name\";s:8:\"goods_id\";s:6:\"p_type\";s:3:\"int\";s:6:\"p_must\";s:1:\"Y\";s:9:\"p_default\";s:0:\"\";s:6:\"p_desc\";s:8:\"商品id\";}i:1;a:5:{s:6:\"p_name\";s:5:\"store\";s:6:\"p_type\";s:3:\"int\";s:6:\"p_must\";s:1:\"N\";s:9:\"p_default\";s:1:\"0\";s:6:\"p_desc\";s:25:\"为1时显示店铺信息\";}i:2;a:5:{s:6:\"p_name\";s:2:\"sg\";s:6:\"p_type\";s:3:\"int\";s:6:\"p_must\";s:1:\"N\";s:9:\"p_default\";s:1:\"0\";s:6:\"p_desc\";s:28:\"为1时显示同店铺产品\";}i:3;a:5:{s:6:\"p_name\";s:2:\"tl\";s:6:\"p_type\";s:3:\"int\";s:6:\"p_must\";s:1:\"N\";s:9:\"p_default\";s:1:\"0\";s:6:\"p_desc\";s:25:\"为1时显示同类产品\";}}','{\r\n  &quot;data&quot;: {\r\n    &quot;goods_info&quot;: {\r\n      &quot;goods_id&quot;: &quot;52&quot;,\r\n      &quot;goods_sn&quot;: null,\r\n      &quot;goods_name&quot;: &quot;商品标题名称长度至少3个字符，最长50个汉字&quot;,\r\n      &quot;small_name&quot;: &quot;商品标题名称长度至少3个字符，最长50个汉字&quot;,\r\n      &quot;click_count&quot;: &quot;6&quot;,\r\n      &quot;collect_times&quot;: &quot;0&quot;,\r\n      &quot;evaluate_count&quot;: &quot;0&quot;,\r\n      &quot;hpl&quot;: &quot;1.00&quot;,\r\n      &quot;brand_id&quot;: &quot;282&quot;,\r\n      &quot;cost_price&quot;: &quot;0.00&quot;,\r\n      &quot;market_price&quot;: &quot;100.00&quot;,\r\n      &quot;shop_price&quot;: &quot;1607.00&quot;,\r\n      &quot;consumption_type&quot;: &quot;1&quot;,\r\n      &quot;give_integral&quot;: &quot;0.00&quot;,\r\n      &quot;promote_price&quot;: &quot;0.00&quot;,\r\n      &quot;promote_start_date&quot;: &quot;0&quot;,\r\n      &quot;promote_end_date&quot;: &quot;0&quot;,\r\n      &quot;goods_weight&quot;: &quot;1.000&quot;,\r\n      &quot;is_best&quot;: &quot;0&quot;,\r\n      &quot;is_new&quot;: &quot;0&quot;,\r\n      &quot;is_hot&quot;: &quot;0&quot;,\r\n      &quot;is_yushou&quot;: &quot;0&quot;,\r\n      &quot;is_ziti&quot;: &quot;0&quot;,\r\n      &quot;is_on_sale&quot;: &quot;1&quot;,\r\n      &quot;store_tuijian&quot;: &quot;1&quot;,\r\n      &quot;floor_show&quot;: &quot;0&quot;,\r\n      &quot;freight_type&quot;: &quot;1&quot;,\r\n      &quot;freight&quot;: &quot;1&quot;,\r\n      &quot;keywords&quot;: &quot;&quot;,\r\n      &quot;description&quot;: &quot;&quot;,\r\n      &quot;gc_id&quot;: &quot;298&quot;,\r\n      &quot;gc_id_path&quot;: &quot;1-28-298&quot;,\r\n      &quot;mid&quot;: &quot;1&quot;,\r\n      &quot;goods_tag&quot;: null,\r\n      &quot;goods_spec_data&quot;: null,\r\n      &quot;sales&quot;: &quot;0&quot;,\r\n      &quot;store_id&quot;: &quot;2&quot;,\r\n      &quot;store_class_id&quot;: &quot;0&quot;,\r\n      &quot;max_buy&quot;: &quot;0&quot;,\r\n      &quot;examine_status&quot;: &quot;1&quot;,\r\n      &quot;goods_img&quot;: [\r\n        {\r\n          &quot;goods_id&quot;: &quot;52&quot;,\r\n          &quot;save_name&quot;: &quot;57989e3d20b12.jpg&quot;,\r\n          &quot;save_path&quot;: &quot;Mall/Seller/1/Goods/&quot;,\r\n          &quot;is_cover&quot;: &quot;0&quot;\r\n        },\r\n        {\r\n          &quot;goods_id&quot;: &quot;52&quot;,\r\n          &quot;save_name&quot;: &quot;57989e3d239b0.jpg&quot;,\r\n          &quot;save_path&quot;: &quot;Mall/Seller/1/Goods/&quot;,\r\n          &quot;is_cover&quot;: &quot;0&quot;\r\n        },\r\n        {\r\n          &quot;goods_id&quot;: &quot;52&quot;,\r\n          &quot;save_name&quot;: &quot;57989e3d24a6f.jpg&quot;,\r\n          &quot;save_path&quot;: &quot;Mall/Seller/1/Goods/&quot;,\r\n          &quot;is_cover&quot;: &quot;0&quot;\r\n        },\r\n        {\r\n          &quot;goods_id&quot;: &quot;52&quot;,\r\n          &quot;save_name&quot;: &quot;57989e3d25db4.jpg&quot;,\r\n          &quot;save_path&quot;: &quot;Mall/Seller/1/Goods/&quot;,\r\n          &quot;is_cover&quot;: &quot;0&quot;\r\n        },\r\n        {\r\n          &quot;goods_id&quot;: &quot;52&quot;,\r\n          &quot;save_name&quot;: &quot;57989e3d271f3.jpg&quot;,\r\n          &quot;save_path&quot;: &quot;Mall/Seller/1/Goods/&quot;,\r\n          &quot;is_cover&quot;: &quot;0&quot;\r\n        }\r\n      ],\r\n      &quot;goods_spec&quot;: [\r\n        {\r\n          &quot;spec_id&quot;: &quot;1&quot;,\r\n          &quot;spec_cover&quot;: &quot;3195157de36a301072.jpg&quot;,\r\n          &quot;spec_sn&quot;: &quot;&quot;,\r\n          &quot;spec_name&quot;: &quot;S 红&quot;,\r\n          &quot;spec_value&quot;: &quot;8,12&quot;,\r\n          &quot;spec_cost_price&quot;: &quot;1000.00&quot;,\r\n          &quot;spec_shop_price&quot;: &quot;1500.00&quot;,\r\n          &quot;spec_sales&quot;: &quot;0&quot;,\r\n          &quot;spec_inventory&quot;: &quot;100&quot;,\r\n          &quot;goods_id&quot;: &quot;52&quot;,\r\n          &quot;store_id&quot;: &quot;2&quot;\r\n        },\r\n        {\r\n          &quot;spec_id&quot;: &quot;2&quot;,\r\n          &quot;spec_cover&quot;: &quot;2995257de36a315a29.jpg&quot;,\r\n          &quot;spec_sn&quot;: &quot;&quot;,\r\n          &quot;spec_name&quot;: &quot;M 蓝&quot;,\r\n          &quot;spec_value&quot;: &quot;9,14&quot;,\r\n          &quot;spec_cost_price&quot;: &quot;1000.00&quot;,\r\n          &quot;spec_shop_price&quot;: &quot;1600.00&quot;,\r\n          &quot;spec_sales&quot;: &quot;0&quot;,\r\n          &quot;spec_inventory&quot;: &quot;10&quot;,\r\n          &quot;goods_id&quot;: &quot;52&quot;,\r\n          &quot;store_id&quot;: &quot;2&quot;\r\n        },\r\n        {\r\n          &quot;spec_id&quot;: &quot;4&quot;,\r\n          &quot;spec_cover&quot;: &quot;1170057de35a77b236.jpg&quot;,\r\n          &quot;spec_sn&quot;: &quot;&quot;,\r\n          &quot;spec_name&quot;: &quot;L 黑&quot;,\r\n          &quot;spec_value&quot;: &quot;10,16&quot;,\r\n          &quot;spec_cost_price&quot;: &quot;1000.00&quot;,\r\n          &quot;spec_shop_price&quot;: &quot;1700.00&quot;,\r\n          &quot;spec_sales&quot;: &quot;0&quot;,\r\n          &quot;spec_inventory&quot;: &quot;10&quot;,\r\n          &quot;goods_id&quot;: &quot;52&quot;,\r\n          &quot;store_id&quot;: &quot;2&quot;\r\n        }\r\n      ]\r\n    }\r\n  },\r\n  &quot;info&quot;: &quot;操作成功&quot;,\r\n  &quot;status&quot;: &quot;^~^&quot;\r\n}','<h4 style=\"font-size:1.25em;font-weight:200;color:#777777;font-family:\'Microsoft Yahei\', \'Helvetica Neue\', Helvetica, Arial, sans-serif;background-color:#FFFFFF;\">\r\n	图片使用方法\r\n</h4>\r\n<p style=\"color:#777777;font-family:\'Microsoft Yahei\', \'Helvetica Neue\', Helvetica, Arial, sans-serif;font-size:15.96px;background-color:#FFFFFF;\">\r\n	原图：http://+域名+/Uploads/+save_path+save_name ;\r\n</p>\r\n<p style=\"color:#777777;font-family:\'Microsoft Yahei\', \'Helvetica Neue\', Helvetica, Arial, sans-serif;font-size:15.96px;background-color:#FFFFFF;\">\r\n	缩略图:http://+域名+/Uploads/+save_path+Thumb/+[l_][m_][s_]+save_name ;\r\n</p>\r\n<p style=\"color:#777777;font-family:\'Microsoft Yahei\', \'Helvetica Neue\', Helvetica, Arial, sans-serif;font-size:15.96px;background-color:#FFFFFF;\">\r\n	[l_][m_][s_]表示选择[]中的任何一个，有且只能选择1个，尺寸分别是440，220，110\r\n</p>\r\n<p style=\"color:#777777;font-family:\'Microsoft Yahei\', \'Helvetica Neue\', Helvetica, Arial, sans-serif;font-size:15.96px;background-color:#FFFFFF;\">\r\n	<br />\r\n</p>\r\n<p style=\"color:#777777;font-family:\'Microsoft Yahei\', \'Helvetica Neue\', Helvetica, Arial, sans-serif;font-size:15.96px;background-color:#FFFFFF;\">\r\n	也可以用商品列表中的方式，看自己的心情\r\n</p>',4),(20,'商品介绍（webview）','http://tongdui.hulianwangdai.com/Mobile/Goods/desc','GET','a:1:{i:0;a:5:{s:6:\"p_name\";s:8:\"goods_id\";s:6:\"p_type\";s:3:\"int\";s:6:\"p_must\";s:1:\"Y\";s:9:\"p_default\";s:0:\"\";s:6:\"p_desc\";s:42:\"商品id,测试数据 为 1（比较帅）\";}}','','商品详情有很多图片建议异步加载',4),(21,'商品筛选器','http://tongdui.hulianwangdai.com/Mobile/Goods/filter','GET','a:1:{i:0;a:5:{s:6:\"p_name\";s:5:\"gc_id\";s:6:\"p_type\";s:3:\"int\";s:6:\"p_must\";s:1:\"Y\";s:9:\"p_default\";s:0:\"\";s:6:\"p_desc\";s:8:\"分类id\";}}','{\r\n&quot;data&quot;: {\r\n	&quot;attr&quot;: [\r\n	{\r\n		&quot;attr_id&quot;: &quot;3&quot;,\r\n		&quot;mid&quot;: &quot;1&quot;,\r\n		&quot;attr_name&quot;: &quot;颜色&quot;,\r\n		&quot;attr_input_type&quot;: &quot;1&quot;,\r\n		&quot;attr_type&quot;: &quot;1&quot;,\r\n		&quot;kxcs&quot;: null,\r\n		&quot;sxjs&quot;: &quot;1&quot;,\r\n		&quot;sxsx&quot;: &quot;1&quot;,\r\n		&quot;attr_value&quot;: [\r\n		{\r\n			&quot;atv_id&quot;: &quot;12&quot;,\r\n			&quot;attr_id&quot;: &quot;3&quot;,\r\n			&quot;attr_value&quot;: &quot;红&quot;\r\n		},\r\n		{\r\n			&quot;atv_id&quot;: &quot;13&quot;,\r\n			&quot;attr_id&quot;: &quot;3&quot;,\r\n			&quot;attr_value&quot;: &quot;黄&quot;\r\n		},\r\n		{\r\n			&quot;atv_id&quot;: &quot;14&quot;,\r\n			&quot;attr_id&quot;: &quot;3&quot;,\r\n			&quot;attr_value&quot;: &quot;蓝&quot;\r\n		},\r\n		{\r\n			&quot;atv_id&quot;: &quot;15&quot;,\r\n			&quot;attr_id&quot;: &quot;3&quot;,\r\n			&quot;attr_value&quot;: &quot;绿&quot;\r\n		},\r\n		{\r\n			&quot;atv_id&quot;: &quot;16&quot;,\r\n			&quot;attr_id&quot;: &quot;3&quot;,\r\n			&quot;attr_value&quot;: &quot;黑&quot;\r\n		}\r\n		]\r\n	}\r\n	],\r\n	&quot;range&quot;: [\r\n			&quot;0-99&quot;,\r\n			&quot;100-199&quot;,\r\n			&quot;200-299&quot;,\r\n			&quot;300-399&quot;,\r\n			&quot;400以上&quot;\r\n	],\r\n	&quot;brand&quot;: [\r\n	{\r\n		&quot;brand_id&quot;: &quot;1&quot;,\r\n		&quot;brand_name&quot;: &quot;justyle&quot;,\r\n		&quot;first_letter&quot;: &quot;J&quot;,\r\n		&quot;brand_desc&quot;: &quot;服饰鞋帽&quot;,\r\n		&quot;brand_logo&quot;: &quot;04397468710494742_sm.jpg&quot;,\r\n		&quot;brand_sort&quot;: &quot;0&quot;,\r\n		&quot;brand_recommend&quot;: &quot;0&quot;,\r\n		&quot;gc_id&quot;: &quot;1&quot;\r\n	}\r\n	]\r\n},\r\n&quot;info&quot;: &quot;操作成功&quot;,\r\n&quot;status&quot;: &quot;^~^&quot;\r\n}','<p>\r\n	配合商品列表接口使用\r\n</p>\r\n<p>\r\n	图片使用方法:&nbsp;/Uploads/Mall/Brand/ +&nbsp;brand_logo\r\n</p>',4),(22,'收藏[商品][店铺]/取消收藏','http://tongdui.hulianwangdai.com/Mobile/Collect/set','POST','a:4:{i:0;a:5:{s:6:\"p_name\";s:5:\"token\";s:6:\"p_type\";s:6:\"string\";s:6:\"p_must\";s:1:\"Y\";s:9:\"p_default\";s:0:\"\";s:6:\"p_desc\";s:6:\"令牌\";}i:1;a:5:{s:6:\"p_name\";s:4:\"type\";s:6:\"p_type\";s:3:\"int\";s:6:\"p_must\";s:1:\"Y\";s:9:\"p_default\";s:0:\"\";s:6:\"p_desc\";s:25:\"1：商品 ，2 ：店铺\";}i:2;a:5:{s:6:\"p_name\";s:10:\"collect_id\";s:6:\"p_type\";s:3:\"int\";s:6:\"p_must\";s:1:\"Y\";s:9:\"p_default\";s:0:\"\";s:6:\"p_desc\";s:17:\"商品或店铺id\";}i:3;a:5:{s:6:\"p_name\";s:9:\"read_only\";s:6:\"p_type\";s:3:\"int\";s:6:\"p_must\";s:1:\"N\";s:9:\"p_default\";s:0:\"\";s:6:\"p_desc\";s:32:\"仅获取状态，此项必填 1\";}}','{\r\n  &quot;data&quot;: &quot;当read_only为1是此项表示收藏的数量，count = 1 or 0&quot;,\r\n  &quot;info&quot;: &quot;操作成功&quot;,\r\n  &quot;status&quot;: &quot;^~^&quot;\r\n}','该接口自动判断当前状态，如果未收藏，使用则收藏，反之取消收藏',4),(23,'店铺列表','http://tongdui.hulianwangdai.com/Mobile/Store/storeList','GET','a:1:{i:0;a:5:{s:6:\"p_name\";s:5:\"sc_id\";s:6:\"p_type\";s:3:\"int\";s:6:\"p_must\";s:1:\"N\";s:9:\"p_default\";s:0:\"\";s:6:\"p_desc\";s:49:\"店铺分类id，也就是商品分类的一级id\";}}','{\r\n&quot;data&quot;: {\r\n	&quot;pages&quot;: 1,\r\n	&quot;end&quot;: 1,\r\n	&quot;start&quot;: 0,\r\n	&quot;count&quot;: &quot;7&quot;,\r\n	&quot;p&quot;: 1,\r\n	&quot;list&quot;: [\r\n	{\r\n		&quot;store_id&quot;: &quot;店铺id&quot;,\r\n		&quot;store_name&quot;: &quot;店铺名称&quot;,\r\n		&quot;store_logo&quot;: &quot;店铺logo&quot;,\r\n		&quot;store_banner&quot;: &quot;店铺banner&quot;,\r\n		&quot;store_credit&quot;: &quot;店铺信用&quot;,\r\n		&quot;praise_rate&quot;: &quot;店铺好评率&quot;,\r\n		&quot;store_desccredit&quot;: &quot;描述相符度分数&quot;,\r\n		&quot;store_servicecredit&quot;: &quot;服务态度分数&quot;,\r\n		&quot;store_deliverycredit&quot;: &quot;发货速度分数&quot;,\r\n		&quot;collect_times&quot;: &quot;店铺收藏次数&quot;\r\n	},\r\n	]\r\n},\r\n&quot;info&quot;: &quot;操作成功&quot;,\r\n&quot;status&quot;: &quot;^~^&quot;\r\n}	','<p>\r\n	/Uploads/Mall/Seller/+店铺id+/Store/ + store_logo\r\n</p>',5),(24,'搜素附近商家','http://tongdui.hulianwangdai.com/Static/baidu.doc','GET','N;','','<p>\r\n	文档下载地址 <span style=\"color:#222222;font-family:\'Microsoft Yahei\', \'Helvetica Neue\', Helvetica, Arial, sans-serif;font-size:16px;line-height:23.94px;background-color:#FFFFFF;\"><a href=\"http://tongdui.hulianwangdai.com/Static/baidu.doc\" target=\"_blank\">http://tongdui.hulianwangdai.com/Static/baidu.doc</a></span>\r\n</p>\r\n<p>\r\n	<span style=\"color:#222222;font-family:\'Microsoft Yahei\', \'Helvetica Neue\', Helvetica, Arial, sans-serif;font-size:16px;line-height:23.94px;background-color:#FFFFFF;\"><span style=\"color:#222222;font-family:\'Microsoft Yahei\', \'Helvetica Neue\', Helvetica, Arial, sans-serif;font-size:16px;line-height:23.94px;background-color:#FFFFFF;\">访问应用（AK）</span>：NzUTqGjLRklkYMwC4yYmaKnakeoMXfeT<br />\r\n</span>\r\n</p>',5),(25,'店铺主页','http://tongdui.hulianwangdai.com/Mobile/Store/home','GET','a:1:{i:0;a:5:{s:6:\"p_name\";s:8:\"store_id\";s:6:\"p_type\";s:3:\"int\";s:6:\"p_must\";s:1:\"Y\";s:9:\"p_default\";s:0:\"\";s:6:\"p_desc\";s:8:\"店铺id\";}}','','',5),(26,'收藏店铺/取消收藏','http://tongdui.hulianwangdai.com/Mobile/Collect/set','GET','N;','','<p>\r\n	请查看：商品相关》》》》收藏商品/取消收藏，修改type为2即可\r\n</p>',5),(27,'加入购物车','http://tongdui.hulianwangdai.com/Mobile/Cart/add','POST','a:5:{i:0;a:5:{s:6:\"p_name\";s:5:\"token\";s:6:\"p_type\";s:6:\"string\";s:6:\"p_must\";s:1:\"Y\";s:9:\"p_default\";s:0:\"\";s:6:\"p_desc\";s:6:\"令牌\";}i:1;a:5:{s:6:\"p_name\";s:8:\"goods_id\";s:6:\"p_type\";s:3:\"int\";s:6:\"p_must\";s:1:\"Y\";s:9:\"p_default\";s:0:\"\";s:6:\"p_desc\";s:8:\"商品id\";}i:2;a:5:{s:6:\"p_name\";s:6:\"prosum\";s:6:\"p_type\";s:3:\"int\";s:6:\"p_must\";s:1:\"N\";s:9:\"p_default\";s:1:\"1\";s:6:\"p_desc\";s:12:\"购买数量\";}i:3;a:5:{s:6:\"p_name\";s:10:\"atv_id_str\";s:6:\"p_type\";s:6:\"string\";s:6:\"p_must\";s:1:\"N\";s:9:\"p_default\";s:0:\"\";s:6:\"p_desc\";s:32:\"spec_value 商品详情中获取\";}i:4;a:5:{s:6:\"p_name\";s:7:\"spec_id\";s:6:\"p_type\";s:3:\"int\";s:6:\"p_must\";s:1:\"N\";s:9:\"p_default\";s:0:\"\";s:6:\"p_desc\";s:8:\"规格id\";}}','{\r\n  &quot;data&quot;: {},\r\n  &quot;info&quot;: &quot;操作成功&quot;,\r\n  &quot;status&quot;: &quot;^~^&quot;\r\n}','',6),(28,'更新购物车','http://tongdui.hulianwangdai.com/Mobile/Cart/update','POST','a:3:{i:0;a:5:{s:6:\"p_name\";s:7:\"cart_id\";s:6:\"p_type\";s:6:\"string\";s:6:\"p_must\";s:1:\"Y\";s:9:\"p_default\";s:0:\"\";s:6:\"p_desc\";s:50:\"购物车id，多个用半角逗号分隔（1,2）\";}i:1;a:5:{s:6:\"p_name\";s:6:\"prosum\";s:6:\"p_type\";s:6:\"string\";s:6:\"p_must\";s:1:\"Y\";s:9:\"p_default\";s:0:\"\";s:6:\"p_desc\";s:80:\"数量，多个用半角逗号分隔（1,2），和购物车id保持顺序一致\";}i:2;a:5:{s:6:\"p_name\";s:5:\"token\";s:6:\"p_type\";s:6:\"string\";s:6:\"p_must\";s:1:\"Y\";s:9:\"p_default\";s:0:\"\";s:6:\"p_desc\";s:6:\"令牌\";}}','','',6),(29,'从购物车中删除','http://tongdui.hulianwangdai.com/Mobile/Cart/del','POST','a:2:{i:0;a:5:{s:6:\"p_name\";s:5:\"token\";s:6:\"p_type\";s:6:\"string\";s:6:\"p_must\";s:1:\"Y\";s:9:\"p_default\";s:0:\"\";s:6:\"p_desc\";s:6:\"令牌\";}i:1;a:5:{s:6:\"p_name\";s:7:\"cart_id\";s:6:\"p_type\";s:6:\"string\";s:6:\"p_must\";s:1:\"Y\";s:9:\"p_default\";s:0:\"\";s:6:\"p_desc\";s:53:\"购物车id，多个请用半角逗号分隔（1,2）\";}}','','',6),(30,'[查看][结算]购物车','http://tongdui.hulianwangdai.com/Mobile/Cart/info','GET','a:2:{i:0;a:5:{s:6:\"p_name\";s:5:\"token\";s:6:\"p_type\";s:6:\"string\";s:6:\"p_must\";s:1:\"Y\";s:9:\"p_default\";s:0:\"\";s:6:\"p_desc\";s:6:\"令牌\";}i:1;a:5:{s:6:\"p_name\";s:7:\"cart_id\";s:6:\"p_type\";s:6:\"string\";s:6:\"p_must\";s:1:\"Y\";s:9:\"p_default\";s:0:\"\";s:6:\"p_desc\";s:27:\"多个用半角逗号分隔\";}}','{\r\n  &quot;data&quot;: {\r\n    &quot;total&quot;: 1000,\r\n    &quot;store&quot;: [\r\n      {\r\n        &quot;store_id&quot;: &quot;1&quot;,\r\n        &quot;store_name&quot;: &quot;HELLO旗舰店1&quot;,\r\n        &quot;goods_list&quot;: [\r\n          {\r\n            &quot;cart_id&quot;: &quot;14708990120000&quot;,\r\n            &quot;uid&quot;: &quot;262&quot;,\r\n            &quot;session_id&quot;: &quot;&quot;,\r\n            &quot;goods_id&quot;: &quot;1&quot;,\r\n            &quot;goods_name&quot;: &quot;Hersheson赫嫀2016印花复古大码女装棉麻T恤+中裙连衣裙两件套连衣裙H5011(花衣白裙 XL码)&quot;,\r\n            &quot;prosum&quot;: &quot;1&quot;,\r\n            &quot;atv_id_str&quot;: &quot;&quot;,\r\n            &quot;price&quot;: &quot;1000.00&quot;,\r\n            &quot;market_price&quot;: &quot;0.00&quot;,\r\n            &quot;gift&quot;: &quot;0&quot;,\r\n            &quot;store_id&quot;: &quot;1&quot;,\r\n            &quot;goods_img&quot;: &quot;Mall/Seller/0/Goods/Thumb/s_215465773629e13c5a.jpg&quot;,\r\n            &quot;store_name&quot;: &quot;HELLO旗舰店1&quot;,\r\n            &quot;extend&quot;: [],\r\n            &quot;extend_str&quot;: &quot;a:0:{}&quot;\r\n          }\r\n        ]\r\n      }\r\n    ]\r\n  },\r\n  &quot;info&quot;: &quot;操作成功&quot;,\r\n  &quot;status&quot;: &quot;^~^&quot;\r\n}','<p>\r\n	结算是在查看的基础上，多了选择收获地址和支付方式，同时还要根据收货地址计算运费。\r\n</p>\r\n<p>\r\n	顺序是，先查看（在此期间可以对购物车进行编辑），完活以后，点击结算按钮还是同样的数据，可以请求接口获取信息，也可以在本地获取信息，个人建议后者。最后就是提交订单了，提交订单就去看提交订单的接口就行了\r\n</p>',6),(31,'提交订单','http://tongdui.hulianwangdai.com/Mobile/Order/create','POST','a:10:{i:0;a:5:{s:6:\"p_name\";s:5:\"token\";s:6:\"p_type\";s:6:\"string\";s:6:\"p_must\";s:1:\"Y\";s:9:\"p_default\";s:0:\"\";s:6:\"p_desc\";s:6:\"令牌\";}i:1;a:5:{s:6:\"p_name\";s:10:\"address_id\";s:6:\"p_type\";s:3:\"int\";s:6:\"p_must\";s:1:\"Y\";s:9:\"p_default\";s:0:\"\";s:6:\"p_desc\";s:14:\"收货地址id\";}i:2;a:5:{s:6:\"p_name\";s:6:\"pay_id\";s:6:\"p_type\";s:3:\"int\";s:6:\"p_must\";s:1:\"Y\";s:9:\"p_default\";s:0:\"\";s:6:\"p_desc\";s:14:\"支付方式id\";}i:3;a:5:{s:6:\"p_name\";s:7:\"cart_id\";s:6:\"p_type\";s:6:\"string\";s:6:\"p_must\";s:1:\"N\";s:9:\"p_default\";s:0:\"\";s:6:\"p_desc\";s:101:\"购物车id，多个用半角逗号隔开（1,2），从购物车中提交订单，要填写此字段\";}i:4;a:5:{s:6:\"p_name\";s:8:\"goods_id\";s:6:\"p_type\";s:3:\"int\";s:6:\"p_must\";s:1:\"N\";s:9:\"p_default\";s:0:\"\";s:6:\"p_desc\";s:77:\"商品id，cart_id不为空时忽略此字段 ,立刻购买请填写此字段\";}i:5;a:5:{s:6:\"p_name\";s:6:\"prosum\";s:6:\"p_type\";s:3:\"int\";s:6:\"p_must\";s:1:\"N\";s:9:\"p_default\";s:0:\"\";s:6:\"p_desc\";s:80:\"商品数量，cart_id不为空时忽略此字段,立刻购买请填写此字段\";}i:6;a:5:{s:6:\"p_name\";s:6:\"atv_id\";s:6:\"p_type\";s:6:\"string\";s:6:\"p_must\";s:1:\"N\";s:9:\"p_default\";s:0:\"\";s:6:\"p_desc\";s:112:\"属性id，多个用半角逗号隔开（1,2）cart_id不为空时忽略此字段,立刻购买请填写此字段\";}i:7;a:5:{s:6:\"p_name\";s:3:\"yjt\";s:6:\"p_type\";s:5:\"float\";s:6:\"p_must\";s:1:\"Y\";s:9:\"p_default\";s:0:\"\";s:6:\"p_desc\";s:21:\"消费多少一卷通\";}i:8;a:5:{s:6:\"p_name\";s:3:\"gwq\";s:6:\"p_type\";s:5:\"float\";s:6:\"p_must\";s:1:\"Y\";s:9:\"p_default\";s:0:\"\";s:6:\"p_desc\";s:21:\"消费多少购物券\";}i:9;a:5:{s:6:\"p_name\";s:5:\"total\";s:6:\"p_type\";s:5:\"float\";s:6:\"p_must\";s:1:\"Y\";s:9:\"p_default\";s:0:\"\";s:6:\"p_desc\";s:12:\"订单总额\";}}','{\r\n  &quot;data&quot;: {\r\n    &quot;notify_alipay&quot;: &quot;/Mobile/Notify/alipay&quot;,\r\n    &quot;notify_wxpay&quot;: &quot;/Mobile/Notify/wxpay&quot;,\r\n    &quot;notify_unionpay&quot;: &quot;/Mobile/Notify/unionpay&quot;,\r\n    &quot;notify_client&quot;: &quot;/Mobile/Notify/client&quot;,\r\n    &quot;out_trade_no&quot;: &quot;BUY_14712523270000&quot;\r\n  },\r\n  &quot;info&quot;: &quot;操作成功&quot;,\r\n  &quot;status&quot;: &quot;^~^&quot;\r\n}','',7),(32,'订单列表','http://tongdui.hulianwangdai.com/Mobile/Order/olist','GET','a:4:{i:0;a:5:{s:6:\"p_name\";s:5:\"token\";s:6:\"p_type\";s:6:\"string\";s:6:\"p_must\";s:1:\"Y\";s:9:\"p_default\";s:0:\"\";s:6:\"p_desc\";s:6:\"令牌\";}i:1;a:5:{s:6:\"p_name\";s:4:\"type\";s:6:\"p_type\";s:3:\"int\";s:6:\"p_must\";s:1:\"N\";s:9:\"p_default\";s:0:\"\";s:6:\"p_desc\";s:158:\"不传：全部，1：未付款，2：已付款未发货，3已付款、已发货、待收货，4：一手货、待评价，5：已完成，可进行追评论\";}i:2;a:5:{s:6:\"p_name\";s:3:\"num\";s:6:\"p_type\";s:3:\"int\";s:6:\"p_must\";s:1:\"N\";s:9:\"p_default\";s:2:\"10\";s:6:\"p_desc\";s:18:\"每页显示条数\";}i:3;a:5:{s:6:\"p_name\";s:1:\"p\";s:6:\"p_type\";s:3:\"int\";s:6:\"p_must\";s:1:\"N\";s:9:\"p_default\";s:1:\"1\";s:6:\"p_desc\";s:6:\"页码\";}}','{\r\n	&quot;data&quot;: {\r\n	&quot;pages&quot;: 1,\r\n	&quot;end&quot;: 1,\r\n	&quot;start&quot;: 0,\r\n	&quot;count&quot;: &quot;4&quot;,\r\n	&quot;p&quot;: 1,\r\n	&quot;list&quot;: [\r\n	{\r\n		&quot;order_sn&quot;: &quot;2016080422727&quot;,\r\n		&quot;uid&quot;: &quot;262&quot;,\r\n                &quot;is_exchange&quot;:&quot;是否是换货订单&quot;,\r\n		&quot;receipt_status&quot;: &quot;收货状态&quot;,\r\n		&quot;shipping_status&quot;: &quot;发货状态&quot;,\r\n		&quot;pay_status&quot;: &quot;支付状态&quot;,\r\n		&quot;evaluate_status&quot;: &quot;评价状态&quot;,\r\n                \'refund_status\': &quot;是否存在退货商品&quot;，（1是，0否）\r\n		&quot;consignee&quot;: &quot; 魏昭&quot;,\r\n		&quot;address&quot;: &quot;陕西省省西安市市陕西省西安市太白南路 &quot;,\r\n		&quot;mobile&quot;: &quot;13649295213&quot;,\r\n		&quot;shipping_id&quot;: &quot;1&quot;,\r\n		&quot;shipping_sn&quot;: &quot;&quot;,\r\n		&quot;freight&quot;: &quot;0.00&quot;,\r\n		&quot;pay_id&quot;: &quot;3&quot;,\r\n		&quot;postscript&quot;: null,\r\n		&quot;order_time&quot;: &quot;1470310217&quot;,\r\n		&quot;best_time&quot;: null,\r\n		&quot;order_type&quot;: &quot;1&quot;,\r\n		&quot;order_ip&quot;: &quot;183.161.57.120&quot;,\r\n		&quot;store_id&quot;: &quot;1&quot;,\r\n		&quot;cash&quot;: &quot;0.00&quot;,\r\n		&quot;integral&quot;: &quot;0&quot;,\r\n		&quot;total&quot;: &quot;680.00&quot;,\r\n		&quot;settlement_status&quot;: &quot;0&quot;,\r\n		&quot;pay_account&quot;: &quot;18297705121&quot;,\r\n		&quot;pay_img&quot;: &quot;57a32749f2c72.png&quot;,\r\n		&quot;order_goods&quot;: [\r\n		{\r\n			&quot;order_sn&quot;: &quot;2016080422727&quot;,\r\n			&quot;goods_id&quot;: &quot;49&quot;,\r\n			&quot;goods_name&quot;: &quot;3D纯棉四件套&quot;,\r\n			&quot;goods_img&quot;: &quot;57956bba83989.jpg&quot;,\r\n			&quot;prosum&quot;: &quot;1&quot;,\r\n			&quot;price&quot;: &quot;680.00&quot;,\r\n			&quot;is_evaluation&quot;: &quot;0&quot;,\r\n			&quot;extend&quot;: &quot;N;&quot;，\r\n                        &quot;is_refund&quot; : &quot;0&quot;（是否申请退货1是0否）\r\n		}\r\n		],\r\n		&quot;store&quot;: {\r\n		&quot;store_id&quot;: &quot;1&quot;,\r\n		&quot;store_name&quot;: &quot;HELLO旗舰店1&quot;\r\n		}\r\n	},\r\n	]\r\n},\r\n&quot;info&quot;: &quot;操作成功&quot;,\r\n&quot;status&quot;: &quot;^~^&quot;\r\n}','',7),(33,'删除订单','http://tongdui.hulianwangdai.com/Mobile/Order/delete','POST','a:2:{i:0;a:5:{s:6:\"p_name\";s:5:\"token\";s:6:\"p_type\";s:6:\"string\";s:6:\"p_must\";s:1:\"Y\";s:9:\"p_default\";s:0:\"\";s:6:\"p_desc\";s:6:\"令牌\";}i:1;a:5:{s:6:\"p_name\";s:8:\"order_sn\";s:6:\"p_type\";s:6:\"string\";s:6:\"p_must\";s:1:\"Y\";s:9:\"p_default\";s:0:\"\";s:6:\"p_desc\";s:12:\"订单编号\";}}','','',7),(34,'确认收货','http://tongdui.hulianwangdai.com/Mobile/Order/confirm','POST','a:2:{i:0;a:5:{s:6:\"p_name\";s:5:\"token\";s:6:\"p_type\";s:6:\"string\";s:6:\"p_must\";s:1:\"Y\";s:9:\"p_default\";s:0:\"\";s:6:\"p_desc\";s:6:\"令牌\";}i:1;a:5:{s:6:\"p_name\";s:8:\"order_sn\";s:6:\"p_type\";s:6:\"string\";s:6:\"p_must\";s:1:\"Y\";s:9:\"p_default\";s:0:\"\";s:6:\"p_desc\";s:9:\"订单号\";}}','','',7),(35,'评价列表','http://tongdui.hulianwangdai.com/Mobile/Evaluate/elist','GET','a:3:{i:0;a:5:{s:6:\"p_name\";s:8:\"goods_id\";s:6:\"p_type\";s:3:\"int\";s:6:\"p_must\";s:1:\"Y\";s:9:\"p_default\";s:0:\"\";s:6:\"p_desc\";s:8:\"商品id\";}i:1;a:5:{s:6:\"p_name\";s:3:\"num\";s:6:\"p_type\";s:3:\"int\";s:6:\"p_must\";s:1:\"N\";s:9:\"p_default\";s:2:\"10\";s:6:\"p_desc\";s:21:\"每页显示记录数\";}i:2;a:5:{s:6:\"p_name\";s:1:\"p\";s:6:\"p_type\";s:3:\"int\";s:6:\"p_must\";s:1:\"N\";s:9:\"p_default\";s:1:\"1\";s:6:\"p_desc\";s:9:\"当前页\";}}','{\r\n  &quot;data&quot;: {\r\n    &quot;pages&quot;: &quot;总页数&quot;,\r\n    &quot;end&quot;: &quot;当值为1时表示最后一页&quot;,\r\n    &quot;start&quot;: &quot;开始记录数&quot;,\r\n    &quot;count&quot;: &quot;总计路数&quot;,\r\n    &quot;p&quot;: &quot;当前页&quot;,\r\n    &quot;list&quot;: [\r\n      {\r\n        &quot;score&quot;: &quot;评分&quot;,\r\n        &quot;content&quot;: &quot;评论内容&quot;,\r\n        &quot;anonymous&quot;: &quot;当值为1时为匿名评价&quot;,\r\n        &quot;uid&quot;: &quot;用户id&quot;,\r\n        &quot;username&quot;: &quot;用户名&quot;,\r\n        &quot;is_add&quot;: &quot;当值为1时为追平&quot;,\r\n        &quot;image&quot;: &quot;以半角逗号分隔多个图片名称，请自行处理，图片的拼接格式为：http://+域名+/Uploads/Member/+图片名称&quot;\r\n      }\r\n    ]\r\n  },\r\n  &quot;info&quot;: &quot;操作成功&quot;,\r\n  &quot;status&quot;: &quot;^~^&quot;\r\n}','',8),(36,'添加评价','http://tongdui.hulianwangdai.com/Mobile/Evaluate/add','POST','a:12:{i:0;a:5:{s:6:\"p_name\";s:5:\"token\";s:6:\"p_type\";s:6:\"string\";s:6:\"p_must\";s:1:\"Y\";s:9:\"p_default\";s:0:\"\";s:6:\"p_desc\";s:6:\"令牌\";}i:1;a:5:{s:6:\"p_name\";s:9:\"anonymous\";s:6:\"p_type\";s:3:\"int\";s:6:\"p_must\";s:1:\"N\";s:9:\"p_default\";s:0:\"\";s:6:\"p_desc\";s:23:\"实名为0，匿名为1\";}i:2;a:5:{s:6:\"p_name\";s:8:\"order_sn\";s:6:\"p_type\";s:6:\"string\";s:6:\"p_must\";s:1:\"Y\";s:9:\"p_default\";s:0:\"\";s:6:\"p_desc\";s:9:\"订单号\";}i:3;a:5:{s:6:\"p_name\";s:8:\"store_id\";s:6:\"p_type\";s:3:\"int\";s:6:\"p_must\";s:1:\"Y\";s:9:\"p_default\";s:0:\"\";s:6:\"p_desc\";s:8:\"店铺id\";}i:4;a:5:{s:6:\"p_name\";s:10:\"desccredit\";s:6:\"p_type\";s:3:\"int\";s:6:\"p_must\";s:1:\"Y\";s:9:\"p_default\";s:0:\"\";s:6:\"p_desc\";s:53:\"描述相符评分1-5， is_add为1时忽略此字段\";}i:5;a:5:{s:6:\"p_name\";s:13:\"servicecredit\";s:6:\"p_type\";s:3:\"int\";s:6:\"p_must\";s:1:\"Y\";s:9:\"p_default\";s:0:\"\";s:6:\"p_desc\";s:53:\"服务态度评分1-5， is_add为1时忽略此字段\";}i:6;a:5:{s:6:\"p_name\";s:14:\"deliverycredit\";s:6:\"p_type\";s:3:\"int\";s:6:\"p_must\";s:1:\"Y\";s:9:\"p_default\";s:0:\"\";s:6:\"p_desc\";s:53:\"发货速度评分1-5， is_add为1时忽略此字段\";}i:7;a:5:{s:6:\"p_name\";s:6:\"is_add\";s:6:\"p_type\";s:3:\"int\";s:6:\"p_must\";s:1:\"Y\";s:9:\"p_default\";s:0:\"\";s:6:\"p_desc\";s:23:\"首评为0，追评为1\";}i:8;a:5:{s:6:\"p_name\";s:8:\"goods_id\";s:6:\"p_type\";s:5:\"array\";s:6:\"p_must\";s:1:\"Y\";s:9:\"p_default\";s:0:\"\";s:6:\"p_desc\";s:8:\"商品id\";}i:9;a:5:{s:6:\"p_name\";s:5:\"score\";s:6:\"p_type\";s:5:\"array\";s:6:\"p_must\";s:1:\"Y\";s:9:\"p_default\";s:0:\"\";s:6:\"p_desc\";s:15:\"商品评分1-5\";}i:10;a:5:{s:6:\"p_name\";s:7:\"content\";s:6:\"p_type\";s:5:\"array\";s:6:\"p_must\";s:1:\"Y\";s:9:\"p_default\";s:0:\"\";s:6:\"p_desc\";s:41:\"评论内容 传送前进行URL Encode，\";}i:11;a:5:{s:6:\"p_name\";s:12:\"文件对象\";s:6:\"p_type\";s:6:\"object\";s:6:\"p_must\";s:1:\"N\";s:9:\"p_default\";s:0:\"\";s:6:\"p_desc\";s:31:\"命名方式为img_+goods_id+[]\";}}','','',8),(37,'物流追踪（webview）','http://tongdui.hulianwangdai.com/Mobile/Order/track','GET','a:3:{i:0;a:5:{s:6:\"p_name\";s:5:\"token\";s:6:\"p_type\";s:6:\"string\";s:6:\"p_must\";s:1:\"Y\";s:9:\"p_default\";s:0:\"\";s:6:\"p_desc\";s:6:\"令牌\";}i:1;a:5:{s:6:\"p_name\";s:11:\"shipping_id\";s:6:\"p_type\";s:3:\"int\";s:6:\"p_must\";s:1:\"Y\";s:9:\"p_default\";s:0:\"\";s:6:\"p_desc\";s:14:\"配送方式id\";}i:2;a:5:{s:6:\"p_name\";s:11:\"shipping_sn\";s:6:\"p_type\";s:6:\"string\";s:6:\"p_must\";s:1:\"Y\";s:9:\"p_default\";s:0:\"\";s:6:\"p_desc\";s:12:\"运单编号\";}}','','<p>\r\n	测试地址\r\n</p>\r\n<p>\r\n	&nbsp; <a href=\"http://tongdui.hulianwangdai.com/Mobile/Order/track/token/a8fad5fbe234736925095984777fba2f/shipping_sn/666684332901/shipping_id/10\" target=\"_blank\">http://tongdui.hulianwangdai.com/Mobile/Order/track/token/a8fad5fbe234736925095984777fba2f/shipping_sn/666684332901/shipping_id/10</a>\r\n</p>',7),(38,'账户信息','http://tongdui.hulianwangdai.com/Mobile/Account/info','GET','a:1:{i:0;a:5:{s:6:\"p_name\";s:5:\"token\";s:6:\"p_type\";s:6:\"string\";s:6:\"p_must\";s:1:\"Y\";s:9:\"p_default\";s:0:\"\";s:6:\"p_desc\";s:6:\"令牌\";}}','{\r\n  &quot;data&quot;: {\r\n    &quot;uid&quot;: &quot;用户id&quot;,\r\n    &quot;yjt_fee&quot;: &quot;一卷通总额（包括赠送的一卷通）&quot;,\r\n    &quot;yjt_give&quot;: &quot;赠送的一卷通&quot;,\r\n    &quot;gwq_fee&quot;: &quot;购物券&quot;,\r\n    &quot;bdb_fee&quot;: &quot;报单币&quot;,\r\n    &quot;dzb_fee&quot;: &quot;电子币&quot;,\r\n    &quot;zcb_fee&quot;: &quot;资产包&quot;,\r\n    &quot;jf_sum&quot;: &quot;积分总和（可用积分+冻结积分）&quot;,\r\n    &quot;jf_fee&quot;: &quot;可用积分&quot;,\r\n    &quot;jf_feeze&quot;: &quot;冻结积分&quot;\r\n  },\r\n  &quot;info&quot;: &quot;操作成功&quot;,\r\n  &quot;status&quot;: &quot;^~^&quot;\r\n}','',9),(39,'支付方式列表','http://tongdui.hulianwangdai.com/Mobile/Pay/plist','GET','a:1:{i:0;a:5:{s:6:\"p_name\";s:5:\"token\";s:6:\"p_type\";s:6:\"string\";s:6:\"p_must\";s:1:\"Y\";s:9:\"p_default\";s:0:\"\";s:6:\"p_desc\";s:6:\"令牌\";}}','{\r\n  &quot;data&quot;: [\r\n    {\r\n      &quot;pay_id&quot;: &quot;1&quot;,\r\n      &quot;pay_code&quot;: &quot;alipay&quot;,\r\n      &quot;pay_name&quot;: &quot;支付宝&quot;\r\n    },\r\n    {\r\n      &quot;pay_id&quot;: &quot;2&quot;,\r\n      &quot;pay_code&quot;: &quot;wxpay&quot;,\r\n      &quot;pay_name&quot;: &quot;微信支付&quot;\r\n    },\r\n    {\r\n      &quot;pay_id&quot;: &quot;3&quot;,\r\n      &quot;pay_code&quot;: &quot;unionpay&quot;,\r\n      &quot;pay_name&quot;: &quot;银联支付&quot;\r\n    }\r\n  ],\r\n  &quot;info&quot;: &quot;操作成功&quot;,\r\n  &quot;status&quot;: &quot;^~^&quot;\r\n}','',10),(40,'配置信息','http://tongdui.hulianwangdai.com/Mobile/Pay/config','GET','a:2:{i:0;a:5:{s:6:\"p_name\";s:5:\"token\";s:6:\"p_type\";s:6:\"string\";s:6:\"p_must\";s:1:\"Y\";s:9:\"p_default\";s:0:\"\";s:6:\"p_desc\";s:6:\"令牌\";}i:1;a:5:{s:6:\"p_name\";s:8:\"pay_code\";s:6:\"p_type\";s:6:\"string\";s:6:\"p_must\";s:1:\"N\";s:9:\"p_default\";s:0:\"\";s:6:\"p_desc\";s:73:\"默认为空，返回全部，目前支持（alipay，wxpay，unionpay）\";}}','','',10),(41,'订单详情','http://tongdui.hulianwangdai.com/Mobile/Order/info','GET','a:2:{i:0;a:5:{s:6:\"p_name\";s:5:\"token\";s:6:\"p_type\";s:6:\"string\";s:6:\"p_must\";s:1:\"Y\";s:9:\"p_default\";s:0:\"\";s:6:\"p_desc\";s:6:\"令牌\";}i:1;a:5:{s:6:\"p_name\";s:8:\"order_sn\";s:6:\"p_type\";s:6:\"string\";s:6:\"p_must\";s:1:\"Y\";s:9:\"p_default\";s:0:\"\";s:6:\"p_desc\";s:9:\"订单号\";}}','{\r\n  &quot;data&quot;: {\r\n    &quot;order_sn&quot;: &quot;订单号&quot;,\r\n    &quot;uid&quot;: &quot;用户id&quot;,\r\n    &quot;is_exchange&quot;:&quot;是否是换货订单&quot;,\r\n    &quot;receipt_status&quot;: &quot;收货状态&quot;,\r\n    &quot;shipping_status&quot;: &quot;发货状态&quot;,\r\n    &quot;pay_status&quot;: &quot;支付状态&quot;,\r\n    \'refund_status\': &quot;是否存在退货商品&quot;，（1是，0否）\r\n    &quot;evaluate_status&quot;: &quot;评价状态&quot;,\r\n    &quot;consignee&quot;: &quot; 联系人&quot;,\r\n    &quot;address&quot;: &quot;陕西省省西安市市陕西省西安市太白南路 &quot;,\r\n    &quot;mobile&quot;: &quot;电话&quot;,\r\n    &quot;shipping_id&quot;: &quot;配送方式id&quot;,\r\n    &quot;shipping_sn&quot;: &quot;物流编号&quot;,\r\n    &quot;freight&quot;: &quot;运费&quot;,\r\n    &quot;pay_id&quot;: &quot;支付方式id&quot;,\r\n    &quot;postscript&quot;: &quot;备注&quot;,\r\n    &quot;order_time&quot;: &quot;下单时间&quot;,\r\n    &quot;pay_time&quot;: &quot;支付时间&quot;,\r\n    &quot;send_time&quot;: &quot;发货时间&quot;,\r\n    &quot;confirm_time&quot;: &quot;成交时间&quot;,\r\n    &quot;order_ip&quot;: &quot;183.161.57.120&quot;,\r\n    &quot;store_id&quot;: &quot;店铺id&quot;,\r\n    &quot;cash&quot;: &quot;0.00&quot;,\r\n    &quot;integral&quot;: &quot;0&quot;,\r\n    &quot;total&quot;: &quot;支付总额&quot;,\r\n    &quot;settlement_status&quot;: &quot;结算状态&quot;,\r\n    &quot;order_goods&quot;: [\r\n      {\r\n        &quot;order_sn&quot;: &quot;2016080422727&quot;,\r\n        &quot;goods_id&quot;: &quot;49&quot;,\r\n        &quot;goods_name&quot;: &quot;3D纯棉四件套&quot;,\r\n        &quot;goods_img&quot;: &quot;57956bba83989.jpg&quot;,\r\n        &quot;prosum&quot;: &quot;1&quot;,\r\n        &quot;price&quot;: &quot;680.00&quot;,\r\n        &quot;is_evaluation&quot;: &quot;0&quot;,\r\n        &quot;extend&quot;: &quot;N;&quot;，\r\n        &quot;is_refund&quot; : &quot;0&quot;（是否申请退货1是0否）\r\n      },\r\n      {\r\n        &quot;order_sn&quot;: &quot;2016080422727&quot;,\r\n        &quot;goods_id&quot;: &quot;49&quot;,\r\n        &quot;goods_name&quot;: &quot;3D纯棉四件套&quot;,\r\n        &quot;goods_img&quot;: &quot;57956bba83989.jpg&quot;,\r\n        &quot;prosum&quot;: &quot;1&quot;,\r\n        &quot;price&quot;: &quot;680.00&quot;,\r\n        &quot;is_evaluation&quot;: &quot;0&quot;,\r\n        &quot;extend&quot;: &quot;N;&quot;，\r\n        &quot;is_refund&quot; : &quot;0&quot;（是否申请退货1是0否）\r\n      },\r\n      {\r\n        &quot;order_sn&quot;: &quot;2016080422727&quot;,\r\n        &quot;goods_id&quot;: &quot;49&quot;,\r\n        &quot;goods_name&quot;: &quot;3D纯棉四件套&quot;,\r\n        &quot;goods_img&quot;: &quot;57956bba83989.jpg&quot;,\r\n        &quot;prosum&quot;: &quot;1&quot;,\r\n        &quot;price&quot;: &quot;680.00&quot;,\r\n        &quot;is_evaluation&quot;: &quot;0&quot;,\r\n        &quot;extend&quot;: &quot;N;&quot;，\r\n        &quot;is_refund&quot; : &quot;0&quot;（是否申请退货1是0否）\r\n      }\r\n    ],\r\n    &quot;store&quot;: {\r\n      &quot;store_id&quot;: &quot;1&quot;,\r\n      &quot;store_name&quot;: &quot;HELLO旗舰店1&quot;\r\n    }\r\n  },\r\n  &quot;info&quot;: &quot;操作成功&quot;,\r\n  &quot;status&quot;: &quot;^~^&quot;\r\n}','',7),(42,'账户详情','http://tongdui.hulianwangdai.com/Mobile/Account/info','GET','a:2:{i:0;a:5:{s:6:\"p_name\";s:5:\"token\";s:6:\"p_type\";s:6:\"string\";s:6:\"p_must\";s:1:\"Y\";s:9:\"p_default\";s:0:\"\";s:6:\"p_desc\";s:6:\"令牌\";}i:1;a:5:{s:6:\"p_name\";s:5:\"field\";s:6:\"p_type\";s:6:\"string\";s:6:\"p_must\";s:1:\"N\";s:9:\"p_default\";s:0:\"\";s:6:\"p_desc\";s:166:\"想要获取的字段，多个请用半角逗号分隔（yjt_fee,yjt_give,gwq_fee,bdb_fee,dzb_fee,zcb_fee,zcb_fee,jf_sum,jf_fee,jf_feeze），取全部忽略此字段\";}}','{\r\n  &quot;data&quot;: {\r\n    &quot;uid&quot;: &quot;用户id&quot;,\r\n    &quot;yjt_fee&quot;: &quot;一卷通总额（包括赠送的一卷通）（float）&quot;,\r\n    &quot;yjt_give&quot;: &quot;赠送的一卷通（float）&quot;,\r\n    &quot;yjt_feeze&quot;: &quot;冻结的一卷通（float）&quot;,\r\n    &quot;gwq_fee&quot;: &quot;购物券（float）&quot;,\r\n    &quot;bdb_fee&quot;: &quot;报单币（float）&quot;,\r\n    &quot;dzb_fee&quot;: &quot;电子币（float）&quot;,\r\n    &quot;zcb_fee&quot;: &quot;资产包（float）&quot;,\r\n    &quot;jf_sum&quot;: &quot;积分总额（float）&quot;,\r\n    &quot;jf_fee&quot;: &quot;可用积分（float）&quot;,\r\n    &quot;jf_feeze&quot;: &quot;冻结积分（float）&quot;\r\n  },\r\n  &quot;info&quot;: &quot;操作成功&quot;,\r\n  &quot;status&quot;: &quot;^~^&quot;\r\n}','',2),(43,'升级详情','http://tongdui.hulianwangdai.com/Mobile/Upgrade/info','GET','a:1:{i:0;a:5:{s:6:\"p_name\";s:5:\"token\";s:6:\"p_type\";s:6:\"string\";s:6:\"p_must\";s:1:\"Y\";s:9:\"p_default\";s:0:\"\";s:6:\"p_desc\";s:6:\"令牌\";}}','','<p>\r\n	很麻烦，到时候问我\r\n</p>\r\n<p>\r\n	upgrade 特别重要\r\n</p>',2),(44,'二维码','http://tongdui.hulianwangdai.com/Mobile/Public/qrcode','GET','a:2:{i:0;a:5:{s:6:\"p_name\";s:4:\"data\";s:6:\"p_type\";s:4:\"data\";s:6:\"p_must\";s:1:\"Y\";s:9:\"p_default\";s:0:\"\";s:6:\"p_desc\";s:24:\"生成二维码的数据\";}i:1;a:5:{s:6:\"p_name\";s:4:\"size\";s:6:\"p_type\";s:3:\"int\";s:6:\"p_must\";s:1:\"N\";s:9:\"p_default\";s:2:\"10\";s:6:\"p_desc\";s:15:\"二维码尺寸\";}}','二维码图片','该接口支持post 和 get，根据自己的需要使用',1),(45,'推广码','http://tongdui.hulianwangdai.com/Mobile/Member/promoCode','GET','a:2:{i:0;a:5:{s:6:\"p_name\";s:5:\"token\";s:6:\"p_type\";s:6:\"string\";s:6:\"p_must\";s:1:\"Y\";s:9:\"p_default\";s:0:\"\";s:6:\"p_desc\";s:6:\"令牌\";}i:1;a:5:{s:6:\"p_name\";s:8:\"position\";s:6:\"p_type\";s:6:\"string\";s:6:\"p_must\";s:1:\"N\";s:9:\"p_default\";s:4:\"left\";s:6:\"p_desc\";s:28:\"位置 传 left 或者 right\";}}','二维码图片','<p>\r\n	APP中扫描二维码 ，跳到注册页面，添加的注册信息当中一并提交\r\n</p>',2),(46,'短信验证码','http://tongdui.hulianwangdai.com/Mobile/Public/sendCode','GET','a:4:{i:0;a:5:{s:6:\"p_name\";s:6:\"mobile\";s:6:\"p_type\";s:6:\"string\";s:6:\"p_must\";s:1:\"Y\";s:9:\"p_default\";s:0:\"\";s:6:\"p_desc\";s:12:\"手机号码\";}i:1;a:5:{s:6:\"p_name\";s:4:\"sign\";s:6:\"p_type\";s:6:\"string\";s:6:\"p_must\";s:1:\"Y\";s:9:\"p_default\";s:0:\"\";s:6:\"p_desc\";s:71:\"签名格式：0fc0284f447fe8802b0f6db0ae3fad19拼接mobile，然后md5\";}i:2;a:5:{s:6:\"p_name\";s:11:\"verify_code\";s:6:\"p_type\";s:6:\"string\";s:6:\"p_must\";s:1:\"Y\";s:9:\"p_default\";s:0:\"\";s:6:\"p_desc\";s:15:\"系统验证码\";}i:3;a:5:{s:6:\"p_name\";s:4:\"skip\";s:6:\"p_type\";s:3:\"int\";s:6:\"p_must\";s:1:\"Y\";s:9:\"p_default\";s:0:\"\";s:6:\"p_desc\";s:28:\"跳过系统验证码，传1\";}}','','',1),(47,'申请代理商','http://tongdui.hulianwangdai.com/Mobile/Member/applyAgent','POST','a:7:{i:0;a:5:{s:6:\"p_name\";s:5:\"token\";s:6:\"p_type\";s:6:\"string\";s:6:\"p_must\";s:1:\"Y\";s:9:\"p_default\";s:0:\"\";s:6:\"p_desc\";s:6:\"令牌\";}i:1;a:5:{s:6:\"p_name\";s:11:\"apply_level\";s:6:\"p_type\";s:3:\"int\";s:6:\"p_must\";s:1:\"Y\";s:9:\"p_default\";s:0:\"\";s:6:\"p_desc\";s:55:\"申请等级： 1=》县级，2=》市级，3=》省级\";}i:2;a:5:{s:6:\"p_name\";s:14:\"agent_province\";s:6:\"p_type\";s:3:\"int\";s:6:\"p_must\";s:1:\"Y\";s:9:\"p_default\";s:0:\"\";s:6:\"p_desc\";s:8:\"省份id\";}i:3;a:5:{s:6:\"p_name\";s:10:\"agent_city\";s:6:\"p_type\";s:3:\"int\";s:6:\"p_must\";s:1:\"Y\";s:9:\"p_default\";s:0:\"\";s:6:\"p_desc\";s:5:\"市id\";}i:4;a:5:{s:6:\"p_name\";s:14:\"agent_district\";s:6:\"p_type\";s:3:\"int\";s:6:\"p_must\";s:1:\"Y\";s:9:\"p_default\";s:0:\"\";s:6:\"p_desc\";s:9:\"区/县id\";}i:5;a:5:{s:6:\"p_name\";s:7:\"address\";s:6:\"p_type\";s:6:\"string\";s:6:\"p_must\";s:1:\"Y\";s:9:\"p_default\";s:0:\"\";s:6:\"p_desc\";s:255:\"联系地址：完整的地址，（山东省济南市天桥区）括号中的东西用户不需要输入由上面三个组成，传的时候拼接用户输入的内容作为详细地址。用户输入的内容：历山北路西杨家园10号楼5单元101\";}i:6;a:5:{s:6:\"p_name\";s:6:\"mobile\";s:6:\"p_type\";s:6:\"string\";s:6:\"p_must\";s:1:\"N\";s:9:\"p_default\";s:0:\"\";s:6:\"p_desc\";s:12:\"联系电话\";}}','','<p>\r\n	告诉申请人&nbsp;&nbsp;&nbsp;&nbsp; “申请成功，请等待工作人员与您联系”\r\n</p>\r\n<p>\r\n	当手机号出现问题时，弹窗 有两个按钮 1：绑定手机号 ，2：暂不绑定====》关闭弹窗，用户需要手动填写手机号，用户如果人心不填写，将停止不前\r\n</p>',2),(48,'实名认证','http://tongdui.hulianwangdai.com/Mobile/Member/certification','POST','a:6:{i:0;a:5:{s:6:\"p_name\";s:5:\"token\";s:6:\"p_type\";s:6:\"string\";s:6:\"p_must\";s:1:\"Y\";s:9:\"p_default\";s:0:\"\";s:6:\"p_desc\";s:6:\"令牌\";}i:1;a:5:{s:6:\"p_name\";s:9:\"real_name\";s:6:\"p_type\";s:6:\"string\";s:6:\"p_must\";s:1:\"Y\";s:9:\"p_default\";s:0:\"\";s:6:\"p_desc\";s:12:\"真实姓名\";}i:2;a:5:{s:6:\"p_name\";s:7:\"card_id\";s:6:\"p_type\";s:6:\"string\";s:6:\"p_must\";s:1:\"Y\";s:9:\"p_default\";s:0:\"\";s:6:\"p_desc\";s:12:\"身份证号\";}i:3;a:5:{s:6:\"p_name\";s:9:\"residence\";s:6:\"p_type\";s:6:\"string\";s:6:\"p_must\";s:1:\"Y\";s:9:\"p_default\";s:0:\"\";s:6:\"p_desc\";s:15:\"户籍所在地\";}i:4;a:5:{s:6:\"p_name\";s:10:\"card_img_1\";s:6:\"p_type\";s:4:\"file\";s:6:\"p_must\";s:1:\"Y\";s:9:\"p_default\";s:0:\"\";s:6:\"p_desc\";s:15:\"身份证正面\";}i:5;a:5:{s:6:\"p_name\";s:10:\"card_img_2\";s:6:\"p_type\";s:4:\"file\";s:6:\"p_must\";s:1:\"Y\";s:9:\"p_default\";s:0:\"\";s:6:\"p_desc\";s:15:\"身份证反面\";}}','','',2),(49,'预充值','http://tongdui.hulianwangdai.com/Mobile/Account/precharge','POST','a:3:{i:0;a:5:{s:6:\"p_name\";s:5:\"token\";s:6:\"p_type\";s:6:\"string\";s:6:\"p_must\";s:1:\"Y\";s:9:\"p_default\";s:0:\"\";s:6:\"p_desc\";s:6:\"令牌\";}i:1;a:5:{s:6:\"p_name\";s:9:\"trade_fee\";s:6:\"p_type\";s:5:\"float\";s:6:\"p_must\";s:1:\"Y\";s:9:\"p_default\";s:0:\"\";s:6:\"p_desc\";s:12:\"充值数量\";}i:2;a:5:{s:6:\"p_name\";s:10:\"trade_code\";s:6:\"p_type\";s:6:\"string\";s:6:\"p_must\";s:1:\"Y\";s:9:\"p_default\";s:0:\"\";s:6:\"p_desc\";s:60:\"充值类型YJT（一卷通）或者GWQ（购物券）大写\";}}','{\r\n  &quot;data&quot;: {\r\n    &quot;notify_alipay&quot;: &quot;/Mobile/Notify/alipay&quot;,\r\n    &quot;notify_wxpay&quot;: &quot;/Mobile/Notify/wxpay&quot;,\r\n    &quot;notify_unionpay&quot;: &quot;/Mobile/Notify/unionpay&quot;,\r\n    &quot;notify_client&quot;: &quot;/Mobile/Notify/client&quot;,\r\n    &quot;out_trade_no&quot;: &quot;REC_14743639629194&quot;\r\n  },\r\n  &quot;info&quot;: &quot;操作成功&quot;,\r\n  &quot;status&quot;: &quot;^~^&quot;\r\n}','返回预充值订单号，调用支付方式付款',9),(50,'提现','http://tongdui.hulianwangdai.com/Mobile/Account/withdraw','POST','a:3:{i:0;a:5:{s:6:\"p_name\";s:5:\"token\";s:6:\"p_type\";s:6:\"string\";s:6:\"p_must\";s:1:\"Y\";s:9:\"p_default\";s:0:\"\";s:6:\"p_desc\";s:6:\"令牌\";}i:1;a:5:{s:6:\"p_name\";s:14:\"withdraw_money\";s:6:\"p_type\";s:3:\"int\";s:6:\"p_must\";s:1:\"Y\";s:9:\"p_default\";s:0:\"\";s:6:\"p_desc\";s:12:\"提现金额\";}i:2;a:5:{s:6:\"p_name\";s:13:\"withdraw_type\";s:6:\"p_type\";s:6:\"string\";s:6:\"p_must\";s:1:\"Y\";s:9:\"p_default\";s:0:\"\";s:6:\"p_desc\";s:59:\"提现类型 JF（积分） 或者 YJT（一卷通）大写\";}}','','',9),(51,'商家入驻','http://tongdui.hulianwangdai.com/Mobile/Member/join','POST','a:17:{i:0;a:5:{s:6:\"p_name\";s:5:\"token\";s:6:\"p_type\";s:6:\"string\";s:6:\"p_must\";s:1:\"Y\";s:9:\"p_default\";s:32:\"1bf446fcb3cdbafa2e9c01aa38cddaed\";s:6:\"p_desc\";s:6:\"令牌\";}i:1;a:5:{s:6:\"p_name\";s:10:\"store_name\";s:6:\"p_type\";s:6:\"string\";s:6:\"p_must\";s:1:\"Y\";s:9:\"p_default\";s:12:\"店铺名称\";s:6:\"p_desc\";s:12:\"店铺名称\";}i:2;a:5:{s:6:\"p_name\";s:12:\"company_name\";s:6:\"p_type\";s:6:\"string\";s:6:\"p_must\";s:1:\"Y\";s:9:\"p_default\";s:12:\"公司名称\";s:6:\"p_desc\";s:12:\"公司名称\";}i:3;a:5:{s:6:\"p_name\";s:16:\"company_province\";s:6:\"p_type\";s:3:\"int\";s:6:\"p_must\";s:1:\"Y\";s:9:\"p_default\";s:2:\"65\";s:6:\"p_desc\";s:20:\"公司所在省份id\";}i:4;a:5:{s:6:\"p_name\";s:12:\"company_city\";s:6:\"p_type\";s:3:\"int\";s:6:\"p_must\";s:1:\"Y\";s:9:\"p_default\";s:3:\"456\";s:6:\"p_desc\";s:20:\"公司所在城市id\";}i:5;a:5:{s:6:\"p_name\";s:16:\"company_district\";s:6:\"p_type\";s:3:\"int\";s:6:\"p_must\";s:1:\"Y\";s:9:\"p_default\";s:4:\"1523\";s:6:\"p_desc\";s:20:\"公司所在区县id\";}i:6;a:5:{s:6:\"p_name\";s:16:\"company_location\";s:6:\"p_type\";s:6:\"string\";s:6:\"p_must\";s:1:\"Y\";s:9:\"p_default\";s:0:\"\";s:6:\"p_desc\";s:80:\"公司所在地，不需要用户填写，由上面三个id对应的名字组成\";}i:7;a:5:{s:6:\"p_name\";s:15:\"company_address\";s:6:\"p_type\";s:6:\"string\";s:6:\"p_must\";s:1:\"Y\";s:9:\"p_default\";s:18:\"公司详细地址\";s:6:\"p_desc\";s:18:\"公司详细地址\";}i:8;a:5:{s:6:\"p_name\";s:13:\"company_phone\";s:6:\"p_type\";s:6:\"string\";s:6:\"p_must\";s:1:\"Y\";s:9:\"p_default\";s:9:\"564658485\";s:6:\"p_desc\";s:12:\"公司电话\";}i:9;a:5:{s:6:\"p_name\";s:15:\"employees_count\";s:6:\"p_type\";s:3:\"int\";s:6:\"p_must\";s:1:\"Y\";s:9:\"p_default\";s:1:\"6\";s:6:\"p_desc\";s:12:\"员工人数\";}i:10;a:5:{s:6:\"p_name\";s:18:\"registered_capital\";s:6:\"p_type\";s:3:\"int\";s:6:\"p_must\";s:1:\"Y\";s:9:\"p_default\";s:3:\"300\";s:6:\"p_desc\";s:33:\"注册资金【单位：万元】\";}i:11;a:5:{s:6:\"p_name\";s:13:\"contacts_name\";s:6:\"p_type\";s:6:\"string\";s:6:\"p_must\";s:1:\"Y\";s:9:\"p_default\";s:9:\"联系人\";s:6:\"p_desc\";s:9:\"联系人\";}i:12;a:5:{s:6:\"p_name\";s:14:\"contacts_phone\";s:6:\"p_type\";s:6:\"string\";s:6:\"p_must\";s:1:\"Y\";s:9:\"p_default\";s:8:\"56545845\";s:6:\"p_desc\";s:12:\"联系电话\";}i:13;a:5:{s:6:\"p_name\";s:14:\"contacts_email\";s:6:\"p_type\";s:6:\"string\";s:6:\"p_must\";s:1:\"Y\";s:9:\"p_default\";s:17:\"sadfsdkj@kljl.com\";s:6:\"p_desc\";s:11:\"联系emali\";}i:14;a:5:{s:6:\"p_name\";s:23:\"business_licence_number\";s:6:\"p_type\";s:6:\"string\";s:6:\"p_must\";s:1:\"Y\";s:9:\"p_default\";s:11:\"54564646464\";s:6:\"p_desc\";s:18:\"营业执照编号\";}i:15;a:5:{s:6:\"p_name\";s:14:\"business_scope\";s:6:\"p_type\";s:4:\"text\";s:6:\"p_must\";s:1:\"Y\";s:9:\"p_default\";s:12:\"经营范围\";s:6:\"p_desc\";s:12:\"经营范围\";}i:16;a:5:{s:6:\"p_name\";s:20:\"business_licence_pic\";s:6:\"p_type\";s:4:\"file\";s:6:\"p_must\";s:1:\"Y\";s:9:\"p_default\";s:0:\"\";s:6:\"p_desc\";s:21:\"营业执照扫描件\";}}','','',2),(52,'资金日志/统计求和','http://tongdui.hulianwangdai.com/Mobile/Account/log','GET','a:6:{i:0;a:5:{s:6:\"p_name\";s:5:\"token\";s:6:\"p_type\";s:6:\"string\";s:6:\"p_must\";s:1:\"Y\";s:9:\"p_default\";s:0:\"\";s:6:\"p_desc\";s:6:\"令牌\";}i:1;a:5:{s:6:\"p_name\";s:10:\"trade_code\";s:6:\"p_type\";s:6:\"string\";s:6:\"p_must\";s:1:\"Y\";s:9:\"p_default\";s:0:\"\";s:6:\"p_desc\";s:145:\"\'YJT\'=&gt;\'一卷通\',\'GWQ\'=&gt;\'购物券\',\'BDB\'=&gt;\'报单币\',\'DZB\'=&gt;\'电子币\',\'ZCB\'=&gt;\'资产包\',\'JF\'=&gt;\'积分\',\'HJ\'=&gt;\'黑金\'\";}i:2;a:5:{s:6:\"p_name\";s:10:\"trade_type\";s:6:\"p_type\";s:3:\"int\";s:6:\"p_must\";s:1:\"Y\";s:9:\"p_default\";s:0:\"\";s:6:\"p_desc\";s:59:\"1=&gt;\'充值\',2=&gt;\'提现\',3=&gt;\'消费\',4=&gt;\'赠送\'\";}i:3;a:5:{s:6:\"p_name\";s:3:\"num\";s:6:\"p_type\";s:3:\"int\";s:6:\"p_must\";s:1:\"Y\";s:9:\"p_default\";s:0:\"\";s:6:\"p_desc\";s:18:\"每页显示数量\";}i:4;a:5:{s:6:\"p_name\";s:1:\"p\";s:6:\"p_type\";s:3:\"int\";s:6:\"p_must\";s:1:\"Y\";s:9:\"p_default\";s:0:\"\";s:6:\"p_desc\";s:9:\"第几页\";}i:5;a:5:{s:6:\"p_name\";s:3:\"sum\";s:6:\"p_type\";s:3:\"int\";s:6:\"p_must\";s:1:\"Y\";s:9:\"p_default\";s:0:\"\";s:6:\"p_desc\";s:10:\"求和传1\";}}','','',9),(53,'提现记录/统计求和','http://tongdui.hulianwangdai.com/Mobile/Account/wlog','GET','a:6:{i:0;a:5:{s:6:\"p_name\";s:5:\"token\";s:6:\"p_type\";s:6:\"string\";s:6:\"p_must\";s:1:\"Y\";s:9:\"p_default\";s:0:\"\";s:6:\"p_desc\";s:0:\"\";}i:1;a:5:{s:6:\"p_name\";s:13:\"withdraw_type\";s:6:\"p_type\";s:6:\"string\";s:6:\"p_must\";s:1:\"Y\";s:9:\"p_default\";s:0:\"\";s:6:\"p_desc\";s:13:\"JF 或者 YJT\";}i:2;a:5:{s:6:\"p_name\";s:6:\"status\";s:6:\"p_type\";s:3:\"int\";s:6:\"p_must\";s:1:\"Y\";s:9:\"p_default\";s:0:\"\";s:6:\"p_desc\";s:45:\" 1： 未审核， 2： 通过 ，3： 驳回\";}i:3;a:5:{s:6:\"p_name\";s:3:\"num\";s:6:\"p_type\";s:3:\"int\";s:6:\"p_must\";s:1:\"Y\";s:9:\"p_default\";s:0:\"\";s:6:\"p_desc\";s:15:\"显示记录数\";}i:4;a:5:{s:6:\"p_name\";s:1:\"p\";s:6:\"p_type\";s:3:\"int\";s:6:\"p_must\";s:1:\"Y\";s:9:\"p_default\";s:0:\"\";s:6:\"p_desc\";s:9:\"第几页\";}i:5;a:5:{s:6:\"p_name\";s:3:\"sum\";s:6:\"p_type\";s:3:\"int\";s:6:\"p_must\";s:1:\"Y\";s:9:\"p_default\";s:0:\"\";s:6:\"p_desc\";s:10:\"求和传1\";}}','','',9),(54,'商品收藏列表','http://tongdui.hulianwangdai.com/Mobile/Collect/glist','GET','a:3:{i:0;a:5:{s:6:\"p_name\";s:5:\"token\";s:6:\"p_type\";s:6:\"string\";s:6:\"p_must\";s:1:\"Y\";s:9:\"p_default\";s:0:\"\";s:6:\"p_desc\";s:6:\"令牌\";}i:1;a:5:{s:6:\"p_name\";s:3:\"num\";s:6:\"p_type\";s:3:\"int\";s:6:\"p_must\";s:1:\"Y\";s:9:\"p_default\";s:0:\"\";s:6:\"p_desc\";s:0:\"\";}i:2;a:5:{s:6:\"p_name\";s:1:\"p\";s:6:\"p_type\";s:3:\"int\";s:6:\"p_must\";s:1:\"Y\";s:9:\"p_default\";s:0:\"\";s:6:\"p_desc\";s:0:\"\";}}','','',4),(55,'店铺收藏列表','http://tongdui.hulianwangdai.com/Mobile/Collect/slist','GET','a:3:{i:0;a:5:{s:6:\"p_name\";s:5:\"token\";s:6:\"p_type\";s:6:\"string\";s:6:\"p_must\";s:1:\"Y\";s:9:\"p_default\";s:0:\"\";s:6:\"p_desc\";s:6:\"令牌\";}i:1;a:5:{s:6:\"p_name\";s:3:\"num\";s:6:\"p_type\";s:3:\"int\";s:6:\"p_must\";s:1:\"Y\";s:9:\"p_default\";s:0:\"\";s:6:\"p_desc\";s:0:\"\";}i:2;a:5:{s:6:\"p_name\";s:1:\"p\";s:6:\"p_type\";s:3:\"int\";s:6:\"p_must\";s:1:\"Y\";s:9:\"p_default\";s:0:\"\";s:6:\"p_desc\";s:0:\"\";}}','','',5),(56,'捐款','http://tongdui.hulianwangdai.com/Mobile/Love/grant','POST','a:3:{i:0;a:5:{s:6:\"p_name\";s:5:\"token\";s:6:\"p_type\";s:6:\"string\";s:6:\"p_must\";s:1:\"Y\";s:9:\"p_default\";s:0:\"\";s:6:\"p_desc\";s:6:\"令牌\";}i:1;a:5:{s:6:\"p_name\";s:3:\"fee\";s:6:\"p_type\";s:5:\"float\";s:6:\"p_must\";s:1:\"Y\";s:9:\"p_default\";s:0:\"\";s:6:\"p_desc\";s:12:\"捐款金额\";}i:2;a:5:{s:6:\"p_name\";s:4:\"type\";s:6:\"p_type\";s:3:\"int\";s:6:\"p_must\";s:1:\"Y\";s:9:\"p_default\";s:0:\"\";s:6:\"p_desc\";s:92:\"捐款类型=》1：购物券 ，2：一卷通，3：产品（此接口不支持捐产品）\";}}','','',11),(57,'捐款记录','http://tongdui.hulianwangdai.com/Mobile/Love/log','GET','a:5:{i:0;a:5:{s:6:\"p_name\";s:5:\"token\";s:6:\"p_type\";s:6:\"string\";s:6:\"p_must\";s:1:\"Y\";s:9:\"p_default\";s:0:\"\";s:6:\"p_desc\";s:6:\"令牌\";}i:1;a:5:{s:6:\"p_name\";s:4:\"type\";s:6:\"p_type\";s:3:\"int\";s:6:\"p_must\";s:1:\"N\";s:9:\"p_default\";s:0:\"\";s:6:\"p_desc\";s:58:\"查询类型=》1：购物券，2：一卷通，3：产品\";}i:2;a:5:{s:6:\"p_name\";s:3:\"num\";s:6:\"p_type\";s:3:\"int\";s:6:\"p_must\";s:1:\"Y\";s:9:\"p_default\";s:0:\"\";s:6:\"p_desc\";s:21:\"每页显示记录数\";}i:3;a:5:{s:6:\"p_name\";s:1:\"p\";s:6:\"p_type\";s:3:\"int\";s:6:\"p_must\";s:1:\"Y\";s:9:\"p_default\";s:0:\"\";s:6:\"p_desc\";s:9:\"第几页\";}i:4;a:5:{s:6:\"p_name\";s:3:\"sum\";s:6:\"p_type\";s:3:\"int\";s:6:\"p_must\";s:1:\"N\";s:9:\"p_default\";s:0:\"\";s:6:\"p_desc\";s:10:\"求和传1\";}}','','',11),(58,'捐产品（请求地址为，公司收货地址接口）','http://tongdui.hulianwangdai.com/Mobile/Public/getgrantAddress','GET','N;','','在立刻购买旁边加一个按钮 “立刻捐赠” ，此按钮的功能和立刻购买一样，只是获取收货地址的时候调用此接口， 用返回的收货地址，然后address_id 传 0 就可以了<br />',11),(59,'绑定银行卡','http://tongdui.hulianwangdai.com/Mobile/Member/bindBank','POST','a:3:{i:0;a:5:{s:6:\"p_name\";s:5:\"token\";s:6:\"p_type\";s:6:\"string\";s:6:\"p_must\";s:1:\"Y\";s:9:\"p_default\";s:0:\"\";s:6:\"p_desc\";s:6:\"令牌\";}i:1;a:5:{s:6:\"p_name\";s:8:\"sms_code\";s:6:\"p_type\";s:6:\"string\";s:6:\"p_must\";s:1:\"Y\";s:9:\"p_default\";s:0:\"\";s:6:\"p_desc\";s:15:\"短信验证码\";}i:2;a:5:{s:6:\"p_name\";s:9:\"alipay_id\";s:6:\"p_type\";s:6:\"string\";s:6:\"p_must\";s:1:\"Y\";s:9:\"p_default\";s:0:\"\";s:6:\"p_desc\";s:15:\"支付宝账号\";}}','','先判断real_name_auth是否为1，为零提示还未使命认证，跳转到实名认证页面，这个字段在登陆的时候返回，为1时请求系统验证码接口，填写验证码，验证通过调用发送短信验证码的接口得到短信验证码，使用此接口绑定银行卡，（支付宝）',2),(60,'从订单中支付','http://tongdui.hulianwangdai.com/Mobile/Order/createByOrder','POST','a:6:{i:0;a:5:{s:6:\"p_name\";s:5:\"token\";s:6:\"p_type\";s:6:\"string\";s:6:\"p_must\";s:1:\"Y\";s:9:\"p_default\";s:0:\"\";s:6:\"p_desc\";s:6:\"令牌\";}i:1;a:5:{s:6:\"p_name\";s:8:\"order_sn\";s:6:\"p_type\";s:6:\"string\";s:6:\"p_must\";s:1:\"Y\";s:9:\"p_default\";s:0:\"\";s:6:\"p_desc\";s:9:\"订单号\";}i:2;a:5:{s:6:\"p_name\";s:3:\"yjt\";s:6:\"p_type\";s:5:\"float\";s:6:\"p_must\";s:1:\"Y\";s:9:\"p_default\";s:0:\"\";s:6:\"p_desc\";s:9:\"一卷同\";}i:3;a:5:{s:6:\"p_name\";s:3:\"gwq\";s:6:\"p_type\";s:5:\"float\";s:6:\"p_must\";s:1:\"Y\";s:9:\"p_default\";s:0:\"\";s:6:\"p_desc\";s:9:\"购物券\";}i:4;a:5:{s:6:\"p_name\";s:5:\"total\";s:6:\"p_type\";s:5:\"float\";s:6:\"p_must\";s:1:\"Y\";s:9:\"p_default\";s:0:\"\";s:6:\"p_desc\";s:21:\"需要支付的现金\";}i:5;a:5:{s:6:\"p_name\";s:7:\"upgrade\";s:6:\"p_type\";s:3:\"int\";s:6:\"p_must\";s:1:\"N\";s:9:\"p_default\";s:0:\"\";s:6:\"p_desc\";s:28:\"如果是升级的订单传1\";}}','','',7),(61,'商品退款最大现金、一卷通、购物券金额','http://tongdui.yingrongkeji.com/Mobile/Order/maxrefund','GET','a:3:{i:0;a:5:{s:6:\"p_name\";s:5:\"token\";s:6:\"p_type\";s:6:\"string\";s:6:\"p_must\";s:1:\"Y\";s:9:\"p_default\";s:0:\"\";s:6:\"p_desc\";s:6:\"令牌\";}i:1;a:5:{s:6:\"p_name\";s:8:\"order_sn\";s:6:\"p_type\";s:6:\"string\";s:6:\"p_must\";s:1:\"Y\";s:9:\"p_default\";s:0:\"\";s:6:\"p_desc\";s:8:\"订单sn\";}i:2;a:5:{s:6:\"p_name\";s:8:\"goods_id\";s:6:\"p_type\";s:7:\"integer\";s:6:\"p_must\";s:1:\"Y\";s:9:\"p_default\";s:0:\"\";s:6:\"p_desc\";s:12:\"商品编号\";}}','{\r\n data: {\r\n   max_cash: 1,\r\n   max_gwq: 0,\r\n   max_yjt: 0,\r\n   max: 1\r\n },\r\n info: &quot;操作成功&quot;,\r\n status: &quot;^~^&quot;\r\n}','&nbsp;&nbsp;&nbsp;&nbsp;&nbsp;&nbsp;&nbsp;&nbsp;',12),(62,'提交退换货请求','http://tongdui.yingrongkeji.com/Mobile/Order/refund','POST','a:6:{i:0;a:5:{s:6:\"p_name\";s:5:\"token\";s:6:\"p_type\";s:6:\"string\";s:6:\"p_must\";s:1:\"Y\";s:9:\"p_default\";s:0:\"\";s:6:\"p_desc\";s:6:\"令牌\";}i:1;a:5:{s:6:\"p_name\";s:8:\"order_sn\";s:6:\"p_type\";s:6:\"string\";s:6:\"p_must\";s:1:\"Y\";s:9:\"p_default\";s:0:\"\";s:6:\"p_desc\";s:8:\"订单sn\";}i:2;a:5:{s:6:\"p_name\";s:8:\"goods_id\";s:6:\"p_type\";s:6:\"string\";s:6:\"p_must\";s:1:\"Y\";s:9:\"p_default\";s:0:\"\";s:6:\"p_desc\";s:8:\"商品ID\";}i:3;a:5:{s:6:\"p_name\";s:6:\"reason\";s:6:\"p_type\";s:6:\"string\";s:6:\"p_must\";s:1:\"Y\";s:9:\"p_default\";s:0:\"\";s:6:\"p_desc\";s:12:\"退换原因\";}i:4;a:5:{s:6:\"p_name\";s:4:\"type\";s:6:\"p_type\";s:4:\"enum\";s:6:\"p_must\";s:1:\"N\";s:9:\"p_default\";s:6:\"退货\";s:6:\"p_desc\";s:33:\"退货或者是换货，字符串\";}i:5;a:5:{s:6:\"p_name\";s:10:\"refund_img\";s:6:\"p_type\";s:4:\"file\";s:6:\"p_must\";s:1:\"N\";s:9:\"p_default\";s:0:\"\";s:6:\"p_desc\";s:12:\"原因图片\";}}','{\r\n  data: { \r\n     \'\'\r\n  },\r\n  info: &quot;操作成功&quot;,\r\n  status: &quot;^~^&quot;\r\n}','',12),(66,'用户提交物流信息','http://tongdui.yingrongkeji.com/Mobile/Order/refundShip','GET','a:4:{i:0;a:5:{s:6:\"p_name\";s:5:\"token\";s:6:\"p_type\";s:6:\"string\";s:6:\"p_must\";s:1:\"Y\";s:9:\"p_default\";s:0:\"\";s:6:\"p_desc\";s:6:\"令牌\";}i:1;a:5:{s:6:\"p_name\";s:9:\"refund_id\";s:6:\"p_type\";s:7:\"integer\";s:6:\"p_must\";s:1:\"Y\";s:9:\"p_default\";s:0:\"\";s:6:\"p_desc\";s:8:\"退款ID\";}i:2;a:5:{s:6:\"p_name\";s:12:\"ship_company\";s:6:\"p_type\";s:6:\"string\";s:6:\"p_must\";s:1:\"Y\";s:9:\"p_default\";s:0:\"\";s:6:\"p_desc\";s:12:\"物流公司\";}i:3;a:5:{s:6:\"p_name\";s:7:\"ship_id\";s:6:\"p_type\";s:6:\"string\";s:6:\"p_must\";s:1:\"Y\";s:9:\"p_default\";s:0:\"\";s:6:\"p_desc\";s:12:\"物流单号\";}}','{\r\n    data: &quot;&quot;,\r\n    info: &quot;操作成功&quot;,\r\n    status: &quot;^~^&quot;\r\n}','',12),(67,'获得当前用户的退换货列表','http://tongdui.yingrongkeji.com/Mobile/Order/refundList','GET','a:2:{i:0;a:5:{s:6:\"p_name\";s:5:\"token\";s:6:\"p_type\";s:6:\"string\";s:6:\"p_must\";s:1:\"Y\";s:9:\"p_default\";s:0:\"\";s:6:\"p_desc\";s:6:\"令牌\";}i:1;a:5:{s:6:\"p_name\";s:4:\"type\";s:6:\"p_type\";s:4:\"enum\";s:6:\"p_must\";s:1:\"N\";s:9:\"p_default\";s:0:\"\";s:6:\"p_desc\";s:27:\"可选【退货，换货】\";}}','{\r\n    &quot;data&quot;: [\r\n        {\r\n            &quot;refund_id&quot;: &quot;2&quot;,\r\n            &quot;order_sn&quot;: &quot;14776577950000&quot;,\r\n            &quot;refund_img&quot;: null,\r\n            &quot;goods_id&quot;: &quot;60&quot;,\r\n            &quot;amount&quot;: &quot;1.00&quot;,\r\n            &quot;reason&quot;: &quot;&quot;,\r\n            &quot;status&quot;: &quot;2&quot;,\r\n            &quot;create_time&quot;: &quot;1479566775&quot;,\r\n            &quot;refund_time&quot;: null,\r\n            &quot;store_id&quot;: &quot;2&quot;,\r\n            &quot;user_id&quot;: &quot;3&quot;,\r\n            &quot;ship_id&quot;: &quot;123181723432&quot;,\r\n            &quot;ship_company&quot;: &quot;中通快递&quot;,\r\n            &quot;ship_time&quot;: &quot;1479659145&quot;,\r\n            &quot;type&quot;: &quot;退货&quot;,\r\n            &quot;sure_time&quot;: &quot;1479651882&quot;,\r\n            &quot;cash&quot;: &quot;1.00&quot;,\r\n            &quot;yqt&quot;: &quot;0.00&quot;,\r\n            &quot;gwq&quot;: &quot;0.00&quot;,\r\n            &quot;order_goods&quot;: {\r\n                &quot;order_sn&quot;: &quot;14776577950000&quot;,\r\n                &quot;goods_id&quot;: &quot;60&quot;,\r\n                &quot;goods_name&quot;: &quot;合作商四星套餐B&quot;,\r\n                &quot;goods_img&quot;: &quot;Mall/Seller/2/Goods/Thumb/s_303325773634a043ea.jpg&quot;,\r\n                &quot;prosum&quot;: &quot;1&quot;,\r\n                &quot;price&quot;: &quot;1.00&quot;,\r\n                &quot;cost_price&quot;: &quot;0.00&quot;,\r\n                &quot;is_evaluation&quot;: &quot;0&quot;,\r\n                &quot;extend&quot;: null,\r\n                &quot;spec_id&quot;: null,\r\n                &quot;is_refund&quot;: &quot;0&quot;\r\n            }\r\n        }\r\n    ],\r\n    &quot;info&quot;: &quot;操作成功&quot;,\r\n    &quot;status&quot;: &quot;^~^&quot;\r\n}','',12);
/*!40000 ALTER TABLE `ms_api_list` ENABLE KEYS */;
UNLOCK TABLES;

--
-- Table structure for table `ms_common_admin`
--

DROP TABLE IF EXISTS `ms_common_admin`;
/*!40101 SET @saved_cs_client     = @@character_set_client */;
/*!40101 SET character_set_client = utf8 */;
CREATE TABLE `ms_common_admin` (
  `admin_id` int(11) NOT NULL AUTO_INCREMENT,
  `admin_name` char(10) DEFAULT NULL,
  `password` char(32) DEFAULT NULL,
  `role_id` int(2) DEFAULT NULL,
  PRIMARY KEY (`admin_id`)
) ENGINE=MyISAM AUTO_INCREMENT=2 DEFAULT CHARSET=utf8 COMMENT='后台管理用户表';
/*!40101 SET character_set_client = @saved_cs_client */;

--
-- Dumping data for table `ms_common_admin`
--

LOCK TABLES `ms_common_admin` WRITE;
/*!40000 ALTER TABLE `ms_common_admin` DISABLE KEYS */;
INSERT INTO `ms_common_admin` VALUES (1,'admin','21232f297a57a5a743894a0e4a801fc3',0);
/*!40000 ALTER TABLE `ms_common_admin` ENABLE KEYS */;
UNLOCK TABLES;

--
-- Table structure for table `ms_common_adsense`
--

DROP TABLE IF EXISTS `ms_common_adsense`;
/*!40101 SET @saved_cs_client     = @@character_set_client */;
/*!40101 SET character_set_client = utf8 */;
CREATE TABLE `ms_common_adsense` (
  `ad_id` int(10) NOT NULL AUTO_INCREMENT COMMENT '广告id',
  `position_id` int(10) DEFAULT NULL COMMENT '广告位id',
  `ad_value` varchar(50) DEFAULT NULL COMMENT '广告内容',
  `ad_path` varchar(255) DEFAULT NULL,
  `ad_url` varchar(100) DEFAULT NULL COMMENT '广告链接',
  `enabled` int(1) DEFAULT '1' COMMENT '是否启用',
  `is_target` tinyint(1) DEFAULT '0' COMMENT '是否新窗口打开',
  `goods_id` text,
  PRIMARY KEY (`ad_id`)
) ENGINE=InnoDB AUTO_INCREMENT=4 DEFAULT CHARSET=utf8 COMMENT='全局广告表';
/*!40101 SET character_set_client = @saved_cs_client */;

--
-- Dumping data for table `ms_common_adsense`
--

LOCK TABLES `ms_common_adsense` WRITE;
/*!40000 ALTER TABLE `ms_common_adsense` DISABLE KEYS */;
INSERT INTO `ms_common_adsense` VALUES (1,1,'5811b3ba4ea63.jpg','Adsense/','',1,0,''),(2,2,'5808bd468f3a4.png','Adsense/','',1,0,NULL),(3,3,'5808bd4dc27f8.jpg','Adsense/','',1,0,NULL);
/*!40000 ALTER TABLE `ms_common_adsense` ENABLE KEYS */;
UNLOCK TABLES;

--
-- Table structure for table `ms_common_adsense_position`
--

DROP TABLE IF EXISTS `ms_common_adsense_position`;
/*!40101 SET @saved_cs_client     = @@character_set_client */;
/*!40101 SET character_set_client = utf8 */;
CREATE TABLE `ms_common_adsense_position` (
  `position_id` int(10) NOT NULL AUTO_INCREMENT,
  `position_name` varchar(50) DEFAULT NULL,
  `position_width` varchar(10) DEFAULT NULL,
  `position_height` varchar(10) DEFAULT NULL,
  `enable` int(1) DEFAULT NULL,
  PRIMARY KEY (`position_id`)
) ENGINE=InnoDB AUTO_INCREMENT=4 DEFAULT CHARSET=utf8 COMMENT='全局广告位';
/*!40101 SET character_set_client = @saved_cs_client */;

--
-- Dumping data for table `ms_common_adsense_position`
--

LOCK TABLES `ms_common_adsense_position` WRITE;
/*!40000 ALTER TABLE `ms_common_adsense_position` DISABLE KEYS */;
INSERT INTO `ms_common_adsense_position` VALUES (1,'app 首页 1','','',0),(2,'app 首页 2','','',0),(3,'app 首页 3','','',0);
/*!40000 ALTER TABLE `ms_common_adsense_position` ENABLE KEYS */;
UNLOCK TABLES;

--
-- Table structure for table `ms_common_apply_agent`
--

DROP TABLE IF EXISTS `ms_common_apply_agent`;
/*!40101 SET @saved_cs_client     = @@character_set_client */;
/*!40101 SET character_set_client = utf8 */;
CREATE TABLE `ms_common_apply_agent` (
  `apply_no` char(14) NOT NULL COMMENT '流水号',
  `uid` int(10) DEFAULT NULL COMMENT '用户id',
  `username` varchar(20) DEFAULT NULL COMMENT '用户名',
  `mobile` char(11) DEFAULT NULL COMMENT '手机号',
  `referrer_id` int(10) DEFAULT NULL COMMENT '推荐人id',
  `apply_level` tinyint(1) DEFAULT NULL COMMENT '申请等级 1：县级，2：市级，3：省级',
  `agent_province` int(4) DEFAULT NULL COMMENT '省',
  `agent_city` int(4) DEFAULT NULL COMMENT '市',
  `agent_district` int(4) DEFAULT NULL COMMENT '区/县',
  `address` text COMMENT '联系地址',
  `join_fee` decimal(10,2) DEFAULT '0.00' COMMENT '加盟费',
  `apply_time` int(10) DEFAULT NULL COMMENT '申请时间',
  `examine_time` int(10) DEFAULT NULL COMMENT '审核时间',
  `status` tinyint(1) DEFAULT '2' COMMENT '1 申请通过 2 待审核 3 审核不通过',
  PRIMARY KEY (`apply_no`)
) ENGINE=MyISAM DEFAULT CHARSET=utf8;
/*!40101 SET character_set_client = @saved_cs_client */;

--
-- Dumping data for table `ms_common_apply_agent`
--

LOCK TABLES `ms_common_apply_agent` WRITE;
/*!40000 ALTER TABLE `ms_common_apply_agent` DISABLE KEYS */;
INSERT INTO `ms_common_apply_agent` VALUES ('14742748869954',3,'hello2',NULL,NULL,1,NULL,NULL,NULL,'山东省济南市天桥区历山北路西杨家园10号楼5单元101',0.00,1474274886,1474458132,3),('14742749675898',3,'hello2',NULL,NULL,1,NULL,NULL,NULL,'山东省济南市天桥区历山北路西杨家园10号楼5单元101',0.00,1474274967,1474458144,1),('14742749812233',3,'hello2',NULL,NULL,1,NULL,NULL,NULL,'山东省济南市天桥区历山北路西杨家园10号楼5单元101',0.00,1474274981,1474458193,1),('14771030623718',44,'u18802062116','18802062116',1,1,18,288,3031,'湖南省 湘西土家族苗族自治州 吉首市乾州古城',0.00,1477103062,NULL,2),('14775311676898',49,'u18972343252','15095010388',44,2,15,223,2513,'山东省 济南市 历下区济南',0.00,1477531167,NULL,2),('14779855752724',93,'u18374333327','123',1,1,18,288,3031,'湖南省 湘西土家族苗族自治州 吉首市好咯向前走',0.00,1477985575,1478160486,1),('14782545688246',119,'u15095010301','15095010388',117,3,1,36,41,'北京 北京市 朝阳区2574',0.00,1478254568,1478254591,1),('14783114147806',119,'u15095010301','123',117,3,4,84,1298,'山西省 太原市 万柏林区看记录',0.00,1478311414,NULL,2),('14784818295315',93,'u18374333327','18374333327',1,2,18,288,3031,'湖南省 湘西土家族苗族自治州 吉首市乾州102鄉道',0.00,1478481829,NULL,2);
/*!40000 ALTER TABLE `ms_common_apply_agent` ENABLE KEYS */;
UNLOCK TABLES;

--
-- Table structure for table `ms_common_apply_recharge`
--

DROP TABLE IF EXISTS `ms_common_apply_recharge`;
/*!40101 SET @saved_cs_client     = @@character_set_client */;
/*!40101 SET character_set_client = utf8 */;
CREATE TABLE `ms_common_apply_recharge` (
  `recharge_sn` char(14) NOT NULL COMMENT '流水号',
  `uid` int(10) DEFAULT NULL COMMENT '用户id',
  `recharge_name` varchar(50) DEFAULT NULL,
  `recharge_num` varchar(50) DEFAULT NULL,
  `recharge_money` decimal(10,0) DEFAULT NULL,
  `status` tinyint(1) DEFAULT '1' COMMENT '状态 1 未审核 2 通过 3 驳回',
  `apply_time` char(10) DEFAULT NULL COMMENT '申请时间',
  `examine_opinion` text COMMENT '审核意见',
  `examine_time` char(10) DEFAULT NULL COMMENT '审核时间',
  PRIMARY KEY (`recharge_sn`)
) ENGINE=InnoDB DEFAULT CHARSET=utf8 COMMENT='充值申请（暂时保留）';
/*!40101 SET character_set_client = @saved_cs_client */;

--
-- Dumping data for table `ms_common_apply_recharge`
--

LOCK TABLES `ms_common_apply_recharge` WRITE;
/*!40000 ALTER TABLE `ms_common_apply_recharge` DISABLE KEYS */;
INSERT INTO `ms_common_apply_recharge` VALUES ('201606034987',1,'张彬','zhangbin1126@126.com',1000,2,'1464936889','通过','1464937013');
/*!40000 ALTER TABLE `ms_common_apply_recharge` ENABLE KEYS */;
UNLOCK TABLES;

--
-- Table structure for table `ms_common_apply_store`
--

DROP TABLE IF EXISTS `ms_common_apply_store`;
/*!40101 SET @saved_cs_client     = @@character_set_client */;
/*!40101 SET character_set_client = utf8 */;
CREATE TABLE `ms_common_apply_store` (
  `apply_no` char(14) NOT NULL COMMENT '流水号',
  `store_id` int(10) DEFAULT NULL COMMENT '店铺id',
  `referrer_id` int(10) DEFAULT NULL COMMENT '推荐人id',
  `agent_province` int(4) DEFAULT NULL COMMENT '省',
  `agent_city` int(4) DEFAULT NULL COMMENT '市',
  `agent_district` int(4) DEFAULT NULL COMMENT '区/县',
  `address` text COMMENT '联系地址',
  `join_fee` decimal(10,2) DEFAULT '0.00' COMMENT '加盟费',
  `status` tinyint(1) DEFAULT '2' COMMENT '1 申请通过 2 待审核 3 审核不通过',
  PRIMARY KEY (`apply_no`)
) ENGINE=MyISAM DEFAULT CHARSET=utf8;
/*!40101 SET character_set_client = @saved_cs_client */;

--
-- Dumping data for table `ms_common_apply_store`
--

LOCK TABLES `ms_common_apply_store` WRITE;
/*!40000 ALTER TABLE `ms_common_apply_store` DISABLE KEYS */;
INSERT INTO `ms_common_apply_store` VALUES ('14742748869954',3,NULL,NULL,NULL,NULL,'山东省济南市天桥区历山北路西杨家园10号楼5单元101',0.00,3),('14742749675898',3,NULL,NULL,NULL,NULL,'山东省济南市天桥区历山北路西杨家园10号楼5单元101',0.00,1),('14742749812233',3,NULL,NULL,NULL,NULL,'山东省济南市天桥区历山北路西杨家园10号楼5单元101',0.00,1),('14770428629664',3,1,1,NULL,37,NULL,0.00,2),('14770998642247',4,1,3,NULL,1126,NULL,0.00,2),('14770999593399',5,1,3,NULL,1126,NULL,0.00,2),('14771029853791',6,1,1,NULL,37,NULL,0.00,2),('14771029906836',7,1,1,NULL,37,NULL,0.00,2),('14774674378619',8,44,15,NULL,2513,NULL,0.00,2),('14774674405302',9,44,15,NULL,2513,NULL,0.00,2),('14774674457426',10,44,15,NULL,2513,NULL,0.00,2),('14774904972046',3,1,NULL,NULL,NULL,NULL,0.00,2),('14775502081971',11,1,65,NULL,1523,NULL,0.00,2),('14775502238661',12,1,65,NULL,1523,NULL,0.00,2),('14775502272029',13,1,65,NULL,1523,NULL,0.00,2),('14775502282520',14,1,65,NULL,1523,NULL,0.00,2),('14775502283626',15,1,65,NULL,1523,NULL,0.00,2),('14775502294734',16,1,65,NULL,1523,NULL,0.00,2),('14775502299015',17,1,65,NULL,1523,NULL,0.00,2),('14775502298579',18,1,65,NULL,1523,NULL,0.00,2),('14775502295365',19,1,65,NULL,1523,NULL,0.00,2),('14775502301363',20,1,65,NULL,1523,NULL,0.00,2),('14775502304312',21,1,65,NULL,1523,NULL,0.00,2),('14775502309488',22,1,65,NULL,1523,NULL,0.00,2),('14775502353711',23,1,65,NULL,1523,NULL,0.00,2),('14775503061173',24,1,65,NULL,1523,NULL,0.00,2),('14775513173950',25,1,65,NULL,1523,NULL,0.00,2),('14775721741771',6,1,1,NULL,37,NULL,0.00,2),('14775770182047',7,44,1,NULL,37,NULL,0.00,2),('14777352049884',8,1,15,NULL,2516,NULL,0.00,2),('14781612376720',9,1,1,NULL,37,NULL,0.00,2),('14784817708464',10,1,18,NULL,3031,NULL,0.00,2);
/*!40000 ALTER TABLE `ms_common_apply_store` ENABLE KEYS */;
UNLOCK TABLES;

--
-- Table structure for table `ms_common_apply_withdraw`
--

DROP TABLE IF EXISTS `ms_common_apply_withdraw`;
/*!40101 SET @saved_cs_client     = @@character_set_client */;
/*!40101 SET character_set_client = utf8 */;
CREATE TABLE `ms_common_apply_withdraw` (
  `apply_no` char(14) NOT NULL COMMENT '流水号',
  `account_name` char(10) DEFAULT NULL COMMENT '收款人姓名',
  `bank_name` varchar(20) DEFAULT NULL COMMENT '收款机构',
  `bank_num` varchar(50) DEFAULT NULL COMMENT '收款账号',
  `withdraw_money` int(10) DEFAULT NULL COMMENT '提现金额',
  `withdraw_fee` decimal(10,2) DEFAULT '0.00' COMMENT '提现手续费',
  `withdraw_type` char(5) DEFAULT NULL COMMENT 'YJT 或者 JF',
  `uid` int(10) DEFAULT NULL COMMENT '提现用户id',
  `status` tinyint(1) DEFAULT '1' COMMENT '状态 1 未审核 2 通过 3 驳回',
  `examine_opinion` text COMMENT '审核意见',
  `apply_time` char(10) DEFAULT NULL COMMENT '申请时间',
  `examine_time` char(10) DEFAULT NULL COMMENT '审核时间',
  PRIMARY KEY (`apply_no`)
) ENGINE=InnoDB DEFAULT CHARSET=utf8 COMMENT='提现申请';
/*!40101 SET character_set_client = @saved_cs_client */;

--
-- Dumping data for table `ms_common_apply_withdraw`
--

LOCK TABLES `ms_common_apply_withdraw` WRITE;
/*!40000 ALTER TABLE `ms_common_apply_withdraw` DISABLE KEYS */;
INSERT INTO `ms_common_apply_withdraw` VALUES ('1','张彬','支付宝','zhangbin1126@126.com',1,0.50,'JF',1,2,'账号不对4','1464934677','1464934700'),('14743716951051',NULL,'支付宝',NULL,1,0.50,'YJT',2,1,NULL,'1474371695',NULL),('14743717345799',NULL,'支付宝',NULL,1,0.50,'YJT',2,1,NULL,'1474371734',NULL),('14743717708311',NULL,'支付宝',NULL,1,0.50,'YJT',2,1,NULL,'1474371770',NULL);
/*!40000 ALTER TABLE `ms_common_apply_withdraw` ENABLE KEYS */;
UNLOCK TABLES;

--
-- Table structure for table `ms_common_article`
--

DROP TABLE IF EXISTS `ms_common_article`;
/*!40101 SET @saved_cs_client     = @@character_set_client */;
/*!40101 SET character_set_client = utf8 */;
CREATE TABLE `ms_common_article` (
  `article_id` int(11) NOT NULL AUTO_INCREMENT,
  `article_title` varchar(50) DEFAULT NULL,
  `article_content` text,
  `ac_id` int(1) DEFAULT NULL,
  `add_time` char(50) DEFAULT NULL,
  PRIMARY KEY (`article_id`)
) ENGINE=MyISAM DEFAULT CHARSET=utf8 COMMENT='文章';
/*!40101 SET character_set_client = @saved_cs_client */;

--
-- Dumping data for table `ms_common_article`
--

LOCK TABLES `ms_common_article` WRITE;
/*!40000 ALTER TABLE `ms_common_article` DISABLE KEYS */;
/*!40000 ALTER TABLE `ms_common_article` ENABLE KEYS */;
UNLOCK TABLES;

--
-- Table structure for table `ms_common_article_class`
--

DROP TABLE IF EXISTS `ms_common_article_class`;
/*!40101 SET @saved_cs_client     = @@character_set_client */;
/*!40101 SET character_set_client = utf8 */;
CREATE TABLE `ms_common_article_class` (
  `ac_id` int(4) NOT NULL AUTO_INCREMENT,
  `ac_name` varchar(50) DEFAULT NULL,
  `pid` int(4) DEFAULT NULL,
  `is_show` int(1) DEFAULT '1',
  `sort` int(4) DEFAULT NULL,
  PRIMARY KEY (`ac_id`)
) ENGINE=InnoDB DEFAULT CHARSET=utf8 COMMENT='文章分类';
/*!40101 SET character_set_client = @saved_cs_client */;

--
-- Dumping data for table `ms_common_article_class`
--

LOCK TABLES `ms_common_article_class` WRITE;
/*!40000 ALTER TABLE `ms_common_article_class` DISABLE KEYS */;
/*!40000 ALTER TABLE `ms_common_article_class` ENABLE KEYS */;
UNLOCK TABLES;

--
-- Table structure for table `ms_common_config`
--

DROP TABLE IF EXISTS `ms_common_config`;
/*!40101 SET @saved_cs_client     = @@character_set_client */;
/*!40101 SET character_set_client = utf8 */;
CREATE TABLE `ms_common_config` (
  `type` varchar(10) DEFAULT NULL,
  `code` char(10) NOT NULL,
  `name` varchar(100) DEFAULT NULL,
  `desc` varchar(200) DEFAULT NULL,
  `config` text,
  `enabled` int(4) DEFAULT NULL,
  PRIMARY KEY (`code`)
) ENGINE=InnoDB DEFAULT CHARSET=utf8 COMMENT='全局第三方配置信息（支付平台，短信平台等）';
/*!40101 SET character_set_client = @saved_cs_client */;

--
-- Dumping data for table `ms_common_config`
--

LOCK TABLES `ms_common_config` WRITE;
/*!40000 ALTER TABLE `ms_common_config` DISABLE KEYS */;
INSERT INTO `ms_common_config` VALUES ('pay','alipay','支付宝','国内先进的网上支付平台。三种支付接口：担保交易，即时到账，双接口。在线即可开通，零预付，免年费，单笔阶梯费率，无流量限制。','a:4:{s:12:\"seller_email\";s:18:\"ewegsc88888@qq.com\";s:7:\"partner\";s:16:\"2088811701310765\";s:3:\"key\";s:32:\"3ai8n29iaqgjsz03889vnxqykj53pubw\";s:11:\"private_key\";s:460:\"MIIBVAIBADANBgkqhkiG9w0BAQEFAASCAT4wggE6AgEAAkEAyzUd706MZINOJ1fVSDSZtpA+KhZifPV0BaC5Ccb+c8SLFwnlyNS8iCUgIhCNgnbUjnLdtrAJG/Io8LYbx995yQIDAQABAkAKSCG/ngXUgCBQNU2BXcf5SMscbg2FrRW1wzAZoov1Z4FaOQiWYVduGeEB35uXGf3d6JwC/BLlcditcSttnQURAiEA67LaJpnXWgagFJ+DNbDnlf6AIHWkurZuflAKCXJVDV8CIQDctdX55uOdONlq8zf/6JkNKTvHKs21a6ITDxT/l0gh1wIhAJukbnQhENlNGLaloxJ4cGVXOyq0JQR65boZhpc4XbvHAiBDJUa9ylKA6GSstuXYgwjdCihXhVwjz2T1a2c2Au487QIgVE4W8yghzqhqRunxFirAms/v3n0Ma4+caCCjAFtd02I=\";}',1),('sms','chuanglan','创蓝短信','上海创蓝文化传播有限公司创立于2009年，是中国移动、中国联通、中国电信三大运营商的资深战略合作伙伴。是行业领先的短信通道、语音线路及手机流量产品的电信增值服务供应商','a:2:{s:11:\"api_account\";s:14:\"vipyrdz_jiajun\";s:12:\"api_password\";s:8:\"Aa123123\";}',1),('pay','unionpay','银联支付','中国银联 最权威的银行卡门户网站，提供全方位的银行卡资讯与服务，最齐全的银联标准卡产品搜索比较，出境银联卡使用指南，信用卡免费跨行还款，境内外ATM查询定位。','a:3:{s:8:\"mchnt_cd\";s:15:\"0002410F0283591\";s:9:\"mchnt_key\";s:32:\"28961n52oonmkg1a2tqn61se0qgblz1y\";s:13:\"app_mchnt_key\";s:32:\"ccfsgc0ij5dp7ot79keqwfihceg02del\";}',1),('pay','wxpay','微信支付','中国领先的第三方支付平台','a:9:{s:5:\"APPID\";s:18:\"wxc62f73c45e2c3b43\";s:5:\"MCHID\";s:10:\"1352591302\";s:3:\"KEY\";s:32:\"5e8e3205d56fdcbd6fd448b06561c630\";s:9:\"APPSECRET\";s:32:\"129ddadaaa2107df41455ac902082237\";s:15:\"CURL_PROXY_HOST\";s:7:\"0.0.0.0\";s:15:\"CURL_PROXY_PORT\";s:1:\"0\";s:13:\"REPORT_LEVENL\";s:1:\"1\";s:5:\"AppID\";s:18:\"wx5c8b9d9c5f37ef18\";s:9:\"AppSecret\";s:32:\"2abcdd349e4c2fa94bb56bc1711cb3ee\";}',1);
/*!40000 ALTER TABLE `ms_common_config` ENABLE KEYS */;
UNLOCK TABLES;

--
-- Table structure for table `ms_common_member`
--

DROP TABLE IF EXISTS `ms_common_member`;
/*!40101 SET @saved_cs_client     = @@character_set_client */;
/*!40101 SET character_set_client = utf8 */;
CREATE TABLE `ms_common_member` (
  `uid` int(14) NOT NULL AUTO_INCREMENT,
  `username` char(30) DEFAULT NULL,
  `email` varchar(50) DEFAULT NULL,
  `password` char(32) DEFAULT NULL,
  `password_2` char(32) DEFAULT NULL,
  `password_3` char(32) DEFAULT NULL,
  `head_photo` varchar(50) DEFAULT NULL,
  `real_name_auth` tinyint(1) DEFAULT '0' COMMENT '是否已经实名认证 0 未认证 1 已认证 2 审核中',
  `real_name` varchar(10) DEFAULT NULL COMMENT '真实姓名',
  `card_id` varchar(20) DEFAULT NULL COMMENT '身份证',
  `card_img_1` varchar(50) DEFAULT NULL COMMENT '身份证图片',
  `card_img_2` varchar(50) DEFAULT NULL,
  `residence` varchar(50) DEFAULT NULL COMMENT '户籍所在地',
  `bank_name` varchar(50) DEFAULT NULL COMMENT '银行名称',
  `bank_address` varchar(50) DEFAULT NULL COMMENT '银行地址',
  `bank_num` varchar(50) DEFAULT NULL COMMENT '银行账号',
  `alipay_id` varchar(50) DEFAULT NULL COMMENT '支付宝账号',
  `wechat_id` varchar(50) DEFAULT NULL COMMENT '微信账号',
  `salt` char(6) DEFAULT NULL,
  `mobile` char(11) DEFAULT NULL COMMENT '电话',
  `register_time` char(10) DEFAULT NULL COMMENT '注册时间',
  `user_status` tinyint(1) DEFAULT '1' COMMENT '用户状态 1 正常 2 静态',
  `token` char(32) DEFAULT NULL,
  `rank` tinyint(1) DEFAULT '1' COMMENT '用户等级 0 未激活 1 消费商 2 合格的消费商 3 合作商 4特殊的合作商',
  `star_level` tinyint(1) DEFAULT '0' COMMENT '合作商星级',
  `agent_level` tinyint(1) DEFAULT '0' COMMENT '0：不是代理 1：县级代理，2：市级代理，3：省级代理',
  `agent_province` int(10) DEFAULT '0' COMMENT '代理省id',
  `agent_city` int(10) DEFAULT '0' COMMENT '代理市id',
  `agent_district` int(10) DEFAULT '0' COMMENT '代理区id',
  `store_id` int(10) DEFAULT NULL COMMENT '店铺id',
  `referrer_id` int(10) DEFAULT '0' COMMENT '推荐人id',
  `referrer_node_id` int(10) DEFAULT NULL COMMENT '推荐人节点号',
  `position` char(5) DEFAULT NULL COMMENT '自动下滑到双轨网络中的位置',
  `upgrade_times` int(1) DEFAULT '0' COMMENT '升级次数',
  PRIMARY KEY (`uid`)
) ENGINE=InnoDB AUTO_INCREMENT=129 DEFAULT CHARSET=utf8 COMMENT='会员表';
/*!40101 SET character_set_client = @saved_cs_client */;

--
-- Dumping data for table `ms_common_member`
--

LOCK TABLES `ms_common_member` WRITE;
/*!40000 ALTER TABLE `ms_common_member` DISABLE KEYS */;
INSERT INTO `ms_common_member` VALUES (1,'hellobin',NULL,'44d557b1ca35e502f5b3991f7349d118',NULL,NULL,NULL,0,NULL,NULL,NULL,NULL,NULL,NULL,NULL,NULL,'15095010388',NULL,'0000',NULL,'1471686320',1,'23a0d811816fa0407605eef1172c74b3',1,0,NULL,0,0,0,1,0,NULL,NULL,0),(2,'hello1',NULL,'44d557b1ca35e502f5b3991f7349d118',NULL,NULL,NULL,0,NULL,NULL,NULL,NULL,NULL,NULL,NULL,NULL,'15095010388',NULL,'0000','18663456062','1471686913',1,'c72d29f51ee4e72522640ca1968dcf84',1,0,NULL,0,0,0,NULL,0,NULL,NULL,0),(3,'s',NULL,'d089bbf92f788b50a4ad1488b645b01e',NULL,NULL,NULL,0,NULL,NULL,NULL,NULL,NULL,NULL,NULL,NULL,'15095010388',NULL,'0000','18663456062','1471687081',1,'63ae561a205050ffffb561d389b80c57',1,0,NULL,0,0,0,2,0,NULL,NULL,0),(4,'hellobinbin',NULL,'44d557b1ca35e502f5b3991f7349d118',NULL,NULL,NULL,0,NULL,NULL,NULL,NULL,NULL,NULL,NULL,NULL,'15095010388',NULL,'0000',NULL,'1471831681',1,'0fc0284f447fe8802b0f6db0ae3fad19',1,0,NULL,0,0,0,NULL,0,NULL,NULL,0),(5,'hellobinbin1',NULL,'44d557b1ca35e502f5b3991f7349d118',NULL,NULL,NULL,0,NULL,NULL,NULL,NULL,NULL,NULL,NULL,NULL,'15095010388',NULL,'0000',NULL,'1471831723',1,'be9dead647ff699cce51c1031b7399e9',2,2,NULL,0,0,0,NULL,0,NULL,NULL,0),(6,'111111',NULL,'ebb4fb580d0587789880bee274218972',NULL,NULL,NULL,0,NULL,NULL,NULL,NULL,NULL,NULL,NULL,NULL,'15095010388',NULL,'0000','15555555555','1472882955',1,'ab4351d8b3bce44334e30a8584a8a5ae',1,0,NULL,0,0,0,NULL,0,NULL,NULL,0),(7,'u18306431704',NULL,'cb09fd308c87e35a3cc647bc48142557',NULL,NULL,NULL,0,NULL,NULL,NULL,NULL,NULL,NULL,NULL,NULL,'15095010388',NULL,'0000','18306431704','1473324927',1,'4cf13769141ef198fbc25551a9f1ca50',1,0,NULL,0,0,0,NULL,1,1,'left',0),(8,'u18234567890',NULL,'0055e57c0fdf0e62fcc1f0858376d62e',NULL,NULL,NULL,0,NULL,NULL,NULL,NULL,NULL,NULL,NULL,NULL,'15095010388',NULL,'0000','18234567890','1474874809',1,'5a7bd0b3227732b1e78ff12455a1c5a3',0,0,0,0,0,0,NULL,0,0,'left',0),(86,'u18753137165',NULL,'ebb4fb580d0587789880bee274218972',NULL,NULL,NULL,1,'123','在一起时总是那么','','','，cetp',NULL,NULL,NULL,NULL,NULL,'0000','18753137165','1477658304',1,'2e3f96ba80361830e0df281a335740ff',3,4,0,0,0,0,NULL,1,1,'left',0),(87,'u18753137168',NULL,'ebb4fb580d0587789880bee274218972',NULL,NULL,NULL,0,NULL,NULL,NULL,NULL,NULL,NULL,NULL,NULL,NULL,NULL,'0000','18753137168','1477658373',1,'8c53c71151e93f3fcda791ced00c8649',1,0,0,0,0,0,NULL,86,1,'left',0),(88,'u15095010385',NULL,'ebb4fb580d0587789880bee274218972',NULL,NULL,'58146d9022894.png',0,NULL,NULL,NULL,NULL,NULL,NULL,NULL,NULL,NULL,NULL,'0000','15095010385','1477659185',1,'d90c0220d55c081953d6102f0e551a7c',3,4,0,0,0,0,8,1,1,'left',0),(89,'u15095010387',NULL,'ebb4fb580d0587789880bee274218972',NULL,NULL,NULL,0,NULL,NULL,NULL,NULL,NULL,NULL,NULL,NULL,NULL,NULL,'0000','15095010387','1477659290',1,'b8104027eb94139f1b7962a5dccf7d0e',1,0,0,0,0,0,NULL,88,1,'left',0),(90,'u18654542348',NULL,'ebb4fb580d0587789880bee274218972',NULL,NULL,'58146ddccbce9.png',0,NULL,NULL,NULL,NULL,NULL,NULL,NULL,NULL,NULL,NULL,'0000','18654542348','1477704604',1,'a826e55b1814990a3a126d418c398810',1,0,0,0,0,0,NULL,1,1,'left',0),(91,'u18678787363',NULL,'a97ef545dc8927e883cc5ab796b16db4',NULL,NULL,'58146d8bb0b3e.png',1,'程强','370112198408037431','','58146d528488f.png','济南',NULL,NULL,NULL,NULL,NULL,'0000','18678787363','1477733641',1,'ac8759fc566261755616da255929c564',1,0,0,0,0,0,NULL,1,1,'left',0),(92,'u18500521915',NULL,'62d1c30c10d7a95cf255143b147694a9',NULL,NULL,NULL,0,NULL,NULL,NULL,NULL,NULL,NULL,NULL,NULL,NULL,NULL,'0000','18500521915','1477735851',1,'f6e30fef5c11a2a5a6630f47583419c1',1,0,0,0,0,0,NULL,1,1,'left',0),(93,'u18374333327',NULL,'252682de98e5468490aada54d90cadc8',NULL,NULL,'581844ad455a4.png',1,'黎军','123','58180e25ca5e2.png','58180e25da573.png','你就能得到',NULL,NULL,NULL,NULL,NULL,'0000','18374333327','1477814980',1,'637020cc68e9921e843f8ce1dd2cb1cd',1,0,1,0,0,0,10,1,1,'left',0),(94,'u18753137144',NULL,'ebb4fb580d0587789880bee274218972',NULL,NULL,NULL,0,NULL,NULL,NULL,NULL,NULL,NULL,NULL,NULL,NULL,NULL,'0000','18753137144','1477818835',1,'3cae4c22d947bd6dbea40672d8e40fd2',3,4,0,0,0,0,NULL,1,1,'left',0),(95,'u15095080324',NULL,'ebb4fb580d0587789880bee274218972',NULL,NULL,NULL,0,NULL,NULL,NULL,NULL,NULL,NULL,NULL,NULL,NULL,NULL,'0000','15095080324','1477818937',1,'3147600ead2826f7040ff4390c4fd098',1,0,0,0,0,0,NULL,94,1,'left',0),(96,'u18712349876',NULL,'ebb4fb580d0587789880bee274218972',NULL,NULL,NULL,0,NULL,NULL,NULL,NULL,NULL,NULL,NULL,NULL,NULL,NULL,'0000','18712349876','1477825039',1,'32ae57810f5e4b478f57cc6637127d1d',3,4,0,0,0,0,NULL,1,1,'left',0),(97,'u15095010246',NULL,'ebb4fb580d0587789880bee274218972',NULL,NULL,NULL,0,NULL,NULL,NULL,NULL,NULL,NULL,NULL,NULL,NULL,NULL,'0000','15095010246','1477825110',1,'dc4d009d01ee28420bda881451a9e982',1,0,0,0,0,0,NULL,96,1,'left',0),(98,'u17012345678',NULL,'ebb4fb580d0587789880bee274218972',NULL,NULL,NULL,0,NULL,NULL,NULL,NULL,NULL,NULL,NULL,NULL,NULL,NULL,'0000','17012345678','1477825571',1,'ab55f1fbc905473b19e0af2c71e83a9a',3,4,0,0,0,0,NULL,1,1,'left',0),(99,'u17045678912',NULL,'ebb4fb580d0587789880bee274218972',NULL,NULL,NULL,0,NULL,NULL,NULL,NULL,NULL,NULL,NULL,NULL,NULL,NULL,'0000','17045678912','1477825638',1,'503ed14668a3b5e3310805809e42e3b7',1,0,0,0,0,0,NULL,98,1,'left',0),(100,'u18802062116',NULL,'a97ef545dc8927e883cc5ab796b16db4',NULL,NULL,NULL,0,NULL,NULL,NULL,NULL,NULL,NULL,NULL,NULL,NULL,NULL,'0000','18802062116','1477837619',1,'c0dab1ce5021e53011f64ca2170e7365',1,0,0,0,0,0,NULL,1,1,'left',0),(101,'u15095010324',NULL,'ebb4fb580d0587789880bee274218972',NULL,NULL,NULL,0,NULL,NULL,NULL,NULL,NULL,NULL,NULL,NULL,NULL,NULL,'0000','15095010324','1477876001',1,'43730fd33e3582b70ba2b76729578db9',3,4,0,0,0,0,NULL,1,1,'left',0),(102,'u15751236547',NULL,'ebb4fb580d0587789880bee274218972',NULL,NULL,NULL,0,NULL,NULL,NULL,NULL,NULL,NULL,NULL,NULL,NULL,NULL,'0000','15751236547','1477876120',1,'40e1bef4df0b90b46dd693e4f97eb835',1,0,0,0,0,0,NULL,101,1,'left',0),(103,'u15095010987',NULL,'ebb4fb580d0587789880bee274218972',NULL,NULL,NULL,0,NULL,NULL,NULL,NULL,NULL,NULL,NULL,NULL,NULL,NULL,'0000','15095010987','1477876871',1,'6c98e70ef57a9d40507af5cbaddaed3d',3,4,0,0,0,0,NULL,1,1,'left',0),(104,'u15096421356',NULL,'ebb4fb580d0587789880bee274218972',NULL,NULL,NULL,0,NULL,NULL,NULL,NULL,NULL,NULL,NULL,NULL,NULL,NULL,'0000','15096421356','1477876913',1,'099809841b9c8f3c7e331d3458f6ef02',1,0,0,0,0,0,NULL,103,1,'left',0),(105,'u15045677654',NULL,'ebb4fb580d0587789880bee274218972',NULL,NULL,NULL,0,NULL,NULL,NULL,NULL,NULL,NULL,NULL,NULL,NULL,NULL,'0000','15045677654','1477877611',1,'7277b87351b6531fccf32bb71b72ac06',2,0,0,0,0,0,NULL,1,1,'left',0),(106,'u18753132222',NULL,'ebb4fb580d0587789880bee274218972',NULL,NULL,NULL,0,NULL,NULL,NULL,NULL,NULL,NULL,NULL,NULL,NULL,NULL,'0000','18753132222','1477877671',1,'28231d987248edbda02ff19a5d1d611b',1,0,0,0,0,0,NULL,105,1,'left',0),(107,'u18754123654',NULL,'ebb4fb580d0587789880bee274218972',NULL,NULL,NULL,0,NULL,NULL,NULL,NULL,NULL,NULL,NULL,NULL,NULL,NULL,'0000','18754123654','1477878519',1,'57bf63dd79f0cc66b668ce4973fd2899',3,4,0,0,0,0,NULL,1,1,'left',0),(108,'u18755554444',NULL,'ebb4fb580d0587789880bee274218972',NULL,NULL,NULL,0,NULL,NULL,NULL,NULL,NULL,NULL,NULL,NULL,NULL,NULL,'0000','18755554444','1477878580',1,'a248729ce957b461204199e91fb0e776',1,0,0,0,0,0,NULL,107,1,'left',0),(109,'u18712344444',NULL,'ebb4fb580d0587789880bee274218972',NULL,NULL,NULL,0,NULL,NULL,NULL,NULL,NULL,NULL,NULL,NULL,NULL,NULL,'0000','18712344444','1477879643',1,'17d7c56ef9398e18226b601dcd49be07',3,4,0,0,0,0,NULL,1,1,'left',0),(110,'u18753131414',NULL,'ebb4fb580d0587789880bee274218972',NULL,NULL,NULL,0,NULL,NULL,NULL,NULL,NULL,NULL,NULL,NULL,NULL,NULL,'0000','18753131414','1477880319',1,'349ddd04a17dbef06e661ebbaef51970',1,0,0,0,0,0,NULL,109,1,'left',0),(111,'u15095010256',NULL,'ebb4fb580d0587789880bee274218972',NULL,NULL,NULL,0,NULL,NULL,NULL,NULL,NULL,NULL,NULL,NULL,NULL,NULL,'0000','15095010256','1477880810',1,'6405b19c518151523c00a6c902840b9c',3,4,0,0,0,0,NULL,1,1,'left',0),(112,'u15095010012',NULL,'ebb4fb580d0587789880bee274218972',NULL,NULL,NULL,0,NULL,NULL,NULL,NULL,NULL,NULL,NULL,NULL,NULL,NULL,'0000','15095010012','1477880853',1,'d67ed9be759674da4e118c4e793b686a',1,0,0,0,0,0,NULL,111,1,'left',0),(113,'u15011442233',NULL,'ebb4fb580d0587789880bee274218972',NULL,NULL,NULL,0,NULL,NULL,NULL,NULL,NULL,NULL,NULL,NULL,NULL,NULL,'0000','15011442233','1477881866',1,'f9d1cf7558bfeb5d803a73fd3c62c99a',3,4,0,0,0,0,NULL,1,1,'left',0),(114,'u18712341122',NULL,'ebb4fb580d0587789880bee274218972',NULL,NULL,NULL,0,NULL,NULL,NULL,NULL,NULL,NULL,NULL,NULL,NULL,NULL,'0000','18712341122','1477881915',1,'310d4615f589eae584ac24867cb3f72a',1,0,0,0,0,0,NULL,113,1,'left',0),(115,'u18744441111',NULL,'ebb4fb580d0587789880bee274218972',NULL,NULL,NULL,0,NULL,NULL,NULL,NULL,NULL,NULL,NULL,NULL,NULL,NULL,'0000','18744441111','1477882284',1,'2de548f5dc6861c42ffd8223c1d110d2',3,4,0,0,0,0,NULL,1,1,'left',0),(116,'u15011112222',NULL,'ebb4fb580d0587789880bee274218972',NULL,NULL,NULL,0,NULL,NULL,NULL,NULL,NULL,NULL,NULL,NULL,NULL,NULL,'0000','15011112222','1477882329',1,'b1b840a461045a4dd725fca1dd6951f3',1,0,0,0,0,0,NULL,115,1,'left',0),(117,'u15095010311',NULL,'ebb4fb580d0587789880bee274218972',NULL,NULL,NULL,0,NULL,NULL,NULL,NULL,NULL,NULL,NULL,NULL,NULL,NULL,'0000','15095010311','1477985508',1,'56fb2605c9b382ac1a593699fc214c59',2,0,0,0,0,0,NULL,1,1,'left',0),(118,'u15095010322',NULL,'ebb4fb580d0587789880bee274218972',NULL,NULL,NULL,0,NULL,NULL,NULL,NULL,NULL,NULL,NULL,NULL,NULL,NULL,'0000','15095010322','1477985658',1,'f65d1edb1669558b0af1c8b1f871d623',1,0,0,0,0,0,NULL,1,1,'left',0),(119,'u15095010301',NULL,'ebb4fb580d0587789880bee274218972',NULL,NULL,'581ae15395fc7.png',0,NULL,NULL,NULL,NULL,NULL,NULL,NULL,NULL,NULL,NULL,'0000','15095010301','1477985716',1,'9c3d75a61ac85d3c7d8020f8436311df',3,4,3,0,0,0,NULL,117,1,'left',0),(120,'u15095010302',NULL,'ebb4fb580d0587789880bee274218972',NULL,NULL,NULL,0,NULL,NULL,NULL,NULL,NULL,NULL,NULL,NULL,NULL,NULL,'0000','15095010302','1477985778',1,'a328d0cb2777573699350c352a49ffa4',1,0,0,0,0,0,NULL,117,1,'left',0),(121,'u15095010423',NULL,'ebb4fb580d0587789880bee274218972',NULL,NULL,NULL,0,NULL,NULL,NULL,NULL,NULL,NULL,NULL,NULL,NULL,NULL,'0000','15095010423','1477989787',1,'7bb03adcb52b4476f3e906d118ea8959',2,0,0,0,0,0,NULL,117,1,'left',0),(122,'u15095010329',NULL,'ebb4fb580d0587789880bee274218972',NULL,NULL,NULL,0,NULL,NULL,NULL,NULL,NULL,NULL,NULL,NULL,NULL,NULL,'0000','15095010329','1477990159',1,'68a8449192dc3e7583a37fa1e170c32d',1,0,0,0,0,0,NULL,117,1,'left',0),(123,'u15095042356',NULL,'ebb4fb580d0587789880bee274218972',NULL,NULL,NULL,0,NULL,NULL,NULL,NULL,NULL,NULL,NULL,NULL,NULL,NULL,'0000','15095042356','1477990343',1,'538106c5ea461201291a50cc8cef9cf2',1,0,0,0,0,0,NULL,121,1,'left',0),(124,'u18753137125',NULL,'ebb4fb580d0587789880bee274218972',NULL,NULL,NULL,0,NULL,NULL,NULL,NULL,NULL,NULL,NULL,NULL,NULL,NULL,'0000','18753137125','1477991599',1,'6795fadf593948091c6b12fe93ee3f7e',1,0,0,0,0,0,NULL,119,1,'left',0),(125,'u15652061178',NULL,'a97ef545dc8927e883cc5ab796b16db4',NULL,NULL,NULL,0,NULL,NULL,NULL,NULL,NULL,NULL,NULL,NULL,NULL,NULL,'0000','15652061178','1477994521',1,'48f1667795891875086c4f2b47b495a7',1,0,0,0,0,0,NULL,1,1,'left',0),(126,'u15974252696',NULL,'fd7058f90a81bb8677d04874acba2a82',NULL,NULL,NULL,0,NULL,NULL,NULL,NULL,NULL,NULL,NULL,NULL,NULL,NULL,'0000','15974252696','1478160934',1,'e52647f3bc9c4b6918f163e205cd2369',1,0,0,0,0,0,9,1,1,'left',0),(127,'u18631339971',NULL,'62d1c30c10d7a95cf255143b147694a9',NULL,NULL,NULL,0,NULL,NULL,NULL,NULL,NULL,NULL,NULL,NULL,NULL,NULL,'0000','18631339971','1478353165',1,'c1fac9d31018401f2368f5cd07276ae3',1,0,0,0,0,0,NULL,1,1,'left',0),(128,'u18954066795',NULL,'3671ea67dbd2ae088f9415f475365338',NULL,NULL,NULL,0,NULL,NULL,NULL,NULL,NULL,NULL,NULL,NULL,NULL,NULL,'0000','18954066795','1480570404',1,'8506d57d8a68765ffda48bb5ba1923ac',1,0,0,0,0,0,NULL,1,1,'left',0);
/*!40000 ALTER TABLE `ms_common_member` ENABLE KEYS */;
UNLOCK TABLES;

--
-- Table structure for table `ms_common_member_account`
--

DROP TABLE IF EXISTS `ms_common_member_account`;
/*!40101 SET @saved_cs_client     = @@character_set_client */;
/*!40101 SET character_set_client = utf8 */;
CREATE TABLE `ms_common_member_account` (
  `uid` int(10) NOT NULL,
  `YJT_FEE` decimal(15,2) DEFAULT '0.00' COMMENT '一卷通总额（包括赠送的一卷通）',
  `YJT_GIVE` decimal(15,2) DEFAULT '0.00' COMMENT '赠送的一卷通',
  `YJT_GRANT` decimal(15,2) DEFAULT '0.00' COMMENT '赠出的一卷通',
  `YJT_FEEZE` decimal(15,2) DEFAULT '0.00' COMMENT '冻结的一卷通',
  `GWQ_FEE` decimal(10,2) DEFAULT '0.00' COMMENT '购物券',
  `GWQ_GRANT` decimal(10,2) DEFAULT '0.00' COMMENT '赠出的购物券',
  `BDB_FEE` decimal(10,2) DEFAULT '0.00' COMMENT '报单币',
  `DZB_FEE` decimal(10,2) DEFAULT '0.00' COMMENT '电子币',
  `ZCB_FEE` decimal(10,2) DEFAULT '0.00' COMMENT '资产包',
  `JF_SUM` decimal(10,2) DEFAULT '0.00' COMMENT '积分总和',
  `JF_FEE` decimal(10,2) DEFAULT '0.00' COMMENT '可用积分',
  `JF_FEEZE` decimal(10,2) DEFAULT '0.00' COMMENT '冻结积分',
  `HJ_FEE` int(10) DEFAULT '0',
  PRIMARY KEY (`uid`)
) ENGINE=InnoDB DEFAULT CHARSET=utf8 COMMENT='会员账户';
/*!40101 SET character_set_client = @saved_cs_client */;

--
-- Dumping data for table `ms_common_member_account`
--

LOCK TABLES `ms_common_member_account` WRITE;
/*!40000 ALTER TABLE `ms_common_member_account` DISABLE KEYS */;
INSERT INTO `ms_common_member_account` VALUES (1,1000.00,0.00,0.00,0.00,0.00,NULL,0.00,0.00,0.00,0.00,0.00,0.00,20),(2,790.00,0.00,0.00,200.00,1640.00,NULL,0.00,0.00,12830.00,0.00,0.00,0.00,0),(3,2.00,0.00,0.00,0.00,0.00,NULL,0.00,0.00,0.00,0.00,0.00,0.00,0),(5,0.00,0.00,0.00,0.00,0.00,NULL,0.00,0.00,0.00,0.00,0.00,0.00,0),(6,0.00,0.00,0.00,0.00,500.00,NULL,0.00,0.00,0.00,0.00,0.00,0.00,0),(7,0.00,0.00,0.00,0.00,0.00,NULL,0.00,0.00,0.00,0.00,0.00,0.00,0),(86,0.00,0.00,0.00,0.00,0.40,0.00,0.00,0.00,166790.00,0.00,0.00,0.00,0),(87,0.00,0.00,0.00,0.00,0.00,0.00,0.00,0.00,0.00,0.00,0.00,0.00,0),(88,0.00,0.00,0.00,0.00,1.50,0.00,0.00,0.00,12830.00,0.00,0.00,0.00,0),(89,0.00,0.00,0.00,0.00,0.00,0.00,0.00,0.00,0.00,0.00,0.00,0.00,0),(90,0.00,0.00,0.00,0.00,0.00,0.00,0.00,0.00,0.00,0.00,0.00,0.00,0),(91,0.00,0.00,0.00,0.00,0.00,0.00,0.00,0.00,0.00,0.00,0.00,0.00,0),(92,0.00,0.00,0.00,0.00,0.00,0.00,0.00,0.00,0.00,0.00,0.00,0.00,0),(93,0.00,0.00,0.00,0.00,0.00,0.00,0.00,0.00,0.00,0.00,0.00,0.00,0),(94,1.00,0.00,0.00,0.00,0.50,0.00,0.00,0.00,0.00,0.00,0.00,0.00,0),(95,0.00,0.00,0.00,0.00,0.00,0.00,0.00,0.00,0.00,0.00,0.00,0.00,0),(96,0.00,0.00,0.00,0.00,1.50,0.00,0.00,0.00,0.00,0.00,0.00,0.00,0),(97,0.00,0.00,0.00,0.00,0.00,0.00,0.00,0.00,0.00,0.00,0.00,0.00,0),(98,0.00,0.00,0.00,0.00,1.50,0.00,0.00,0.00,51320.00,0.00,0.00,0.00,0),(99,0.00,0.00,0.00,0.00,0.00,0.00,0.00,0.00,0.00,0.00,0.00,0.00,0),(100,0.00,0.00,0.00,0.00,0.00,0.00,0.00,0.00,0.00,0.00,0.00,0.00,0),(101,0.00,0.00,0.00,0.00,1.50,0.00,0.00,0.00,0.00,0.00,0.00,0.00,0),(102,0.00,0.00,0.00,0.00,0.00,0.00,0.00,0.00,0.00,0.00,0.00,0.00,0),(103,0.00,0.00,0.00,0.00,1.50,0.00,0.00,0.00,0.00,0.00,0.00,0.00,0),(104,0.00,0.00,0.00,0.00,0.00,0.00,0.00,0.00,0.00,0.00,0.00,0.00,0),(105,0.00,0.00,0.00,0.00,3.00,0.00,0.00,0.00,0.00,0.00,0.00,0.00,0),(106,0.00,0.00,0.00,0.00,0.00,0.00,0.00,0.00,0.00,0.00,0.00,0.00,0),(107,0.00,0.00,0.00,0.00,1.50,0.00,0.00,0.00,0.00,0.00,0.00,0.00,0),(108,0.00,0.00,0.00,0.00,0.00,0.00,0.00,0.00,0.00,0.00,0.00,0.00,0),(109,0.00,0.00,0.00,0.00,1.50,0.00,0.00,0.00,0.00,0.00,0.00,0.00,0),(110,0.00,0.00,0.00,0.00,0.00,0.00,0.00,0.00,0.00,0.00,0.00,0.00,0),(111,0.00,0.00,0.00,0.00,1.50,0.00,0.00,0.00,0.00,0.00,0.00,0.00,0),(112,0.00,0.00,0.00,0.00,0.00,0.00,0.00,0.00,0.00,0.00,0.00,0.00,0),(113,0.00,0.00,0.00,0.00,1.50,0.00,0.00,0.00,0.00,0.00,0.00,0.00,0),(114,0.00,0.00,0.00,0.00,0.00,0.00,0.00,0.00,0.00,0.00,0.00,0.00,0),(115,1.00,0.00,0.00,0.00,3.00,0.00,0.00,0.00,12830.00,0.00,0.00,0.00,0),(116,0.00,0.00,0.00,0.00,0.00,0.00,0.00,0.00,0.00,0.00,0.00,0.00,0),(117,0.00,0.00,0.00,0.00,0.00,0.00,0.00,0.00,0.00,0.00,0.00,0.00,0),(118,1.00,0.00,0.00,0.00,0.00,0.00,0.00,0.00,0.00,0.00,0.00,0.00,0),(119,1.00,0.00,0.00,0.00,0.00,0.00,0.00,0.00,12830.00,0.00,0.00,0.00,0),(120,0.00,0.00,0.00,0.00,0.00,0.00,0.00,0.00,0.00,0.00,0.00,0.00,0),(121,9842.00,0.00,0.00,0.00,0.00,0.00,0.00,0.00,0.00,0.00,0.00,0.00,0),(122,0.00,0.00,0.00,0.00,0.00,0.00,0.00,0.00,0.00,0.00,0.00,0.00,0),(123,0.00,0.00,0.00,0.00,0.00,0.00,0.00,0.00,0.00,0.00,0.00,0.00,0),(124,0.00,0.00,0.00,0.00,0.00,0.00,0.00,0.00,0.00,0.00,0.00,0.00,0),(125,0.00,0.00,0.00,0.00,0.00,0.00,0.00,0.00,0.00,0.00,0.00,0.00,0),(126,0.00,0.00,0.00,0.00,0.00,0.00,0.00,0.00,0.00,0.00,0.00,0.00,0),(127,0.00,0.00,0.00,0.00,0.00,0.00,0.00,0.00,0.00,0.00,0.00,0.00,0),(128,9900.00,0.00,0.00,0.00,14770.00,0.00,0.00,0.00,0.00,0.00,0.00,0.00,980);
/*!40000 ALTER TABLE `ms_common_member_account` ENABLE KEYS */;
UNLOCK TABLES;

--
-- Table structure for table `ms_common_member_account_log`
--

DROP TABLE IF EXISTS `ms_common_member_account_log`;
/*!40101 SET @saved_cs_client     = @@character_set_client */;
/*!40101 SET character_set_client = utf8 */;
CREATE TABLE `ms_common_member_account_log` (
  `out_trade_no` char(20) NOT NULL,
  `uid` int(10) DEFAULT NULL,
  `final_fee` decimal(10,2) DEFAULT NULL,
  `trade_fee` decimal(10,2) DEFAULT NULL COMMENT '交易金额',
  `trade_type` int(1) DEFAULT NULL COMMENT '交易类型 1：充值，2：提现，3：消费，4：赠送，5：手续费，6：捐款',
  `trade_code` varchar(10) DEFAULT NULL,
  `reward_code` char(10) DEFAULT '' COMMENT '奖金类型 DPJ：对碰奖 JDJ：见点奖 CXJ：重消奖，ZZJF：增值积分，HJ：黑金 ，JMF：加盟费，GHJ：供货价',
  `desc` varchar(255) DEFAULT NULL,
  `time_start` int(10) DEFAULT NULL COMMENT '插入时间',
  `time_expire` int(10) DEFAULT NULL,
  `trade_status` int(1) DEFAULT '0' COMMENT '交易状态 0 未支付 1 支付完成',
  PRIMARY KEY (`out_trade_no`)
) ENGINE=InnoDB DEFAULT CHARSET=utf8 COMMENT='会员账户日志';
/*!40101 SET character_set_client = @saved_cs_client */;

--
-- Dumping data for table `ms_common_member_account_log`
--

LOCK TABLES `ms_common_member_account_log` WRITE;
/*!40000 ALTER TABLE `ms_common_member_account_log` DISABLE KEYS */;
INSERT INTO `ms_common_member_account_log` VALUES ('14781844933772',121,-1.00,-1.00,3,'YJT','','一卷通消费',1478184493,NULL,0),('14781844938054',1,0.02,0.02,4,'YJT',NULL,'消费一卷通赠送0.02一卷通',1478184493,NULL,0),('14781844945495',121,1.00,1.00,4,'GWQ',NULL,'购物券赠送',1478184494,NULL,0),('14782531551383',119,1.00,1.00,1,'YJT','','一卷通充值',1478253155,NULL,0),('14782531569335',119,1.00,1.00,1,'YJT','','一卷通充值',1478253156,NULL,0),('14782531642427',119,1.00,1.00,1,'YJT','','一卷通充值',1478253164,NULL,0),('14782531666222',119,1.00,1.00,1,'YJT','','一卷通充值',1478253166,NULL,0),('14782531826753',119,1.00,1.00,1,'GWQ','','购物券充值',1478253182,NULL,0),('14782531912837',119,1.00,1.00,1,'GWQ','','购物券充值',1478253191,NULL,0),('14782531929586',119,1.00,1.00,1,'GWQ','','购物券充值',1478253192,NULL,0),('14782531947282',119,1.00,1.00,1,'GWQ','','购物券充值',1478253194,NULL,0),('14782531955561',119,1.00,1.00,1,'GWQ','','购物券充值',1478253195,NULL,0),('14782532017611',119,1.00,1.00,1,'GWQ','','购物券充值',1478253201,NULL,0),('14782541337023',119,1.00,1.00,1,'GWQ','','购物券充值',1478254133,NULL,0),('14782541346117',119,1.00,1.00,1,'GWQ','','购物券充值',1478254134,NULL,0),('14782541409269',119,1.00,1.00,1,'GWQ','','购物券充值',1478254140,NULL,0),('14782544134539',119,1.00,1.00,1,'YJT','','一卷通充值',1478254413,NULL,0),('14782544155094',119,100.00,100.00,1,'YJT','','一卷通充值',1478254415,NULL,0),('14782544196824',119,1000.00,1000.00,1,'YJT','','一卷通充值',1478254419,NULL,0),('14782560546687',119,1.00,1.00,1,'GWQ','','购物券充值',1478256054,NULL,0),('14783112025044',119,1.00,1.00,1,'YJT','','一卷通充值',1478311202,NULL,0),('14783112109000',119,1.00,1.00,1,'GWQ','','购物券充值',1478311210,NULL,0),('14783113228313',119,1.00,1.00,1,'YJT','','一卷通充值',1478311322,NULL,0),('14783113294510',119,1.00,1.00,1,'YJT','','一卷通充值',1478311329,NULL,0),('14783113301755',119,1.00,1.00,1,'YJT','','一卷通充值',1478311330,NULL,0),('14783113347513',119,1.00,1.00,1,'YJT','','一卷通充值',1478311334,NULL,0),('14783238988914',119,1.00,1.00,1,'GWQ','','购物券充值',1478323898,NULL,0),('14783254893009',119,1.00,1.00,1,'GWQ','','购物券充值',1478325489,NULL,0),('14783254952968',119,1.00,1.00,1,'GWQ','','购物券充值',1478325495,NULL,0),('14783255113361',119,1.00,1.00,1,'GWQ','','购物券充值',1478325511,NULL,0),('14784811408367',88,1.00,1.00,1,'YJT','','一卷通充值',1478481140,NULL,0),('14784856777855',88,1.00,1.00,1,'GWQ','','购物券充值',1478485677,NULL,0),('14784857607271',88,1.00,1.00,1,'GWQ','','购物券充值',1478485760,NULL,0),('14784858101210',88,1.00,1.00,1,'GWQ','','购物券充值',1478485810,NULL,0),('14784858974251',88,1.00,1.00,1,'GWQ','','购物券充值',1478485897,NULL,0),('14785002489058',88,1.00,1.00,1,'YJT','','一卷通充值',1478500248,NULL,0),('14785011771781',88,1.00,1.00,1,'YJT','','一卷通充值',1478501177,NULL,0),('14785011785249',88,1.00,1.00,1,'YJT','','一卷通充值',1478501178,NULL,0),('14785017256582',2,100.00,100.00,1,'YJT','','一卷通充值',1478501725,NULL,0),('14796545486773',3,1.00,1.00,7,'YJT','','订单14776577950000退货返还一券通',1479654548,NULL,0),('14796545682470',3,1.00,1.00,7,'YJT','','订单14776577950000退货返还一券通',1479654568,NULL,0),('14805759324991',128,1000.00,1000.00,1,'YJT','','一卷通充值',1480575932,NULL,0),('14805765942401',128,10000.00,10000.00,1,'YJT','','一卷通充值',1480576594,NULL,1),('14805766185784',128,10000.00,10000.00,1,'GWQ','','购物券充值',1480576618,NULL,1),('14805766192214',1,1000.00,1000.00,4,'YJT',NULL,'充值购物券赠送1000一卷通',1480576619,NULL,0),('14805766192931',1,20.00,20.00,4,'HJ','HJ','获得分享赠送一卷通，赠送20黑金',1480576619,NULL,0),('14805766197098',128,980.00,980.00,4,'HJ','','充值10000.00一卷通，由于系统黑金达到上线，只能赠送980黑金',1480576619,NULL,0),('14805766198309',128,5000.00,5000.00,4,'GWQ','','充值购物券赠送购物券',1480576619,NULL,0),('14805768785860',128,-100.00,-100.00,6,'GWQ','','购物券捐款',1480576878,NULL,0),('14805768867921',128,-100.00,-100.00,6,'YJT','','一卷通捐款',1480576886,NULL,0),('14805769844605',128,-130.00,-130.00,3,'GWQ','','购物券消费',1480576984,NULL,0);
/*!40000 ALTER TABLE `ms_common_member_account_log` ENABLE KEYS */;
UNLOCK TABLES;

--
-- Table structure for table `ms_common_member_address`
--

DROP TABLE IF EXISTS `ms_common_member_address`;
/*!40101 SET @saved_cs_client     = @@character_set_client */;
/*!40101 SET character_set_client = utf8 */;
CREATE TABLE `ms_common_member_address` (
  `address_id` int(10) NOT NULL AUTO_INCREMENT,
  `uid` int(10) NOT NULL,
  `consignee` varchar(30) DEFAULT NULL COMMENT '联系人',
  `mobile` char(11) DEFAULT NULL COMMENT '电话',
  `province` int(4) DEFAULT NULL,
  `city` int(4) DEFAULT NULL,
  `district` int(4) DEFAULT NULL,
  `address` varchar(50) DEFAULT NULL,
  `is_def` smallint(1) DEFAULT '0' COMMENT '是否是默认收货地址 0 不是 1 是',
  PRIMARY KEY (`address_id`)
) ENGINE=MyISAM AUTO_INCREMENT=71 DEFAULT CHARSET=utf8 COMMENT='会员的收货地址';
/*!40101 SET character_set_client = @saved_cs_client */;

--
-- Dumping data for table `ms_common_member_address`
--

LOCK TABLES `ms_common_member_address` WRITE;
/*!40000 ALTER TABLE `ms_common_member_address` DISABLE KEYS */;
INSERT INTO `ms_common_member_address` VALUES (10,6,'就金看看','15558554745',12,186,2230,'两路口',1),(3,6,'123123123','11131231231',12,196,2292,'44444444',0),(30,44,'吴东辉','18802062116',18,288,3031,'乾州古城',0),(9,7,'ldjnd','18306431704',8,130,1691,'hdhdh',0),(25,7,'新建测试','18306431704',11,180,2181,'老子的地盘',0),(26,7,'cxx','18845588778',11,180,2181,'我的地盘',1),(28,41,'123','18654542348',1,36,37,'123123',0),(29,41,'啊啊啊','18654542348',15,223,2516,'黄台',1),(27,2,'123','18654542348',1,36,37,'123123123',1),(33,44,'吴东辉','18802062116',1,36,37,'龙',0),(32,44,'吴东','1880206216',3,73,1126,'下午',0),(38,44,'w','18802062111',1,36,37,'d',1),(34,40,'胥传国','15095010388',15,223,2513,'按不同',1),(35,48,'你','15974252691',8,130,1679,'在线么',1),(36,49,'胥传国','15095010388',1,36,37,'123',1),(37,55,'吴东辉','18802062116',1,36,37,'5258',1),(39,61,'吴东辉','18802062116',1,36,37,'土建类',1),(40,62,'与穿梭','15095010385',1,36,37,'123654',1),(41,64,'胥传国','18753137168',1,36,37,'123456',1),(42,67,'错过','1234587',1,36,37,'1235',1),(43,69,'胥传国','18753137166',1,36,37,'胥传国',1),(44,71,'胥传国','18753137166',12,186,2224,'胥传国',1),(45,73,'胥传国','15095010388',20,310,3159,'胥传国',1),(46,75,'胥传国','18753137456',5,95,1417,'渔船',1),(47,77,'胥传国','18753137100',3,73,1126,'祖传句话',1),(48,81,'胥传国','15095010388',8,130,1679,'12387',1),(49,86,'胥传国','18753137165',3,73,1126,'胥传国',1),(50,88,'15095010388','15095010388',3,73,1126,'1587',1),(51,90,'123','18654542348',1,36,37,'123123',1),(52,94,'胥传国','18753137166',1,36,37,'胥传国',1),(53,96,'胥传国','15895871234',1,36,37,'133498',1),(54,98,'胥传国','15095010388',1,36,37,'1234587856',1),(55,101,'15095010578','15095017896',2,40,55,'胥传国',1),(56,103,'花露水','15095014568',4,84,1298,'育碧泉',1),(57,105,'无创投','18753121456',4,84,1298,'呜啊趋势',1),(58,107,'胥传国','18753134567',2,40,55,'无标题',1),(59,109,'呜啊去啊你说','15095040388',1,36,37,'otup',1),(60,111,'jut','15095011232',1,36,37,'具体',1),(61,113,'胥传国','15095010388',1,36,37,'1235',1),(62,115,'胥传国','15095010388',1,36,37,'1234',1),(63,93,'黎军','18374333327',18,288,3031,'乾州和谐酒业网络科技有限公司',1),(64,118,'胥传国','15095010322',13,203,2329,'胥传国',1),(65,119,'胥传国','15095010388',1,36,37,'胥传国',1),(66,117,'胥传国','15095010388',1,36,37,'胥传国',1),(67,121,'胥传国','15095010388',1,36,37,'与记录',1),(68,126,'廖鹏','15974252691',1,36,37,'在内网萧山人',1),(69,92,'是','18513959292',1,36,37,'looutywwooktupkano',1),(70,128,'周末‘','18954066795',1,36,37,'山东济南没有呢',1);
/*!40000 ALTER TABLE `ms_common_member_address` ENABLE KEYS */;
UNLOCK TABLES;

--
-- Table structure for table `ms_common_member_node`
--

DROP TABLE IF EXISTS `ms_common_member_node`;
/*!40101 SET @saved_cs_client     = @@character_set_client */;
/*!40101 SET character_set_client = utf8 */;
CREATE TABLE `ms_common_member_node` (
  `node_id` int(10) NOT NULL AUTO_INCREMENT,
  `uid` int(10) NOT NULL,
  `referrer_id` int(10) DEFAULT NULL COMMENT '推荐人id',
  `left_node_id` int(10) DEFAULT NULL,
  `right_node_id` int(10) DEFAULT NULL,
  `lyj` int(10) DEFAULT '0' COMMENT '左区业绩',
  `ryj` int(10) DEFAULT '0' COMMENT '右区业绩',
  `yj` int(10) DEFAULT '0',
  `ljz` int(10) DEFAULT '0',
  `rjz` int(10) DEFAULT '0',
  `star_level` int(11) DEFAULT NULL COMMENT '星级',
  PRIMARY KEY (`node_id`)
) ENGINE=InnoDB AUTO_INCREMENT=4 DEFAULT CHARSET=utf8 COMMENT='会员节点表（双轨）';
/*!40101 SET character_set_client = @saved_cs_client */;

--
-- Dumping data for table `ms_common_member_node`
--

LOCK TABLES `ms_common_member_node` WRITE;
/*!40000 ALTER TABLE `ms_common_member_node` DISABLE KEYS */;
INSERT INTO `ms_common_member_node` VALUES (1,113,NULL,2,NULL,1,0,0,0,0,4),(2,115,NULL,NULL,NULL,1,0,0,0,0,4),(3,119,NULL,NULL,NULL,1,0,0,0,0,4);
/*!40000 ALTER TABLE `ms_common_member_node` ENABLE KEYS */;
UNLOCK TABLES;

--
-- Table structure for table `ms_common_menu`
--

DROP TABLE IF EXISTS `ms_common_menu`;
/*!40101 SET @saved_cs_client     = @@character_set_client */;
/*!40101 SET character_set_client = utf8 */;
CREATE TABLE `ms_common_menu` (
  `menu_id` int(10) NOT NULL,
  `menu_pid` int(10) DEFAULT NULL,
  `menu_name` char(20) DEFAULT NULL,
  `menu_key` char(20) DEFAULT NULL COMMENT '1module2controller3function',
  `menu_type` int(1) DEFAULT NULL COMMENT '1模块2控制器3方法',
  `menu_function` varchar(50) DEFAULT NULL,
  `icon` char(20) DEFAULT NULL,
  PRIMARY KEY (`menu_id`)
) ENGINE=InnoDB DEFAULT CHARSET=utf8 COMMENT='后台菜单';
/*!40101 SET character_set_client = @saved_cs_client */;

--
-- Dumping data for table `ms_common_menu`
--

LOCK TABLES `ms_common_menu` WRITE;
/*!40000 ALTER TABLE `ms_common_menu` DISABLE KEYS */;
INSERT INTO `ms_common_menu` VALUES (1,0,'用户管理','member',NULL,NULL,''),(2,1,NULL,'admin_manager',NULL,NULL,''),(3,1,NULL,'member_manager',NULL,NULL,''),(4,1,NULL,'reward_setting',NULL,NULL,''),(5,1,NULL,'finance_manager',NULL,NULL,''),(6,1,NULL,'article',NULL,NULL,''),(7,1,NULL,'menu_manager',NULL,NULL,''),(8,2,'管理员列表','admin_list',NULL,'/Admin/Admin/adminList.html',''),(9,2,'添加管理员','admin_add',NULL,'/Admin/Admin/adminView.html',''),(10,2,'角色列表','role_list',NULL,'/Admin/Admin/roleList.html',''),(11,2,'添加角色','role_add',NULL,'/Admin/Admin/roleView.html',''),(12,3,'会员列表','member_list',NULL,'/Admin/Member/memberList.html',''),(13,4,'规则设置','reward_setting',NULL,'/Admin/Reward/setting.html',''),(14,5,'账户流水','running_account',NULL,'/Admin/Finance/PlatformRunning.html',''),(15,5,'提现申请','withdraw_apply',NULL,'/Admin/Finance/withdrawApply.html',''),(16,5,'充值申请','recharge_apply',NULL,'/Admin/Finance/rechargeApply.html',''),(17,6,'文章分类','clist',NULL,'/Admin/Article/clist.html',''),(18,6,'文章列表','articlelist',NULL,'/Admin/Article/article.html',''),(19,6,'添加文章','view',NULL,'/Admin/Article/view.html',''),(20,7,'一键生成','one_key_build',NULL,'/Admin/Menu/oneKeyBuild','');
/*!40000 ALTER TABLE `ms_common_menu` ENABLE KEYS */;
UNLOCK TABLES;

--
-- Table structure for table `ms_common_region`
--

DROP TABLE IF EXISTS `ms_common_region`;
/*!40101 SET @saved_cs_client     = @@character_set_client */;
/*!40101 SET character_set_client = utf8 */;
CREATE TABLE `ms_common_region` (
  `id` int(11) unsigned NOT NULL AUTO_INCREMENT COMMENT '索引ID',
  `name` varchar(50) NOT NULL COMMENT '地区名称',
  `pid` int(11) unsigned NOT NULL DEFAULT '0' COMMENT '地区父ID',
  `sort` tinyint(3) unsigned NOT NULL DEFAULT '0' COMMENT '排序',
  `deep` tinyint(1) unsigned NOT NULL DEFAULT '1' COMMENT '地区深度，从1开始',
  PRIMARY KEY (`id`),
  KEY `area_parent_id` (`pid`)
) ENGINE=InnoDB AUTO_INCREMENT=45056 DEFAULT CHARSET=utf8 COMMENT='地区表';
/*!40101 SET character_set_client = @saved_cs_client */;

--
-- Dumping data for table `ms_common_region`
--

LOCK TABLES `ms_common_region` WRITE;
/*!40000 ALTER TABLE `ms_common_region` DISABLE KEYS */;
INSERT INTO `ms_common_region` VALUES (1,'北京',0,0,1),(2,'天津',0,0,1),(3,'河北省',0,0,1),(4,'山西省',0,0,1),(5,'内蒙古自治区',0,0,1),(6,'辽宁省',0,0,1),(7,'吉林省',0,0,1),(8,'黑龙江省',0,0,1),(9,'上海',0,0,1),(10,'江苏省',0,0,1),(11,'浙江省',0,0,1),(12,'安徽省',0,0,1),(13,'福建省',0,0,1),(14,'江西省',0,0,1),(15,'山东省',0,0,1),(16,'河南省',0,0,1),(17,'湖北省',0,0,1),(18,'湖南省',0,0,1),(19,'广东省',0,0,1),(20,'广西壮族自治区',0,0,1),(21,'海南省',0,0,1),(22,'重庆',0,0,1),(23,'四川省',0,0,1),(24,'贵州省',0,0,1),(25,'云南省',0,0,1),(26,'西藏自治区',0,0,1),(27,'陕西省',0,0,1),(28,'甘肃省',0,0,1),(29,'青海省',0,0,1),(30,'宁夏回族自治区',0,0,1),(31,'新疆维吾尔自治区',0,0,1),(32,'台湾省',0,0,1),(33,'香港特别行政区',0,0,1),(34,'澳门特别行政区',0,0,1),(35,'海外',0,0,1),(36,'北京市',1,0,2),(37,'东城区',36,0,3),(38,'西城区',36,0,3),(39,'上海市',9,0,2),(40,'天津市',2,0,2),(41,'朝阳区',36,0,3),(42,'丰台区',36,0,3),(43,'石景山区',36,0,3),(44,'海淀区',36,0,3),(45,'门头沟区',36,0,3),(46,'房山区',36,0,3),(47,'通州区',36,0,3),(48,'顺义区',36,0,3),(49,'昌平区',36,0,3),(50,'大兴区',36,0,3),(51,'怀柔区',36,0,3),(52,'平谷区',36,0,3),(53,'密云县',36,0,3),(54,'延庆县',36,0,3),(55,'和平区',40,0,3),(56,'河东区',40,0,3),(57,'河西区',40,0,3),(58,'南开区',40,0,3),(59,'河北区',40,0,3),(60,'红桥区',40,0,3),(61,'塘沽区',40,0,3),(62,'重庆市',22,0,2),(64,'东丽区',40,0,3),(65,'西青区',40,0,3),(66,'津南区',40,0,3),(67,'北辰区',40,0,3),(68,'武清区',40,0,3),(69,'宝坻区',40,0,3),(70,'宁河县',40,0,3),(71,'静海县',40,0,3),(72,'蓟县',40,0,3),(73,'石家庄市',3,0,2),(74,'唐山市',3,0,2),(75,'秦皇岛市',3,0,2),(76,'邯郸市',3,0,2),(77,'邢台市',3,0,2),(78,'保定市',3,0,2),(79,'张家口市',3,0,2),(80,'承德市',3,0,2),(81,'衡水市',3,0,2),(82,'廊坊市',3,0,2),(83,'沧州市',3,0,2),(84,'太原市',4,0,2),(85,'大同市',4,0,2),(86,'阳泉市',4,0,2),(87,'长治市',4,0,2),(88,'晋城市',4,0,2),(89,'朔州市',4,0,2),(90,'晋中市',4,0,2),(91,'运城市',4,0,2),(92,'忻州市',4,0,2),(93,'临汾市',4,0,2),(94,'吕梁市',4,0,2),(95,'呼和浩特市',5,0,2),(96,'包头市',5,0,2),(97,'乌海市',5,0,2),(98,'赤峰市',5,0,2),(99,'通辽市',5,0,2),(100,'鄂尔多斯市',5,0,2),(101,'呼伦贝尔市',5,0,2),(102,'巴彦淖尔市',5,0,2),(103,'乌兰察布市',5,0,2),(104,'兴安盟',5,0,2),(105,'锡林郭勒盟',5,0,2),(106,'阿拉善盟',5,0,2),(107,'沈阳市',6,0,2),(108,'大连市',6,0,2),(109,'鞍山市',6,0,2),(110,'抚顺市',6,0,2),(111,'本溪市',6,0,2),(112,'丹东市',6,0,2),(113,'锦州市',6,0,2),(114,'营口市',6,0,2),(115,'阜新市',6,0,2),(116,'辽阳市',6,0,2),(117,'盘锦市',6,0,2),(118,'铁岭市',6,0,2),(119,'朝阳市',6,0,2),(120,'葫芦岛市',6,0,2),(121,'长春市',7,0,2),(122,'吉林市',7,0,2),(123,'四平市',7,0,2),(124,'辽源市',7,0,2),(125,'通化市',7,0,2),(126,'白山市',7,0,2),(127,'松原市',7,0,2),(128,'白城市',7,0,2),(129,'延边朝鲜族自治州',7,0,2),(130,'哈尔滨市',8,0,2),(131,'齐齐哈尔市',8,0,2),(132,'鸡西市',8,0,2),(133,'鹤岗市',8,0,2),(134,'双鸭山市',8,0,2),(135,'大庆市',8,0,2),(136,'伊春市',8,0,2),(137,'佳木斯市',8,0,2),(138,'七台河市',8,0,2),(139,'牡丹江市',8,0,2),(140,'黑河市',8,0,2),(141,'绥化市',8,0,2),(142,'大兴安岭地区',8,0,2),(143,'黄浦区',39,0,3),(144,'卢湾区',39,0,3),(145,'徐汇区',39,0,3),(146,'长宁区',39,0,3),(147,'静安区',39,0,3),(148,'普陀区',39,0,3),(149,'闸北区',39,0,3),(150,'虹口区',39,0,3),(151,'杨浦区',39,0,3),(152,'闵行区',39,0,3),(153,'宝山区',39,0,3),(154,'嘉定区',39,0,3),(155,'浦东新区',39,0,3),(156,'金山区',39,0,3),(157,'松江区',39,0,3),(158,'青浦区',39,0,3),(159,'南汇区',39,0,3),(160,'奉贤区',39,0,3),(161,'崇明县',39,0,3),(162,'南京市',10,0,2),(163,'无锡市',10,0,2),(164,'徐州市',10,0,2),(165,'常州市',10,0,2),(166,'苏州市',10,0,2),(167,'南通市',10,0,2),(168,'连云港市',10,0,2),(169,'淮安市',10,0,2),(170,'盐城市',10,0,2),(171,'扬州市',10,0,2),(172,'镇江市',10,0,2),(173,'泰州市',10,0,2),(174,'宿迁市',10,0,2),(175,'杭州市',11,0,2),(176,'宁波市',11,0,2),(177,'温州市',11,0,2),(178,'嘉兴市',11,0,2),(179,'湖州市',11,0,2),(180,'绍兴市',11,0,2),(181,'舟山市',11,0,2),(182,'衢州市',11,0,2),(183,'金华市',11,0,2),(184,'台州市',11,0,2),(185,'丽水市',11,0,2),(186,'合肥市',12,0,2),(187,'芜湖市',12,0,2),(188,'蚌埠市',12,0,2),(189,'淮南市',12,0,2),(190,'马鞍山市',12,0,2),(191,'淮北市',12,0,2),(192,'铜陵市',12,0,2),(193,'安庆市',12,0,2),(194,'黄山市',12,0,2),(195,'滁州市',12,0,2),(196,'阜阳市',12,0,2),(197,'宿州市',12,0,2),(198,'巢湖市',12,0,2),(199,'六安市',12,0,2),(200,'亳州市',12,0,2),(201,'池州市',12,0,2),(202,'宣城市',12,0,2),(203,'福州市',13,0,2),(204,'厦门市',13,0,2),(205,'莆田市',13,0,2),(206,'三明市',13,0,2),(207,'泉州市',13,0,2),(208,'漳州市',13,0,2),(209,'南平市',13,0,2),(210,'龙岩市',13,0,2),(211,'宁德市',13,0,2),(212,'南昌市',14,0,2),(213,'景德镇市',14,0,2),(214,'萍乡市',14,0,2),(215,'九江市',14,0,2),(216,'新余市',14,0,2),(217,'鹰潭市',14,0,2),(218,'赣州市',14,0,2),(219,'吉安市',14,0,2),(220,'宜春市',14,0,2),(221,'抚州市',14,0,2),(222,'上饶市',14,0,2),(223,'济南市',15,0,2),(224,'青岛市',15,0,2),(225,'淄博市',15,0,2),(226,'枣庄市',15,0,2),(227,'东营市',15,0,2),(228,'烟台市',15,0,2),(229,'潍坊市',15,0,2),(230,'济宁市',15,0,2),(231,'泰安市',15,0,2),(232,'威海市',15,0,2),(233,'日照市',15,0,2),(234,'莱芜市',15,0,2),(235,'临沂市',15,0,2),(236,'德州市',15,0,2),(237,'聊城市',15,0,2),(238,'滨州市',15,0,2),(239,'菏泽市',15,0,2),(240,'郑州市',16,0,2),(241,'开封市',16,0,2),(242,'洛阳市',16,0,2),(243,'平顶山市',16,0,2),(244,'安阳市',16,0,2),(245,'鹤壁市',16,0,2),(246,'新乡市',16,0,2),(247,'焦作市',16,0,2),(248,'濮阳市',16,0,2),(249,'许昌市',16,0,2),(250,'漯河市',16,0,2),(251,'三门峡市',16,0,2),(252,'南阳市',16,0,2),(253,'商丘市',16,0,2),(254,'信阳市',16,0,2),(255,'周口市',16,0,2),(256,'驻马店市',16,0,2),(257,'济源市',16,0,2),(258,'武汉市',17,0,2),(259,'黄石市',17,0,2),(260,'十堰市',17,0,2),(261,'宜昌市',17,0,2),(262,'襄樊市',17,0,2),(263,'鄂州市',17,0,2),(264,'荆门市',17,0,2),(265,'孝感市',17,0,2),(266,'荆州市',17,0,2),(267,'黄冈市',17,0,2),(268,'咸宁市',17,0,2),(269,'随州市',17,0,2),(270,'恩施土家族苗族自治州',17,0,2),(271,'仙桃市',17,0,2),(272,'潜江市',17,0,2),(273,'天门市',17,0,2),(274,'神农架林区',17,0,2),(275,'长沙市',18,0,2),(276,'株洲市',18,0,2),(277,'湘潭市',18,0,2),(278,'衡阳市',18,0,2),(279,'邵阳市',18,0,2),(280,'岳阳市',18,0,2),(281,'常德市',18,0,2),(282,'张家界市',18,0,2),(283,'益阳市',18,0,2),(284,'郴州市',18,0,2),(285,'永州市',18,0,2),(286,'怀化市',18,0,2),(287,'娄底市',18,0,2),(288,'湘西土家族苗族自治州',18,0,2),(289,'广州市',19,0,2),(290,'韶关市',19,0,2),(291,'深圳市',19,0,2),(292,'珠海市',19,0,2),(293,'汕头市',19,0,2),(294,'佛山市',19,0,2),(295,'江门市',19,0,2),(296,'湛江市',19,0,2),(297,'茂名市',19,0,2),(298,'肇庆市',19,0,2),(299,'惠州市',19,0,2),(300,'梅州市',19,0,2),(301,'汕尾市',19,0,2),(302,'河源市',19,0,2),(303,'阳江市',19,0,2),(304,'清远市',19,0,2),(305,'东莞市',19,0,2),(306,'中山市',19,0,2),(307,'潮州市',19,0,2),(308,'揭阳市',19,0,2),(309,'云浮市',19,0,2),(310,'南宁市',20,0,2),(311,'柳州市',20,0,2),(312,'桂林市',20,0,2),(313,'梧州市',20,0,2),(314,'北海市',20,0,2),(315,'防城港市',20,0,2),(316,'钦州市',20,0,2),(317,'贵港市',20,0,2),(318,'玉林市',20,0,2),(319,'百色市',20,0,2),(320,'贺州市',20,0,2),(321,'河池市',20,0,2),(322,'来宾市',20,0,2),(323,'崇左市',20,0,2),(324,'海口市',21,0,2),(325,'三亚市',21,0,2),(326,'五指山市',21,0,2),(327,'琼海市',21,0,2),(328,'儋州市',21,0,2),(329,'文昌市',21,0,2),(330,'万宁市',21,0,2),(331,'东方市',21,0,2),(332,'定安县',21,0,2),(333,'屯昌县',21,0,2),(334,'澄迈县',21,0,2),(335,'临高县',21,0,2),(336,'白沙黎族自治县',21,0,2),(337,'昌江黎族自治县',21,0,2),(338,'乐东黎族自治县',21,0,2),(339,'陵水黎族自治县',21,0,2),(340,'保亭黎族苗族自治县',21,0,2),(341,'琼中黎族苗族自治县',21,0,2),(342,'西沙群岛',21,0,2),(343,'南沙群岛',21,0,2),(344,'中沙群岛的岛礁及其海域',21,0,2),(345,'万州区',62,0,3),(346,'涪陵区',62,0,3),(347,'渝中区',62,0,3),(348,'大渡口区',62,0,3),(349,'江北区',62,0,3),(350,'沙坪坝区',62,0,3),(351,'九龙坡区',62,0,3),(352,'南岸区',62,0,3),(353,'北碚区',62,0,3),(354,'双桥区',62,0,3),(355,'万盛区',62,0,3),(356,'渝北区',62,0,3),(357,'巴南区',62,0,3),(358,'黔江区',62,0,3),(359,'长寿区',62,0,3),(360,'綦江县',62,0,3),(361,'潼南县',62,0,3),(362,'铜梁县',62,0,3),(363,'大足县',62,0,3),(364,'荣昌县',62,0,3),(365,'璧山县',62,0,3),(366,'梁平县',62,0,3),(367,'城口县',62,0,3),(368,'丰都县',62,0,3),(369,'垫江县',62,0,3),(370,'武隆县',62,0,3),(371,'忠县',62,0,3),(372,'开县',62,0,3),(373,'云阳县',62,0,3),(374,'奉节县',62,0,3),(375,'巫山县',62,0,3),(376,'巫溪县',62,0,3),(377,'石柱土家族自治县',62,0,3),(378,'秀山土家族苗族自治县',62,0,3),(379,'酉阳土家族苗族自治县',62,0,3),(380,'彭水苗族土家族自治县',62,0,3),(381,'江津市',62,0,3),(382,'合川市',62,0,3),(383,'永川市',62,0,3),(384,'南川市',62,0,3),(385,'成都市',23,0,2),(386,'自贡市',23,0,2),(387,'攀枝花市',23,0,2),(388,'泸州市',23,0,2),(389,'德阳市',23,0,2),(390,'绵阳市',23,0,2),(391,'广元市',23,0,2),(392,'遂宁市',23,0,2),(393,'内江市',23,0,2),(394,'乐山市',23,0,2),(395,'南充市',23,0,2),(396,'眉山市',23,0,2),(397,'宜宾市',23,0,2),(398,'广安市',23,0,2),(399,'达州市',23,0,2),(400,'雅安市',23,0,2),(401,'巴中市',23,0,2),(402,'资阳市',23,0,2),(403,'阿坝藏族羌族自治州',23,0,2),(404,'甘孜藏族自治州',23,0,2),(405,'凉山彝族自治州',23,0,2),(406,'贵阳市',24,0,2),(407,'六盘水市',24,0,2),(408,'遵义市',24,0,2),(409,'安顺市',24,0,2),(410,'铜仁地区',24,0,2),(411,'黔西南布依族苗族自治州',24,0,2),(412,'毕节地区',24,0,2),(413,'黔东南苗族侗族自治州',24,0,2),(414,'黔南布依族苗族自治州',24,0,2),(415,'昆明市',25,0,2),(416,'曲靖市',25,0,2),(417,'玉溪市',25,0,2),(418,'保山市',25,0,2),(419,'昭通市',25,0,2),(420,'丽江市',25,0,2),(421,'思茅市',25,0,2),(422,'临沧市',25,0,2),(423,'楚雄彝族自治州',25,0,2),(424,'红河哈尼族彝族自治州',25,0,2),(425,'文山壮族苗族自治州',25,0,2),(426,'西双版纳傣族自治州',25,0,2),(427,'大理白族自治州',25,0,2),(428,'德宏傣族景颇族自治州',25,0,2),(429,'怒江傈僳族自治州',25,0,2),(430,'迪庆藏族自治州',25,0,2),(431,'拉萨市',26,0,2),(432,'昌都地区',26,0,2),(433,'山南地区',26,0,2),(434,'日喀则地区',26,0,2),(435,'那曲地区',26,0,2),(436,'阿里地区',26,0,2),(437,'林芝地区',26,0,2),(438,'西安市',27,0,2),(439,'铜川市',27,0,2),(440,'宝鸡市',27,0,2),(441,'咸阳市',27,0,2),(442,'渭南市',27,0,2),(443,'延安市',27,0,2),(444,'汉中市',27,0,2),(445,'榆林市',27,0,2),(446,'安康市',27,0,2),(447,'商洛市',27,0,2),(448,'兰州市',28,0,2),(449,'嘉峪关市',28,0,2),(450,'金昌市',28,0,2),(451,'白银市',28,0,2),(452,'天水市',28,0,2),(453,'武威市',28,0,2),(454,'张掖市',28,0,2),(455,'平凉市',28,0,2),(456,'酒泉市',28,0,2),(457,'庆阳市',28,0,2),(458,'定西市',28,0,2),(459,'陇南市',28,0,2),(460,'临夏回族自治州',28,0,2),(461,'甘南藏族自治州',28,0,2),(462,'西宁市',29,0,2),(463,'海东地区',29,0,2),(464,'海北藏族自治州',29,0,2),(465,'黄南藏族自治州',29,0,2),(466,'海南藏族自治州',29,0,2),(467,'果洛藏族自治州',29,0,2),(468,'玉树藏族自治州',29,0,2),(469,'海西蒙古族藏族自治州',29,0,2),(470,'银川市',30,0,2),(471,'石嘴山市',30,0,2),(472,'吴忠市',30,0,2),(473,'固原市',30,0,2),(474,'中卫市',30,0,2),(475,'乌鲁木齐市',31,0,2),(476,'克拉玛依市',31,0,2),(477,'吐鲁番地区',31,0,2),(478,'哈密地区',31,0,2),(479,'昌吉回族自治州',31,0,2),(480,'博尔塔拉蒙古自治州',31,0,2),(481,'巴音郭楞蒙古自治州',31,0,2),(482,'阿克苏地区',31,0,2),(483,'克孜勒苏柯尔克孜自治州',31,0,2),(484,'喀什地区',31,0,2),(485,'和田地区',31,0,2),(486,'伊犁哈萨克自治州',31,0,2),(487,'塔城地区',31,0,2),(488,'阿勒泰地区',31,0,2),(489,'石河子市',31,0,2),(490,'阿拉尔市',31,0,2),(491,'图木舒克市',31,0,2),(492,'五家渠市',31,0,2),(493,'台北市',32,0,2),(494,'高雄市',32,0,2),(495,'基隆市',32,0,2),(496,'台中市',32,0,2),(497,'台南市',32,0,2),(498,'新竹市',32,0,2),(499,'嘉义市',32,0,2),(500,'台北县',32,0,2),(501,'宜兰县',32,0,2),(502,'桃园县',32,0,2),(503,'新竹县',32,0,2),(504,'苗栗县',32,0,2),(505,'台中县',32,0,2),(506,'彰化县',32,0,2),(507,'南投县',32,0,2),(508,'云林县',32,0,2),(509,'嘉义县',32,0,2),(510,'台南县',32,0,2),(511,'高雄县',32,0,2),(512,'屏东县',32,0,2),(513,'澎湖县',32,0,2),(514,'台东县',32,0,2),(515,'花莲县',32,0,2),(516,'中西区',33,0,2),(517,'东区',33,0,2),(518,'九龙城区',33,0,2),(519,'观塘区',33,0,2),(520,'南区',33,0,2),(521,'深水埗区',33,0,2),(522,'黄大仙区',33,0,2),(523,'湾仔区',33,0,2),(524,'油尖旺区',33,0,2),(525,'离岛区',33,0,2),(526,'葵青区',33,0,2),(527,'北区',33,0,2),(528,'西贡区',33,0,2),(529,'沙田区',33,0,2),(530,'屯门区',33,0,2),(531,'大埔区',33,0,2),(532,'荃湾区',33,0,2),(533,'元朗区',33,0,2),(534,'澳门特别行政区',34,0,2),(535,'美国',45055,0,3),(536,'加拿大',45055,0,3),(537,'澳大利亚',45055,0,3),(538,'新西兰',45055,0,3),(539,'英国',45055,0,3),(540,'法国',45055,0,3),(541,'德国',45055,0,3),(542,'捷克',45055,0,3),(543,'荷兰',45055,0,3),(544,'瑞士',45055,0,3),(545,'希腊',45055,0,3),(546,'挪威',45055,0,3),(547,'瑞典',45055,0,3),(548,'丹麦',45055,0,3),(549,'芬兰',45055,0,3),(550,'爱尔兰',45055,0,3),(551,'奥地利',45055,0,3),(552,'意大利',45055,0,3),(553,'乌克兰',45055,0,3),(554,'俄罗斯',45055,0,3),(555,'西班牙',45055,0,3),(556,'韩国',45055,0,3),(557,'新加坡',45055,0,3),(558,'马来西亚',45055,0,3),(559,'印度',45055,0,3),(560,'泰国',45055,0,3),(561,'日本',45055,0,3),(562,'巴西',45055,0,3),(563,'阿根廷',45055,0,3),(564,'南非',45055,0,3),(565,'埃及',45055,0,3),(566,'其他',36,0,3),(1126,'井陉县',73,0,3),(1127,'井陉矿区',73,0,3),(1128,'元氏县',73,0,3),(1129,'平山县',73,0,3),(1130,'新乐市',73,0,3),(1131,'新华区',73,0,3),(1132,'无极县',73,0,3),(1133,'晋州市',73,0,3),(1134,'栾城县',73,0,3),(1135,'桥东区',73,0,3),(1136,'桥西区',73,0,3),(1137,'正定县',73,0,3),(1138,'深泽县',73,0,3),(1139,'灵寿县',73,0,3),(1140,'藁城市',73,0,3),(1141,'行唐县',73,0,3),(1142,'裕华区',73,0,3),(1143,'赞皇县',73,0,3),(1144,'赵县',73,0,3),(1145,'辛集市',73,0,3),(1146,'长安区',73,0,3),(1147,'高邑县',73,0,3),(1148,'鹿泉市',73,0,3),(1149,'丰南区',74,0,3),(1150,'丰润区',74,0,3),(1151,'乐亭县',74,0,3),(1152,'古冶区',74,0,3),(1153,'唐海县',74,0,3),(1154,'开平区',74,0,3),(1155,'滦南县',74,0,3),(1156,'滦县',74,0,3),(1157,'玉田县',74,0,3),(1158,'路北区',74,0,3),(1159,'路南区',74,0,3),(1160,'迁安市',74,0,3),(1161,'迁西县',74,0,3),(1162,'遵化市',74,0,3),(1163,'北戴河区',75,0,3),(1164,'卢龙县',75,0,3),(1165,'山海关区',75,0,3),(1166,'抚宁县',75,0,3),(1167,'昌黎县',75,0,3),(1168,'海港区',75,0,3),(1169,'青龙满族自治县',75,0,3),(1170,'丛台区',76,0,3),(1171,'临漳县',76,0,3),(1172,'复兴区',76,0,3),(1173,'大名县',76,0,3),(1174,'峰峰矿区',76,0,3),(1175,'广平县',76,0,3),(1176,'成安县',76,0,3),(1177,'曲周县',76,0,3),(1178,'武安市',76,0,3),(1179,'永年县',76,0,3),(1180,'涉县',76,0,3),(1181,'磁县',76,0,3),(1182,'肥乡县',76,0,3),(1183,'邯山区',76,0,3),(1184,'邯郸县',76,0,3),(1185,'邱县',76,0,3),(1186,'馆陶县',76,0,3),(1187,'魏县',76,0,3),(1188,'鸡泽县',76,0,3),(1189,'临城县',77,0,3),(1190,'临西县',77,0,3),(1191,'任县',77,0,3),(1192,'内丘县',77,0,3),(1193,'南和县',77,0,3),(1194,'南宫市',77,0,3),(1195,'威县',77,0,3),(1196,'宁晋县',77,0,3),(1197,'巨鹿县',77,0,3),(1198,'平乡县',77,0,3),(1199,'广宗县',77,0,3),(1200,'新河县',77,0,3),(1201,'柏乡县',77,0,3),(1202,'桥东区',77,0,3),(1203,'桥西区',77,0,3),(1204,'沙河市',77,0,3),(1205,'清河县',77,0,3),(1206,'邢台县',77,0,3),(1207,'隆尧县',77,0,3),(1208,'北市区',78,0,3),(1209,'南市区',78,0,3),(1210,'博野县',78,0,3),(1211,'唐县',78,0,3),(1212,'安国市',78,0,3),(1213,'安新县',78,0,3),(1214,'定兴县',78,0,3),(1215,'定州市',78,0,3),(1216,'容城县',78,0,3),(1217,'徐水县',78,0,3),(1218,'新市区',78,0,3),(1219,'易县',78,0,3),(1220,'曲阳县',78,0,3),(1221,'望都县',78,0,3),(1222,'涞水县',78,0,3),(1223,'涞源县',78,0,3),(1224,'涿州市',78,0,3),(1225,'清苑县',78,0,3),(1226,'满城县',78,0,3),(1227,'蠡县',78,0,3),(1228,'阜平县',78,0,3),(1229,'雄县',78,0,3),(1230,'顺平县',78,0,3),(1231,'高碑店市',78,0,3),(1232,'高阳县',78,0,3),(1233,'万全县',79,0,3),(1234,'下花园区',79,0,3),(1235,'宣化区',79,0,3),(1236,'宣化县',79,0,3),(1237,'尚义县',79,0,3),(1238,'崇礼县',79,0,3),(1239,'康保县',79,0,3),(1240,'张北县',79,0,3),(1241,'怀安县',79,0,3),(1242,'怀来县',79,0,3),(1243,'桥东区',79,0,3),(1244,'桥西区',79,0,3),(1245,'沽源县',79,0,3),(1246,'涿鹿县',79,0,3),(1247,'蔚县',79,0,3),(1248,'赤城县',79,0,3),(1249,'阳原县',79,0,3),(1250,'丰宁满族自治县',80,0,3),(1251,'兴隆县',80,0,3),(1252,'双桥区',80,0,3),(1253,'双滦区',80,0,3),(1254,'围场满族蒙古族自治县',80,0,3),(1255,'宽城满族自治县',80,0,3),(1256,'平泉县',80,0,3),(1257,'承德县',80,0,3),(1258,'滦平县',80,0,3),(1259,'隆化县',80,0,3),(1260,'鹰手营子矿区',80,0,3),(1261,'冀州市',81,0,3),(1262,'安平县',81,0,3),(1263,'故城县',81,0,3),(1264,'景县',81,0,3),(1265,'枣强县',81,0,3),(1266,'桃城区',81,0,3),(1267,'武强县',81,0,3),(1268,'武邑县',81,0,3),(1269,'深州市',81,0,3),(1270,'阜城县',81,0,3),(1271,'饶阳县',81,0,3),(1272,'三河市',82,0,3),(1273,'固安县',82,0,3),(1274,'大厂回族自治县',82,0,3),(1275,'大城县',82,0,3),(1276,'安次区',82,0,3),(1277,'广阳区',82,0,3),(1278,'文安县',82,0,3),(1279,'永清县',82,0,3),(1280,'霸州市',82,0,3),(1281,'香河县',82,0,3),(1282,'东光县',83,0,3),(1283,'任丘市',83,0,3),(1284,'南皮县',83,0,3),(1285,'吴桥县',83,0,3),(1286,'孟村回族自治县',83,0,3),(1287,'新华区',83,0,3),(1288,'沧县',83,0,3),(1289,'河间市',83,0,3),(1290,'泊头市',83,0,3),(1291,'海兴县',83,0,3),(1292,'献县',83,0,3),(1293,'盐山县',83,0,3),(1294,'肃宁县',83,0,3),(1295,'运河区',83,0,3),(1296,'青县',83,0,3),(1297,'黄骅市',83,0,3),(1298,'万柏林区',84,0,3),(1299,'古交市',84,0,3),(1300,'娄烦县',84,0,3),(1301,'小店区',84,0,3),(1302,'尖草坪区',84,0,3),(1303,'晋源区',84,0,3),(1304,'杏花岭区',84,0,3),(1305,'清徐县',84,0,3),(1306,'迎泽区',84,0,3),(1307,'阳曲县',84,0,3),(1308,'南郊区',85,0,3),(1309,'城区',85,0,3),(1310,'大同县',85,0,3),(1311,'天镇县',85,0,3),(1312,'左云县',85,0,3),(1313,'广灵县',85,0,3),(1314,'新荣区',85,0,3),(1315,'浑源县',85,0,3),(1316,'灵丘县',85,0,3),(1317,'矿区',85,0,3),(1318,'阳高县',85,0,3),(1319,'城区',86,0,3),(1320,'平定县',86,0,3),(1321,'盂县',86,0,3),(1322,'矿区',86,0,3),(1323,'郊区',86,0,3),(1324,'城区',87,0,3),(1325,'壶关县',87,0,3),(1326,'屯留县',87,0,3),(1327,'平顺县',87,0,3),(1328,'武乡县',87,0,3),(1329,'沁县',87,0,3),(1330,'沁源县',87,0,3),(1331,'潞城市',87,0,3),(1332,'襄垣县',87,0,3),(1333,'郊区',87,0,3),(1334,'长子县',87,0,3),(1335,'长治县',87,0,3),(1336,'黎城县',87,0,3),(1337,'城区',88,0,3),(1338,'沁水县',88,0,3),(1339,'泽州县',88,0,3),(1340,'阳城县',88,0,3),(1341,'陵川县',88,0,3),(1342,'高平市',88,0,3),(1343,'右玉县',89,0,3),(1344,'山阴县',89,0,3),(1345,'平鲁区',89,0,3),(1346,'应县',89,0,3),(1347,'怀仁县',89,0,3),(1348,'朔城区',89,0,3),(1349,'介休市',90,0,3),(1350,'和顺县',90,0,3),(1351,'太谷县',90,0,3),(1352,'寿阳县',90,0,3),(1353,'左权县',90,0,3),(1354,'平遥县',90,0,3),(1355,'昔阳县',90,0,3),(1356,'榆次区',90,0,3),(1357,'榆社县',90,0,3),(1358,'灵石县',90,0,3),(1359,'祁县',90,0,3),(1360,'万荣县',91,0,3),(1361,'临猗县',91,0,3),(1362,'垣曲县',91,0,3),(1363,'夏县',91,0,3),(1364,'平陆县',91,0,3),(1365,'新绛县',91,0,3),(1366,'永济市',91,0,3),(1367,'河津市',91,0,3),(1368,'盐湖区',91,0,3),(1369,'稷山县',91,0,3),(1370,'绛县',91,0,3),(1371,'芮城县',91,0,3),(1372,'闻喜县',91,0,3),(1373,'五台县',92,0,3),(1374,'五寨县',92,0,3),(1375,'代县',92,0,3),(1376,'保德县',92,0,3),(1377,'偏关县',92,0,3),(1378,'原平市',92,0,3),(1379,'宁武县',92,0,3),(1380,'定襄县',92,0,3),(1381,'岢岚县',92,0,3),(1382,'忻府区',92,0,3),(1383,'河曲县',92,0,3),(1384,'神池县',92,0,3),(1385,'繁峙县',92,0,3),(1386,'静乐县',92,0,3),(1387,'乡宁县',93,0,3),(1388,'侯马市',93,0,3),(1389,'古县',93,0,3),(1390,'吉县',93,0,3),(1391,'大宁县',93,0,3),(1392,'安泽县',93,0,3),(1393,'尧都区',93,0,3),(1394,'曲沃县',93,0,3),(1395,'永和县',93,0,3),(1396,'汾西县',93,0,3),(1397,'洪洞县',93,0,3),(1398,'浮山县',93,0,3),(1399,'翼城县',93,0,3),(1400,'蒲县',93,0,3),(1401,'襄汾县',93,0,3),(1402,'隰县',93,0,3),(1403,'霍州市',93,0,3),(1404,'中阳县',94,0,3),(1405,'临县',94,0,3),(1406,'交口县',94,0,3),(1407,'交城县',94,0,3),(1408,'兴县',94,0,3),(1409,'孝义市',94,0,3),(1410,'岚县',94,0,3),(1411,'文水县',94,0,3),(1412,'方山县',94,0,3),(1413,'柳林县',94,0,3),(1414,'汾阳市',94,0,3),(1415,'石楼县',94,0,3),(1416,'离石区',94,0,3),(1417,'和林格尔县',95,0,3),(1418,'回民区',95,0,3),(1419,'土默特左旗',95,0,3),(1420,'托克托县',95,0,3),(1421,'新城区',95,0,3),(1422,'武川县',95,0,3),(1423,'清水河县',95,0,3),(1424,'玉泉区',95,0,3),(1425,'赛罕区',95,0,3),(1426,'东河区',96,0,3),(1427,'九原区',96,0,3),(1428,'固阳县',96,0,3),(1429,'土默特右旗',96,0,3),(1430,'昆都仑区',96,0,3),(1431,'白云矿区',96,0,3),(1432,'石拐区',96,0,3),(1433,'达尔罕茂明安联合旗',96,0,3),(1434,'青山区',96,0,3),(1435,'乌达区',97,0,3),(1436,'海勃湾区',97,0,3),(1437,'海南区',97,0,3),(1438,'元宝山区',98,0,3),(1439,'克什克腾旗',98,0,3),(1440,'喀喇沁旗',98,0,3),(1441,'宁城县',98,0,3),(1442,'巴林右旗',98,0,3),(1443,'巴林左旗',98,0,3),(1444,'敖汉旗',98,0,3),(1445,'松山区',98,0,3),(1446,'林西县',98,0,3),(1447,'红山区',98,0,3),(1448,'翁牛特旗',98,0,3),(1449,'阿鲁科尔沁旗',98,0,3),(1450,'奈曼旗',99,0,3),(1451,'库伦旗',99,0,3),(1452,'开鲁县',99,0,3),(1453,'扎鲁特旗',99,0,3),(1454,'科尔沁区',99,0,3),(1455,'科尔沁左翼中旗',99,0,3),(1456,'科尔沁左翼后旗',99,0,3),(1457,'霍林郭勒市',99,0,3),(1458,'东胜区',100,0,3),(1459,'乌审旗',100,0,3),(1460,'伊金霍洛旗',100,0,3),(1461,'准格尔旗',100,0,3),(1462,'杭锦旗',100,0,3),(1463,'达拉特旗',100,0,3),(1464,'鄂东胜区',100,0,3),(1465,'鄂托克前旗',100,0,3),(1466,'鄂托克旗',100,0,3),(1467,'扎兰屯市',101,0,3),(1468,'新巴尔虎右旗',101,0,3),(1469,'新巴尔虎左旗',101,0,3),(1470,'根河市',101,0,3),(1471,'海拉尔区',101,0,3),(1472,'满洲里市',101,0,3),(1473,'牙克石市',101,0,3),(1474,'莫力达瓦达斡尔族自治旗',101,0,3),(1475,'鄂伦春自治旗',101,0,3),(1476,'鄂温克族自治旗',101,0,3),(1477,'阿荣旗',101,0,3),(1478,'陈巴尔虎旗',101,0,3),(1479,'额尔古纳市',101,0,3),(1480,'临河区',102,0,3),(1481,'乌拉特中旗',102,0,3),(1482,'乌拉特前旗',102,0,3),(1483,'乌拉特后旗',102,0,3),(1484,'五原县',102,0,3),(1485,'杭锦后旗',102,0,3),(1486,'磴口县',102,0,3),(1487,'丰镇市',103,0,3),(1488,'兴和县',103,0,3),(1489,'凉城县',103,0,3),(1490,'化德县',103,0,3),(1491,'卓资县',103,0,3),(1492,'商都县',103,0,3),(1493,'四子王旗',103,0,3),(1494,'察哈尔右翼中旗',103,0,3),(1495,'察哈尔右翼前旗',103,0,3),(1496,'察哈尔右翼后旗',103,0,3),(1497,'集宁区',103,0,3),(1498,'乌兰浩特市',104,0,3),(1499,'扎赉特旗',104,0,3),(1500,'科尔沁右翼中旗',104,0,3),(1501,'科尔沁右翼前旗',104,0,3),(1502,'突泉县',104,0,3),(1503,'阿尔山市',104,0,3),(1504,'东乌珠穆沁旗',105,0,3),(1505,'二连浩特市',105,0,3),(1506,'多伦县',105,0,3),(1507,'太仆寺旗',105,0,3),(1508,'正蓝旗',105,0,3),(1509,'正镶白旗',105,0,3),(1510,'苏尼特右旗',105,0,3),(1511,'苏尼特左旗',105,0,3),(1512,'西乌珠穆沁旗',105,0,3),(1513,'锡林浩特市',105,0,3),(1514,'镶黄旗',105,0,3),(1515,'阿巴嘎旗',105,0,3),(1516,'阿拉善右旗',106,0,3),(1517,'阿拉善左旗',106,0,3),(1518,'额济纳旗',106,0,3),(1519,'东陵区',107,0,3),(1520,'于洪区',107,0,3),(1521,'和平区',107,0,3),(1522,'大东区',107,0,3),(1523,'康平县',107,0,3),(1524,'新民市',107,0,3),(1525,'沈北新区',107,0,3),(1526,'沈河区',107,0,3),(1527,'法库县',107,0,3),(1528,'皇姑区',107,0,3),(1529,'苏家屯区',107,0,3),(1530,'辽中县',107,0,3),(1531,'铁西区',107,0,3),(1532,'中山区',108,0,3),(1533,'庄河市',108,0,3),(1534,'旅顺口区',108,0,3),(1535,'普兰店市',108,0,3),(1536,'沙河口区',108,0,3),(1537,'瓦房店市',108,0,3),(1538,'甘井子区',108,0,3),(1539,'西岗区',108,0,3),(1540,'金州区',108,0,3),(1541,'长海县',108,0,3),(1542,'千山区',109,0,3),(1543,'台安县',109,0,3),(1544,'岫岩满族自治县',109,0,3),(1545,'海城市',109,0,3),(1546,'立山区',109,0,3),(1547,'铁东区',109,0,3),(1548,'铁西区',109,0,3),(1549,'东洲区',110,0,3),(1550,'抚顺县',110,0,3),(1551,'新宾满族自治县',110,0,3),(1552,'新抚区',110,0,3),(1553,'望花区',110,0,3),(1554,'清原满族自治县',110,0,3),(1555,'顺城区',110,0,3),(1556,'南芬区',111,0,3),(1557,'平山区',111,0,3),(1558,'明山区',111,0,3),(1559,'本溪满族自治县',111,0,3),(1560,'桓仁满族自治县',111,0,3),(1561,'溪湖区',111,0,3),(1562,'东港市',112,0,3),(1563,'元宝区',112,0,3),(1564,'凤城市',112,0,3),(1565,'宽甸满族自治县',112,0,3),(1566,'振兴区',112,0,3),(1567,'振安区',112,0,3),(1568,'义县',113,0,3),(1569,'凌河区',113,0,3),(1570,'凌海市',113,0,3),(1571,'北镇市',113,0,3),(1572,'古塔区',113,0,3),(1573,'太和区',113,0,3),(1574,'黑山县',113,0,3),(1575,'大石桥市',114,0,3),(1576,'盖州市',114,0,3),(1577,'站前区',114,0,3),(1578,'老边区',114,0,3),(1579,'西市区',114,0,3),(1580,'鲅鱼圈区',114,0,3),(1581,'太平区',115,0,3),(1582,'彰武县',115,0,3),(1583,'新邱区',115,0,3),(1584,'海州区',115,0,3),(1585,'清河门区',115,0,3),(1586,'细河区',115,0,3),(1587,'蒙古族自治县',115,0,3),(1588,'太子河区',116,0,3),(1589,'宏伟区',116,0,3),(1590,'弓长岭区',116,0,3),(1591,'文圣区',116,0,3),(1592,'灯塔市',116,0,3),(1593,'白塔区',116,0,3),(1594,'辽阳县',116,0,3),(1595,'兴隆台区',117,0,3),(1596,'双台子区',117,0,3),(1597,'大洼县',117,0,3),(1598,'盘山县',117,0,3),(1599,'开原市',118,0,3),(1600,'昌图县',118,0,3),(1601,'清河区',118,0,3),(1602,'西丰县',118,0,3),(1603,'调兵山市',118,0,3),(1604,'铁岭县',118,0,3),(1605,'银州区',118,0,3),(1606,'凌源市',119,0,3),(1607,'北票市',119,0,3),(1608,'双塔区',119,0,3),(1609,'喀喇沁左翼蒙古族自治县',119,0,3),(1610,'建平县',119,0,3),(1611,'朝阳县',119,0,3),(1612,'龙城区',119,0,3),(1613,'兴城市',120,0,3),(1614,'南票区',120,0,3),(1615,'建昌县',120,0,3),(1616,'绥中县',120,0,3),(1617,'连山区',120,0,3),(1618,'龙港区',120,0,3),(1619,'九台市',121,0,3),(1620,'二道区',121,0,3),(1621,'农安县',121,0,3),(1622,'南关区',121,0,3),(1623,'双阳区',121,0,3),(1624,'宽城区',121,0,3),(1625,'德惠市',121,0,3),(1626,'朝阳区',121,0,3),(1627,'榆树市',121,0,3),(1628,'绿园区',121,0,3),(1629,'丰满区',122,0,3),(1630,'昌邑区',122,0,3),(1631,'桦甸市',122,0,3),(1632,'永吉县',122,0,3),(1633,'磐石市',122,0,3),(1634,'舒兰市',122,0,3),(1635,'船营区',122,0,3),(1636,'蛟河市',122,0,3),(1637,'龙潭区',122,0,3),(1638,'伊通满族自治县',123,0,3),(1639,'公主岭市',123,0,3),(1640,'双辽市',123,0,3),(1641,'梨树县',123,0,3),(1642,'铁东区',123,0,3),(1643,'铁西区',123,0,3),(1644,'东丰县',124,0,3),(1645,'东辽县',124,0,3),(1646,'西安区',124,0,3),(1647,'龙山区',124,0,3),(1648,'东昌区',125,0,3),(1649,'二道江区',125,0,3),(1650,'柳河县',125,0,3),(1651,'梅河口市',125,0,3),(1652,'辉南县',125,0,3),(1653,'通化县',125,0,3),(1654,'集安市',125,0,3),(1655,'临江市',126,0,3),(1656,'八道江区',126,0,3),(1657,'抚松县',126,0,3),(1658,'江源区',126,0,3),(1659,'长白朝鲜族自治县',126,0,3),(1660,'靖宇县',126,0,3),(1661,'干安县',127,0,3),(1662,'前郭尔罗斯蒙古族自治县',127,0,3),(1663,'宁江区',127,0,3),(1664,'扶余县',127,0,3),(1665,'长岭县',127,0,3),(1666,'大安市',128,0,3),(1667,'洮北区',128,0,3),(1668,'洮南市',128,0,3),(1669,'通榆县',128,0,3),(1670,'镇赉县',128,0,3),(1671,'和龙市',129,0,3),(1672,'图们市',129,0,3),(1673,'安图县',129,0,3),(1674,'延吉市',129,0,3),(1675,'敦化市',129,0,3),(1676,'汪清县',129,0,3),(1677,'珲春市',129,0,3),(1678,'龙井市',129,0,3),(1679,'五常市',130,0,3),(1680,'依兰县',130,0,3),(1681,'南岗区',130,0,3),(1682,'双城市',130,0,3),(1683,'呼兰区',130,0,3),(1684,'哈尔滨市道里区',130,0,3),(1685,'宾县',130,0,3),(1686,'尚志市',130,0,3),(1687,'巴彦县',130,0,3),(1688,'平房区',130,0,3),(1689,'延寿县',130,0,3),(1690,'方正县',130,0,3),(1691,'木兰县',130,0,3),(1692,'松北区',130,0,3),(1693,'通河县',130,0,3),(1694,'道外区',130,0,3),(1695,'阿城区',130,0,3),(1696,'香坊区',130,0,3),(1697,'依安县',131,0,3),(1698,'克东县',131,0,3),(1699,'克山县',131,0,3),(1700,'富拉尔基区',131,0,3),(1701,'富裕县',131,0,3),(1702,'建华区',131,0,3),(1703,'拜泉县',131,0,3),(1704,'昂昂溪区',131,0,3),(1705,'梅里斯达斡尔族区',131,0,3),(1706,'泰来县',131,0,3),(1707,'甘南县',131,0,3),(1708,'碾子山区',131,0,3),(1709,'讷河市',131,0,3),(1710,'铁锋区',131,0,3),(1711,'龙江县',131,0,3),(1712,'龙沙区',131,0,3),(1713,'城子河区',132,0,3),(1714,'密山市',132,0,3),(1715,'恒山区',132,0,3),(1716,'梨树区',132,0,3),(1717,'滴道区',132,0,3),(1718,'虎林市',132,0,3),(1719,'鸡东县',132,0,3),(1720,'鸡冠区',132,0,3),(1721,'麻山区',132,0,3),(1722,'东山区',133,0,3),(1723,'兴安区',133,0,3),(1724,'兴山区',133,0,3),(1725,'南山区',133,0,3),(1726,'向阳区',133,0,3),(1727,'工农区',133,0,3),(1728,'绥滨县',133,0,3),(1729,'萝北县',133,0,3),(1730,'友谊县',134,0,3),(1731,'四方台区',134,0,3),(1732,'宝山区',134,0,3),(1733,'宝清县',134,0,3),(1734,'尖山区',134,0,3),(1735,'岭东区',134,0,3),(1736,'集贤县',134,0,3),(1737,'饶河县',134,0,3),(1738,'大同区',135,0,3),(1739,'杜尔伯特蒙古族自治县',135,0,3),(1740,'林甸县',135,0,3),(1741,'红岗区',135,0,3),(1742,'肇州县',135,0,3),(1743,'肇源县',135,0,3),(1744,'胡路区',135,0,3),(1745,'萨尔图区',135,0,3),(1746,'龙凤区',135,0,3),(1747,'上甘岭区',136,0,3),(1748,'乌伊岭区',136,0,3),(1749,'乌马河区',136,0,3),(1750,'五营区',136,0,3),(1751,'伊春区',136,0,3),(1752,'南岔区',136,0,3),(1753,'友好区',136,0,3),(1754,'嘉荫县',136,0,3),(1755,'带岭区',136,0,3),(1756,'新青区',136,0,3),(1757,'汤旺河区',136,0,3),(1758,'红星区',136,0,3),(1759,'美溪区',136,0,3),(1760,'翠峦区',136,0,3),(1761,'西林区',136,0,3),(1762,'金山屯区',136,0,3),(1763,'铁力市',136,0,3),(1764,'东风区',137,0,3),(1765,'前进区',137,0,3),(1766,'同江市',137,0,3),(1767,'向阳区',137,0,3),(1768,'富锦市',137,0,3),(1769,'抚远县',137,0,3),(1770,'桦南县',137,0,3),(1771,'桦川县',137,0,3),(1772,'汤原县',137,0,3),(1773,'郊区',137,0,3),(1774,'勃利县',138,0,3),(1775,'新兴区',138,0,3),(1776,'桃山区',138,0,3),(1777,'茄子河区',138,0,3),(1778,'东宁县',139,0,3),(1779,'东安区',139,0,3),(1780,'宁安市',139,0,3),(1781,'林口县',139,0,3),(1782,'海林市',139,0,3),(1783,'爱民区',139,0,3),(1784,'穆棱市',139,0,3),(1785,'绥芬河市',139,0,3),(1786,'西安区',139,0,3),(1787,'阳明区',139,0,3),(1788,'五大连池市',140,0,3),(1789,'北安市',140,0,3),(1790,'嫩江县',140,0,3),(1791,'孙吴县',140,0,3),(1792,'爱辉区',140,0,3),(1793,'车逊克县',140,0,3),(1794,'逊克县',140,0,3),(1795,'兰西县',141,0,3),(1796,'安达市',141,0,3),(1797,'庆安县',141,0,3),(1798,'明水县',141,0,3),(1799,'望奎县',141,0,3),(1800,'海伦市',141,0,3),(1801,'绥化市北林区',141,0,3),(1802,'绥棱县',141,0,3),(1803,'肇东市',141,0,3),(1804,'青冈县',141,0,3),(1805,'呼玛县',142,0,3),(1806,'塔河县',142,0,3),(1807,'大兴安岭地区加格达奇区',142,0,3),(1808,'大兴安岭地区呼中区',142,0,3),(1809,'大兴安岭地区新林区',142,0,3),(1810,'大兴安岭地区松岭区',142,0,3),(1811,'漠河县',142,0,3),(2027,'下关区',162,0,3),(2028,'六合区',162,0,3),(2029,'建邺区',162,0,3),(2030,'栖霞区',162,0,3),(2031,'江宁区',162,0,3),(2032,'浦口区',162,0,3),(2033,'溧水县',162,0,3),(2034,'玄武区',162,0,3),(2035,'白下区',162,0,3),(2036,'秦淮区',162,0,3),(2037,'雨花台区',162,0,3),(2038,'高淳县',162,0,3),(2039,'鼓楼区',162,0,3),(2040,'北塘区',163,0,3),(2041,'南长区',163,0,3),(2042,'宜兴市',163,0,3),(2043,'崇安区',163,0,3),(2044,'惠山区',163,0,3),(2045,'江阴市',163,0,3),(2046,'滨湖区',163,0,3),(2047,'锡山区',163,0,3),(2048,'丰县',164,0,3),(2049,'九里区',164,0,3),(2050,'云龙区',164,0,3),(2051,'新沂市',164,0,3),(2052,'沛县',164,0,3),(2053,'泉山区',164,0,3),(2054,'睢宁县',164,0,3),(2055,'贾汪区',164,0,3),(2056,'邳州市',164,0,3),(2057,'铜山县',164,0,3),(2058,'鼓楼区',164,0,3),(2059,'天宁区',165,0,3),(2060,'戚墅堰区',165,0,3),(2061,'新北区',165,0,3),(2062,'武进区',165,0,3),(2063,'溧阳市',165,0,3),(2064,'金坛市',165,0,3),(2065,'钟楼区',165,0,3),(2066,'吴中区',166,0,3),(2067,'吴江市',166,0,3),(2068,'太仓市',166,0,3),(2069,'常熟市',166,0,3),(2070,'平江区',166,0,3),(2071,'张家港市',166,0,3),(2072,'昆山市',166,0,3),(2073,'沧浪区',166,0,3),(2074,'相城区',166,0,3),(2075,'苏州工业园区',166,0,3),(2076,'虎丘区',166,0,3),(2077,'金阊区',166,0,3),(2078,'启东市',167,0,3),(2079,'如东县',167,0,3),(2080,'如皋市',167,0,3),(2081,'崇川区',167,0,3),(2082,'海安县',167,0,3),(2083,'海门市',167,0,3),(2084,'港闸区',167,0,3),(2085,'通州市',167,0,3),(2086,'东海县',168,0,3),(2087,'新浦区',168,0,3),(2088,'海州区',168,0,3),(2089,'灌云县',168,0,3),(2090,'灌南县',168,0,3),(2091,'赣榆县',168,0,3),(2092,'连云区',168,0,3),(2093,'楚州区',169,0,3),(2094,'洪泽县',169,0,3),(2095,'涟水县',169,0,3),(2096,'淮阴区',169,0,3),(2097,'清河区',169,0,3),(2098,'清浦区',169,0,3),(2099,'盱眙县',169,0,3),(2100,'金湖县',169,0,3),(2101,'东台市',170,0,3),(2102,'亭湖区',170,0,3),(2103,'响水县',170,0,3),(2104,'大丰市',170,0,3),(2105,'射阳县',170,0,3),(2106,'建湖县',170,0,3),(2107,'滨海县',170,0,3),(2108,'盐都区',170,0,3),(2109,'阜宁县',170,0,3),(2110,'仪征市',171,0,3),(2111,'宝应县',171,0,3),(2112,'广陵区',171,0,3),(2113,'江都市',171,0,3),(2114,'维扬区',171,0,3),(2115,'邗江区',171,0,3),(2116,'高邮市',171,0,3),(2117,'丹徒区',172,0,3),(2118,'丹阳市',172,0,3),(2119,'京口区',172,0,3),(2120,'句容市',172,0,3),(2121,'扬中市',172,0,3),(2122,'润州区',172,0,3),(2123,'兴化市',173,0,3),(2124,'姜堰市',173,0,3),(2125,'泰兴市',173,0,3),(2126,'海陵区',173,0,3),(2127,'靖江市',173,0,3),(2128,'高港区',173,0,3),(2129,'宿城区',174,0,3),(2130,'宿豫区',174,0,3),(2131,'沭阳县',174,0,3),(2132,'泗洪县',174,0,3),(2133,'泗阳县',174,0,3),(2134,'上城区',175,0,3),(2135,'下城区',175,0,3),(2136,'临安市',175,0,3),(2137,'余杭区',175,0,3),(2138,'富阳市',175,0,3),(2139,'建德市',175,0,3),(2140,'拱墅区',175,0,3),(2141,'桐庐县',175,0,3),(2142,'江干区',175,0,3),(2143,'淳安县',175,0,3),(2144,'滨江区',175,0,3),(2145,'萧山区',175,0,3),(2146,'西湖区',175,0,3),(2147,'余姚市',176,0,3),(2148,'北仑区',176,0,3),(2149,'奉化市',176,0,3),(2150,'宁海县',176,0,3),(2151,'慈溪市',176,0,3),(2152,'江东区',176,0,3),(2153,'江北区',176,0,3),(2154,'海曙区',176,0,3),(2155,'象山县',176,0,3),(2156,'鄞州区',176,0,3),(2157,'镇海区',176,0,3),(2158,'乐清市',177,0,3),(2159,'平阳县',177,0,3),(2160,'文成县',177,0,3),(2161,'永嘉县',177,0,3),(2162,'泰顺县',177,0,3),(2163,'洞头县',177,0,3),(2164,'瑞安市',177,0,3),(2165,'瓯海区',177,0,3),(2166,'苍南县',177,0,3),(2167,'鹿城区',177,0,3),(2168,'龙湾区',177,0,3),(2169,'南湖区',178,0,3),(2170,'嘉善县',178,0,3),(2171,'平湖市',178,0,3),(2172,'桐乡市',178,0,3),(2173,'海宁市',178,0,3),(2174,'海盐县',178,0,3),(2175,'秀洲区',178,0,3),(2176,'南浔区',179,0,3),(2177,'吴兴区',179,0,3),(2178,'安吉县',179,0,3),(2179,'德清县',179,0,3),(2180,'长兴县',179,0,3),(2181,'上虞市',180,0,3),(2182,'嵊州市',180,0,3),(2183,'新昌县',180,0,3),(2184,'绍兴县',180,0,3),(2185,'诸暨市',180,0,3),(2186,'越城区',180,0,3),(2187,'定海区',181,0,3),(2188,'岱山县',181,0,3),(2189,'嵊泗县',181,0,3),(2190,'普陀区',181,0,3),(2191,'常山县',182,0,3),(2192,'开化县',182,0,3),(2193,'柯城区',182,0,3),(2194,'江山市',182,0,3),(2195,'衢江区',182,0,3),(2196,'龙游县',182,0,3),(2197,'东阳市',183,0,3),(2198,'义乌市',183,0,3),(2199,'兰溪市',183,0,3),(2200,'婺城区',183,0,3),(2201,'武义县',183,0,3),(2202,'永康市',183,0,3),(2203,'浦江县',183,0,3),(2204,'磐安县',183,0,3),(2205,'金东区',183,0,3),(2206,'三门县',184,0,3),(2207,'临海市',184,0,3),(2208,'仙居县',184,0,3),(2209,'天台县',184,0,3),(2210,'椒江区',184,0,3),(2211,'温岭市',184,0,3),(2212,'玉环县',184,0,3),(2213,'路桥区',184,0,3),(2214,'黄岩区',184,0,3),(2215,'云和县',185,0,3),(2216,'庆元县',185,0,3),(2217,'景宁畲族自治县',185,0,3),(2218,'松阳县',185,0,3),(2219,'缙云县',185,0,3),(2220,'莲都区',185,0,3),(2221,'遂昌县',185,0,3),(2222,'青田县',185,0,3),(2223,'龙泉市',185,0,3),(2224,'包河区',186,0,3),(2225,'庐阳区',186,0,3),(2226,'瑶海区',186,0,3),(2227,'肥东县',186,0,3),(2228,'肥西县',186,0,3),(2229,'蜀山区',186,0,3),(2230,'长丰县',186,0,3),(2231,'三山区',187,0,3),(2232,'南陵县',187,0,3),(2233,'弋江区',187,0,3),(2234,'繁昌县',187,0,3),(2235,'芜湖县',187,0,3),(2236,'镜湖区',187,0,3),(2237,'鸠江区',187,0,3),(2238,'五河县',188,0,3),(2239,'固镇县',188,0,3),(2240,'怀远县',188,0,3),(2241,'淮上区',188,0,3),(2242,'禹会区',188,0,3),(2243,'蚌山区',188,0,3),(2244,'龙子湖区',188,0,3),(2245,'八公山区',189,0,3),(2246,'凤台县',189,0,3),(2247,'大通区',189,0,3),(2248,'潘集区',189,0,3),(2249,'田家庵区',189,0,3),(2250,'谢家集区',189,0,3),(2251,'当涂县',190,0,3),(2252,'花山区',190,0,3),(2253,'金家庄区',190,0,3),(2254,'雨山区',190,0,3),(2255,'杜集区',191,0,3),(2256,'濉溪县',191,0,3),(2257,'烈山区',191,0,3),(2258,'相山区',191,0,3),(2259,'狮子山区',192,0,3),(2260,'郊区',192,0,3),(2261,'铜官山区',192,0,3),(2262,'铜陵县',192,0,3),(2263,'大观区',193,0,3),(2264,'太湖县',193,0,3),(2265,'宜秀区',193,0,3),(2266,'宿松县',193,0,3),(2267,'岳西县',193,0,3),(2268,'怀宁县',193,0,3),(2269,'望江县',193,0,3),(2270,'枞阳县',193,0,3),(2271,'桐城市',193,0,3),(2272,'潜山县',193,0,3),(2273,'迎江区',193,0,3),(2274,'休宁县',194,0,3),(2275,'屯溪区',194,0,3),(2276,'徽州区',194,0,3),(2277,'歙县',194,0,3),(2278,'祁门县',194,0,3),(2279,'黄山区',194,0,3),(2280,'黟县',194,0,3),(2281,'全椒县',195,0,3),(2282,'凤阳县',195,0,3),(2283,'南谯区',195,0,3),(2284,'天长市',195,0,3),(2285,'定远县',195,0,3),(2286,'明光市',195,0,3),(2287,'来安县',195,0,3),(2288,'琅玡区',195,0,3),(2289,'临泉县',196,0,3),(2290,'太和县',196,0,3),(2291,'界首市',196,0,3),(2292,'阜南县',196,0,3),(2293,'颍东区',196,0,3),(2294,'颍州区',196,0,3),(2295,'颍泉区',196,0,3),(2296,'颖上县',196,0,3),(2297,'埇桥区',197,0,3),(2298,'泗县辖',197,0,3),(2299,'灵璧县',197,0,3),(2300,'砀山县',197,0,3),(2301,'萧县',197,0,3),(2302,'含山县',198,0,3),(2303,'和县',198,0,3),(2304,'居巢区',198,0,3),(2305,'庐江县',198,0,3),(2306,'无为县',198,0,3),(2307,'寿县',199,0,3),(2308,'舒城县',199,0,3),(2309,'裕安区',199,0,3),(2310,'金安区',199,0,3),(2311,'金寨县',199,0,3),(2312,'霍山县',199,0,3),(2313,'霍邱县',199,0,3),(2314,'利辛县',200,0,3),(2315,'涡阳县',200,0,3),(2316,'蒙城县',200,0,3),(2317,'谯城区',200,0,3),(2318,'东至县',201,0,3),(2319,'石台县',201,0,3),(2320,'贵池区',201,0,3),(2321,'青阳县',201,0,3),(2322,'宁国市',202,0,3),(2323,'宣州区',202,0,3),(2324,'广德县',202,0,3),(2325,'旌德县',202,0,3),(2326,'泾县',202,0,3),(2327,'绩溪县',202,0,3),(2328,'郎溪县',202,0,3),(2329,'仓山区',203,0,3),(2330,'台江区',203,0,3),(2331,'平潭县',203,0,3),(2332,'晋安区',203,0,3),(2333,'永泰县',203,0,3),(2334,'福清市',203,0,3),(2335,'罗源县',203,0,3),(2336,'连江县',203,0,3),(2337,'长乐市',203,0,3),(2338,'闽侯县',203,0,3),(2339,'闽清县',203,0,3),(2340,'马尾区',203,0,3),(2341,'鼓楼区',203,0,3),(2342,'同安区',204,0,3),(2343,'思明区',204,0,3),(2344,'海沧区',204,0,3),(2345,'湖里区',204,0,3),(2346,'翔安区',204,0,3),(2347,'集美区',204,0,3),(2348,'仙游县',205,0,3),(2349,'城厢区',205,0,3),(2350,'涵江区',205,0,3),(2351,'秀屿区',205,0,3),(2352,'荔城区',205,0,3),(2353,'三元区',206,0,3),(2354,'大田县',206,0,3),(2355,'宁化县',206,0,3),(2356,'将乐县',206,0,3),(2357,'尤溪县',206,0,3),(2358,'建宁县',206,0,3),(2359,'明溪县',206,0,3),(2360,'梅列区',206,0,3),(2361,'永安市',206,0,3),(2362,'沙县',206,0,3),(2363,'泰宁县',206,0,3),(2364,'清流县',206,0,3),(2365,'丰泽区',207,0,3),(2366,'南安市',207,0,3),(2367,'安溪县',207,0,3),(2368,'德化县',207,0,3),(2369,'惠安县',207,0,3),(2370,'晋江市',207,0,3),(2371,'永春县',207,0,3),(2372,'泉港区',207,0,3),(2373,'洛江区',207,0,3),(2374,'石狮市',207,0,3),(2375,'金门县',207,0,3),(2376,'鲤城区',207,0,3),(2377,'东山县',208,0,3),(2378,'云霄县',208,0,3),(2379,'华安县',208,0,3),(2380,'南靖县',208,0,3),(2381,'平和县',208,0,3),(2382,'漳浦县',208,0,3),(2383,'芗城区',208,0,3),(2384,'诏安县',208,0,3),(2385,'长泰县',208,0,3),(2386,'龙文区',208,0,3),(2387,'龙海市',208,0,3),(2388,'光泽县',209,0,3),(2389,'延平区',209,0,3),(2390,'建瓯市',209,0,3),(2391,'建阳市',209,0,3),(2392,'政和县',209,0,3),(2393,'松溪县',209,0,3),(2394,'武夷山市',209,0,3),(2395,'浦城县',209,0,3),(2396,'邵武市',209,0,3),(2397,'顺昌县',209,0,3),(2398,'上杭县',210,0,3),(2399,'新罗区',210,0,3),(2400,'武平县',210,0,3),(2401,'永定县',210,0,3),(2402,'漳平市',210,0,3),(2403,'连城县',210,0,3),(2404,'长汀县',210,0,3),(2405,'古田县',211,0,3),(2406,'周宁县',211,0,3),(2407,'寿宁县',211,0,3),(2408,'屏南县',211,0,3),(2409,'柘荣县',211,0,3),(2410,'福安市',211,0,3),(2411,'福鼎市',211,0,3),(2412,'蕉城区',211,0,3),(2413,'霞浦县',211,0,3),(2414,'东湖区',212,0,3),(2415,'南昌县',212,0,3),(2416,'安义县',212,0,3),(2417,'新建县',212,0,3),(2418,'湾里区',212,0,3),(2419,'西湖区',212,0,3),(2420,'进贤县',212,0,3),(2421,'青云谱区',212,0,3),(2422,'青山湖区',212,0,3),(2423,'乐平市',213,0,3),(2424,'昌江区',213,0,3),(2425,'浮梁县',213,0,3),(2426,'珠山区',213,0,3),(2427,'上栗县',214,0,3),(2428,'安源区',214,0,3),(2429,'湘东区',214,0,3),(2430,'芦溪县',214,0,3),(2431,'莲花县',214,0,3),(2432,'九江县',215,0,3),(2433,'修水县',215,0,3),(2434,'庐山区',215,0,3),(2435,'彭泽县',215,0,3),(2436,'德安县',215,0,3),(2437,'星子县',215,0,3),(2438,'武宁县',215,0,3),(2439,'永修县',215,0,3),(2440,'浔阳区',215,0,3),(2441,'湖口县',215,0,3),(2442,'瑞昌市',215,0,3),(2443,'都昌县',215,0,3),(2444,'分宜县',216,0,3),(2445,'渝水区',216,0,3),(2446,'余江县',217,0,3),(2447,'月湖区',217,0,3),(2448,'贵溪市',217,0,3),(2449,'上犹县',218,0,3),(2450,'于都县',218,0,3),(2451,'会昌县',218,0,3),(2452,'信丰县',218,0,3),(2453,'全南县',218,0,3),(2454,'兴国县',218,0,3),(2455,'南康市',218,0,3),(2456,'大余县',218,0,3),(2457,'宁都县',218,0,3),(2458,'安远县',218,0,3),(2459,'定南县',218,0,3),(2460,'寻乌县',218,0,3),(2461,'崇义县',218,0,3),(2462,'瑞金市',218,0,3),(2463,'石城县',218,0,3),(2464,'章贡区',218,0,3),(2465,'赣县',218,0,3),(2466,'龙南县',218,0,3),(2467,'万安县',219,0,3),(2468,'井冈山市',219,0,3),(2469,'吉安县',219,0,3),(2470,'吉州区',219,0,3),(2471,'吉水县',219,0,3),(2472,'安福县',219,0,3),(2473,'峡江县',219,0,3),(2474,'新干县',219,0,3),(2475,'永丰县',219,0,3),(2476,'永新县',219,0,3),(2477,'泰和县',219,0,3),(2478,'遂川县',219,0,3),(2479,'青原区',219,0,3),(2480,'万载县',220,0,3),(2481,'上高县',220,0,3),(2482,'丰城市',220,0,3),(2483,'奉新县',220,0,3),(2484,'宜丰县',220,0,3),(2485,'樟树市',220,0,3),(2486,'袁州区',220,0,3),(2487,'铜鼓县',220,0,3),(2488,'靖安县',220,0,3),(2489,'高安市',220,0,3),(2490,'东乡县',221,0,3),(2491,'临川区',221,0,3),(2492,'乐安县',221,0,3),(2493,'南丰县',221,0,3),(2494,'南城县',221,0,3),(2495,'宜黄县',221,0,3),(2496,'崇仁县',221,0,3),(2497,'广昌县',221,0,3),(2498,'资溪县',221,0,3),(2499,'金溪县',221,0,3),(2500,'黎川县',221,0,3),(2501,'万年县',222,0,3),(2502,'上饶县',222,0,3),(2503,'余干县',222,0,3),(2504,'信州区',222,0,3),(2505,'婺源县',222,0,3),(2506,'广丰县',222,0,3),(2507,'弋阳县',222,0,3),(2508,'德兴市',222,0,3),(2509,'横峰县',222,0,3),(2510,'玉山县',222,0,3),(2511,'鄱阳县',222,0,3),(2512,'铅山县',222,0,3),(2513,'历下区',223,0,3),(2514,'历城区',223,0,3),(2515,'商河县',223,0,3),(2516,'天桥区',223,0,3),(2517,'市中区',223,0,3),(2518,'平阴县',223,0,3),(2519,'槐荫区',223,0,3),(2520,'济阳县',223,0,3),(2521,'章丘市',223,0,3),(2522,'长清区',223,0,3),(2523,'即墨市',224,0,3),(2524,'四方区',224,0,3),(2525,'城阳区',224,0,3),(2526,'崂山区',224,0,3),(2527,'市北区',224,0,3),(2528,'市南区',224,0,3),(2529,'平度市',224,0,3),(2530,'李沧区',224,0,3),(2531,'胶南市',224,0,3),(2532,'胶州市',224,0,3),(2533,'莱西市',224,0,3),(2534,'黄岛区',224,0,3),(2535,'临淄区',225,0,3),(2536,'博山区',225,0,3),(2537,'周村区',225,0,3),(2538,'张店区',225,0,3),(2539,'桓台县',225,0,3),(2540,'沂源县',225,0,3),(2541,'淄川区',225,0,3),(2542,'高青县',225,0,3),(2543,'台儿庄区',226,0,3),(2544,'山亭区',226,0,3),(2545,'峄城区',226,0,3),(2546,'市中区',226,0,3),(2547,'滕州市',226,0,3),(2548,'薛城区',226,0,3),(2549,'东营区',227,0,3),(2550,'利津县',227,0,3),(2551,'垦利县',227,0,3),(2552,'广饶县',227,0,3),(2553,'河口区',227,0,3),(2554,'招远市',228,0,3),(2555,'栖霞市',228,0,3),(2556,'海阳市',228,0,3),(2557,'牟平区',228,0,3),(2558,'福山区',228,0,3),(2559,'芝罘区',228,0,3),(2560,'莱山区',228,0,3),(2561,'莱州市',228,0,3),(2562,'莱阳市',228,0,3),(2563,'蓬莱市',228,0,3),(2564,'长岛县',228,0,3),(2565,'龙口市',228,0,3),(2566,'临朐县',229,0,3),(2567,'坊子区',229,0,3),(2568,'奎文区',229,0,3),(2569,'安丘市',229,0,3),(2570,'寒亭区',229,0,3),(2571,'寿光市',229,0,3),(2572,'昌乐县',229,0,3),(2573,'昌邑市',229,0,3),(2574,'潍城区',229,0,3),(2575,'诸城市',229,0,3),(2576,'青州市',229,0,3),(2577,'高密市',229,0,3),(2578,'任城区',230,0,3),(2579,'兖州市',230,0,3),(2580,'嘉祥县',230,0,3),(2581,'市中区',230,0,3),(2582,'微山县',230,0,3),(2583,'曲阜市',230,0,3),(2584,'梁山县',230,0,3),(2585,'汶上县',230,0,3),(2586,'泗水县',230,0,3),(2587,'邹城市',230,0,3),(2588,'金乡县',230,0,3),(2589,'鱼台县',230,0,3),(2590,'东平县',231,0,3),(2591,'宁阳县',231,0,3),(2592,'岱岳区',231,0,3),(2593,'新泰市',231,0,3),(2594,'泰山区',231,0,3),(2595,'肥城市',231,0,3),(2596,'乳山市',232,0,3),(2597,'文登市',232,0,3),(2598,'环翠区',232,0,3),(2599,'荣成市',232,0,3),(2600,'东港区',233,0,3),(2601,'五莲县',233,0,3),(2602,'岚山区',233,0,3),(2603,'莒县',233,0,3),(2604,'莱城区',234,0,3),(2605,'钢城区',234,0,3),(2606,'临沭县',235,0,3),(2607,'兰山区',235,0,3),(2608,'平邑县',235,0,3),(2609,'沂南县',235,0,3),(2610,'沂水县',235,0,3),(2611,'河东区',235,0,3),(2612,'罗庄区',235,0,3),(2613,'苍山县',235,0,3),(2614,'莒南县',235,0,3),(2615,'蒙阴县',235,0,3),(2616,'费县',235,0,3),(2617,'郯城县',235,0,3),(2618,'临邑县',236,0,3),(2619,'乐陵市',236,0,3),(2620,'夏津县',236,0,3),(2621,'宁津县',236,0,3),(2622,'平原县',236,0,3),(2623,'庆云县',236,0,3),(2624,'德城区',236,0,3),(2625,'武城县',236,0,3),(2626,'禹城市',236,0,3),(2627,'陵县',236,0,3),(2628,'齐河县',236,0,3),(2629,'东昌府区',237,0,3),(2630,'东阿县',237,0,3),(2631,'临清市',237,0,3),(2632,'冠县',237,0,3),(2633,'茌平县',237,0,3),(2634,'莘县',237,0,3),(2635,'阳谷县',237,0,3),(2636,'高唐县',237,0,3),(2637,'博兴县',238,0,3),(2638,'惠民县',238,0,3),(2639,'无棣县',238,0,3),(2640,'沾化县',238,0,3),(2641,'滨城区',238,0,3),(2642,'邹平县',238,0,3),(2643,'阳信县',238,0,3),(2644,'东明县',239,0,3),(2645,'单县',239,0,3),(2646,'定陶县',239,0,3),(2647,'巨野县',239,0,3),(2648,'成武县',239,0,3),(2649,'曹县',239,0,3),(2650,'牡丹区',239,0,3),(2651,'郓城县',239,0,3),(2652,'鄄城县',239,0,3),(2653,'上街区',240,0,3),(2654,'中原区',240,0,3),(2655,'中牟县',240,0,3),(2656,'二七区',240,0,3),(2657,'巩义市',240,0,3),(2658,'惠济区',240,0,3),(2659,'新密市',240,0,3),(2660,'新郑市',240,0,3),(2661,'登封市',240,0,3),(2662,'管城回族区',240,0,3),(2663,'荥阳市',240,0,3),(2664,'金水区',240,0,3),(2665,'兰考县',241,0,3),(2666,'尉氏县',241,0,3),(2667,'开封县',241,0,3),(2668,'杞县',241,0,3),(2669,'禹王台区',241,0,3),(2670,'通许县',241,0,3),(2671,'金明区',241,0,3),(2672,'顺河回族区',241,0,3),(2673,'鼓楼区',241,0,3),(2674,'龙亭区',241,0,3),(2675,'伊川县',242,0,3),(2676,'偃师市',242,0,3),(2677,'吉利区',242,0,3),(2678,'孟津县',242,0,3),(2679,'宜阳县',242,0,3),(2680,'嵩县',242,0,3),(2681,'新安县',242,0,3),(2682,'栾川县',242,0,3),(2683,'汝阳县',242,0,3),(2684,'洛宁县',242,0,3),(2685,'洛龙区',242,0,3),(2686,'涧西区',242,0,3),(2687,'瀍河回族区',242,0,3),(2688,'老城区',242,0,3),(2689,'西工区',242,0,3),(2690,'卫东区',243,0,3),(2691,'叶县',243,0,3),(2692,'宝丰县',243,0,3),(2693,'新华区',243,0,3),(2694,'汝州市',243,0,3),(2695,'湛河区',243,0,3),(2696,'石龙区',243,0,3),(2697,'舞钢市',243,0,3),(2698,'郏县',243,0,3),(2699,'鲁山县',243,0,3),(2700,'内黄县',244,0,3),(2701,'北关区',244,0,3),(2702,'安阳县',244,0,3),(2703,'文峰区',244,0,3),(2704,'林州市',244,0,3),(2705,'殷都区',244,0,3),(2706,'汤阴县',244,0,3),(2707,'滑县',244,0,3),(2708,'龙安区',244,0,3),(2709,'山城区',245,0,3),(2710,'浚县',245,0,3),(2711,'淇县',245,0,3),(2712,'淇滨区',245,0,3),(2713,'鹤山区',245,0,3),(2714,'凤泉区',246,0,3),(2715,'卫滨区',246,0,3),(2716,'卫辉市',246,0,3),(2717,'原阳县',246,0,3),(2718,'封丘县',246,0,3),(2719,'延津县',246,0,3),(2720,'新乡县',246,0,3),(2721,'牧野区',246,0,3),(2722,'红旗区',246,0,3),(2723,'获嘉县',246,0,3),(2724,'辉县市',246,0,3),(2725,'长垣县',246,0,3),(2726,'中站区',247,0,3),(2727,'修武县',247,0,3),(2728,'博爱县',247,0,3),(2729,'孟州市',247,0,3),(2730,'山阳区',247,0,3),(2731,'武陟县',247,0,3),(2732,'沁阳市',247,0,3),(2733,'温县',247,0,3),(2734,'解放区',247,0,3),(2735,'马村区',247,0,3),(2736,'华龙区',248,0,3),(2737,'南乐县',248,0,3),(2738,'台前县',248,0,3),(2739,'清丰县',248,0,3),(2740,'濮阳县',248,0,3),(2741,'范县',248,0,3),(2742,'禹州市',249,0,3),(2743,'襄城县',249,0,3),(2744,'许昌县',249,0,3),(2745,'鄢陵县',249,0,3),(2746,'长葛市',249,0,3),(2747,'魏都区',249,0,3),(2748,'临颍县',250,0,3),(2749,'召陵区',250,0,3),(2750,'源汇区',250,0,3),(2751,'舞阳县',250,0,3),(2752,'郾城区',250,0,3),(2753,'义马市',251,0,3),(2754,'卢氏县',251,0,3),(2755,'渑池县',251,0,3),(2756,'湖滨区',251,0,3),(2757,'灵宝市',251,0,3),(2758,'陕县',251,0,3),(2759,'内乡县',252,0,3),(2760,'南召县',252,0,3),(2761,'卧龙区',252,0,3),(2762,'唐河县',252,0,3),(2763,'宛城区',252,0,3),(2764,'新野县',252,0,3),(2765,'方城县',252,0,3),(2766,'桐柏县',252,0,3),(2767,'淅川县',252,0,3),(2768,'社旗县',252,0,3),(2769,'西峡县',252,0,3),(2770,'邓州市',252,0,3),(2771,'镇平县',252,0,3),(2772,'夏邑县',253,0,3),(2773,'宁陵县',253,0,3),(2774,'柘城县',253,0,3),(2775,'民权县',253,0,3),(2776,'永城市',253,0,3),(2777,'睢县',253,0,3),(2778,'睢阳区',253,0,3),(2779,'粱园区',253,0,3),(2780,'虞城县',253,0,3),(2781,'光山县',254,0,3),(2782,'商城县',254,0,3),(2783,'固始县',254,0,3),(2784,'平桥区',254,0,3),(2785,'息县',254,0,3),(2786,'新县',254,0,3),(2787,'浉河区',254,0,3),(2788,'淮滨县',254,0,3),(2789,'潢川县',254,0,3),(2790,'罗山县',254,0,3),(2791,'商水县',255,0,3),(2792,'太康县',255,0,3),(2793,'川汇区',255,0,3),(2794,'扶沟县',255,0,3),(2795,'沈丘县',255,0,3),(2796,'淮阳县',255,0,3),(2797,'西华县',255,0,3),(2798,'郸城县',255,0,3),(2799,'项城市',255,0,3),(2800,'鹿邑县',255,0,3),(2801,'上蔡县',256,0,3),(2802,'平舆县',256,0,3),(2803,'新蔡县',256,0,3),(2804,'正阳县',256,0,3),(2805,'汝南县',256,0,3),(2806,'泌阳县',256,0,3),(2807,'确山县',256,0,3),(2808,'西平县',256,0,3),(2809,'遂平县',256,0,3),(2810,'驿城区',256,0,3),(2811,'济源市',257,0,3),(2812,'东西湖区',258,0,3),(2813,'新洲区',258,0,3),(2814,'武昌区',258,0,3),(2815,'汉南区',258,0,3),(2816,'汉阳区',258,0,3),(2817,'江夏区',258,0,3),(2818,'江岸区',258,0,3),(2819,'江汉区',258,0,3),(2820,'洪山区',258,0,3),(2821,'硚口区',258,0,3),(2822,'蔡甸区',258,0,3),(2823,'青山区',258,0,3),(2824,'黄陂区',258,0,3),(2825,'下陆区',259,0,3),(2826,'大冶市',259,0,3),(2827,'西塞山区',259,0,3),(2828,'铁山区',259,0,3),(2829,'阳新县',259,0,3),(2830,'黄石港区',259,0,3),(2831,'丹江口市',260,0,3),(2832,'张湾区',260,0,3),(2833,'房县',260,0,3),(2834,'竹山县',260,0,3),(2835,'竹溪县',260,0,3),(2836,'茅箭区',260,0,3),(2837,'郧县',260,0,3),(2838,'郧西县',260,0,3),(2839,'五峰土家族自治县',261,0,3),(2840,'伍家岗区',261,0,3),(2841,'兴山县',261,0,3),(2842,'夷陵区',261,0,3),(2843,'宜都市',261,0,3),(2844,'当阳市',261,0,3),(2845,'枝江市',261,0,3),(2846,'点军区',261,0,3),(2847,'秭归县',261,0,3),(2848,'虢亭区',261,0,3),(2849,'西陵区',261,0,3),(2850,'远安县',261,0,3),(2851,'长阳土家族自治县',261,0,3),(2852,'保康县',262,0,3),(2853,'南漳县',262,0,3),(2854,'宜城市',262,0,3),(2855,'枣阳市',262,0,3),(2856,'樊城区',262,0,3),(2857,'老河口市',262,0,3),(2858,'襄城区',262,0,3),(2859,'襄阳区',262,0,3),(2860,'谷城县',262,0,3),(2861,'华容区',263,0,3),(2862,'粱子湖',263,0,3),(2863,'鄂城区',263,0,3),(2864,'东宝区',264,0,3),(2865,'京山县',264,0,3),(2866,'掇刀区',264,0,3),(2867,'沙洋县',264,0,3),(2868,'钟祥市',264,0,3),(2869,'云梦县',265,0,3),(2870,'大悟县',265,0,3),(2871,'孝南区',265,0,3),(2872,'孝昌县',265,0,3),(2873,'安陆市',265,0,3),(2874,'应城市',265,0,3),(2875,'汉川市',265,0,3),(2876,'公安县',266,0,3),(2877,'松滋市',266,0,3),(2878,'江陵县',266,0,3),(2879,'沙市区',266,0,3),(2880,'洪湖市',266,0,3),(2881,'监利县',266,0,3),(2882,'石首市',266,0,3),(2883,'荆州区',266,0,3),(2884,'团风县',267,0,3),(2885,'武穴市',267,0,3),(2886,'浠水县',267,0,3),(2887,'红安县',267,0,3),(2888,'罗田县',267,0,3),(2889,'英山县',267,0,3),(2890,'蕲春县',267,0,3),(2891,'麻城市',267,0,3),(2892,'黄州区',267,0,3),(2893,'黄梅县',267,0,3),(2894,'咸安区',268,0,3),(2895,'嘉鱼县',268,0,3),(2896,'崇阳县',268,0,3),(2897,'赤壁市',268,0,3),(2898,'通城县',268,0,3),(2899,'通山县',268,0,3),(2900,'广水市',269,0,3),(2901,'曾都区',269,0,3),(2902,'利川市',270,0,3),(2903,'咸丰县',270,0,3),(2904,'宣恩县',270,0,3),(2905,'巴东县',270,0,3),(2906,'建始县',270,0,3),(2907,'恩施市',270,0,3),(2908,'来凤县',270,0,3),(2909,'鹤峰县',270,0,3),(2910,'仙桃市',271,0,3),(2911,'潜江市',272,0,3),(2912,'天门市',273,0,3),(2913,'神农架林区',274,0,3),(2914,'天心区',275,0,3),(2915,'宁乡县',275,0,3),(2916,'岳麓区',275,0,3),(2917,'开福区',275,0,3),(2918,'望城县',275,0,3),(2919,'浏阳市',275,0,3),(2920,'芙蓉区',275,0,3),(2921,'长沙县',275,0,3),(2922,'雨花区',275,0,3),(2923,'天元区',276,0,3),(2924,'攸县',276,0,3),(2925,'株洲县',276,0,3),(2926,'炎陵县',276,0,3),(2927,'石峰区',276,0,3),(2928,'芦淞区',276,0,3),(2929,'茶陵县',276,0,3),(2930,'荷塘区',276,0,3),(2931,'醴陵市',276,0,3),(2932,'岳塘区',277,0,3),(2933,'湘乡市',277,0,3),(2934,'湘潭县',277,0,3),(2935,'雨湖区',277,0,3),(2936,'韶山市',277,0,3),(2937,'南岳区',278,0,3),(2938,'常宁市',278,0,3),(2939,'珠晖区',278,0,3),(2940,'石鼓区',278,0,3),(2941,'祁东县',278,0,3),(2942,'耒阳市',278,0,3),(2943,'蒸湘区',278,0,3),(2944,'衡东县',278,0,3),(2945,'衡南县',278,0,3),(2946,'衡山县',278,0,3),(2947,'衡阳县',278,0,3),(2948,'雁峰区',278,0,3),(2949,'北塔区',279,0,3),(2950,'双清区',279,0,3),(2951,'城步苗族自治县',279,0,3),(2952,'大祥区',279,0,3),(2953,'新宁县',279,0,3),(2954,'新邵县',279,0,3),(2955,'武冈市',279,0,3),(2956,'洞口县',279,0,3),(2957,'绥宁县',279,0,3),(2958,'邵东县',279,0,3),(2959,'邵阳县',279,0,3),(2960,'隆回县',279,0,3),(2961,'临湘市',280,0,3),(2962,'云溪区',280,0,3),(2963,'华容县',280,0,3),(2964,'君山区',280,0,3),(2965,'岳阳县',280,0,3),(2966,'岳阳楼区',280,0,3),(2967,'平江县',280,0,3),(2968,'汨罗市',280,0,3),(2969,'湘阴县',280,0,3),(2970,'临澧县',281,0,3),(2971,'安乡县',281,0,3),(2972,'桃源县',281,0,3),(2973,'武陵区',281,0,3),(2974,'汉寿县',281,0,3),(2975,'津市市',281,0,3),(2976,'澧县',281,0,3),(2977,'石门县',281,0,3),(2978,'鼎城区',281,0,3),(2979,'慈利县',282,0,3),(2980,'桑植县',282,0,3),(2981,'武陵源区',282,0,3),(2982,'永定区',282,0,3),(2983,'南县',283,0,3),(2984,'安化县',283,0,3),(2985,'桃江县',283,0,3),(2986,'沅江市',283,0,3),(2987,'资阳区',283,0,3),(2988,'赫山区',283,0,3),(2989,'临武县',284,0,3),(2990,'北湖区',284,0,3),(2991,'嘉禾县',284,0,3),(2992,'安仁县',284,0,3),(2993,'宜章县',284,0,3),(2994,'桂东县',284,0,3),(2995,'桂阳县',284,0,3),(2996,'永兴县',284,0,3),(2997,'汝城县',284,0,3),(2998,'苏仙区',284,0,3),(2999,'资兴市',284,0,3),(3000,'东安县',285,0,3),(3001,'冷水滩区',285,0,3),(3002,'双牌县',285,0,3),(3003,'宁远县',285,0,3),(3004,'新田县',285,0,3),(3005,'江华瑶族自治县',285,0,3),(3006,'江永县',285,0,3),(3007,'祁阳县',285,0,3),(3008,'蓝山县',285,0,3),(3009,'道县',285,0,3),(3010,'零陵区',285,0,3),(3011,'中方县',286,0,3),(3012,'会同县',286,0,3),(3013,'新晃侗族自治县',286,0,3),(3014,'沅陵县',286,0,3),(3015,'洪江市/洪江区',286,0,3),(3016,'溆浦县',286,0,3),(3017,'芷江侗族自治县',286,0,3),(3018,'辰溪县',286,0,3),(3019,'通道侗族自治县',286,0,3),(3020,'靖州苗族侗族自治县',286,0,3),(3021,'鹤城区',286,0,3),(3022,'麻阳苗族自治县',286,0,3),(3023,'冷水江市',287,0,3),(3024,'双峰县',287,0,3),(3025,'娄星区',287,0,3),(3026,'新化县',287,0,3),(3027,'涟源市',287,0,3),(3028,'保靖县',288,0,3),(3029,'凤凰县',288,0,3),(3030,'古丈县',288,0,3),(3031,'吉首市',288,0,3),(3032,'永顺县',288,0,3),(3033,'泸溪县',288,0,3),(3034,'花垣县',288,0,3),(3035,'龙山县',288,0,3),(3036,'萝岗区',289,0,3),(3037,'南沙区',289,0,3),(3038,'从化市',289,0,3),(3039,'增城市',289,0,3),(3040,'天河区',289,0,3),(3041,'海珠区',289,0,3),(3042,'番禺区',289,0,3),(3043,'白云区',289,0,3),(3044,'花都区',289,0,3),(3045,'荔湾区',289,0,3),(3046,'越秀区',289,0,3),(3047,'黄埔区',289,0,3),(3048,'乐昌市',290,0,3),(3049,'乳源瑶族自治县',290,0,3),(3050,'仁化县',290,0,3),(3051,'南雄市',290,0,3),(3052,'始兴县',290,0,3),(3053,'新丰县',290,0,3),(3054,'曲江区',290,0,3),(3055,'武江区',290,0,3),(3056,'浈江区',290,0,3),(3057,'翁源县',290,0,3),(3058,'南山区',291,0,3),(3059,'宝安区',291,0,3),(3060,'盐田区',291,0,3),(3061,'福田区',291,0,3),(3062,'罗湖区',291,0,3),(3063,'龙岗区',291,0,3),(3064,'斗门区',292,0,3),(3065,'金湾区',292,0,3),(3066,'香洲区',292,0,3),(3067,'南澳县',293,0,3),(3068,'潮南区',293,0,3),(3069,'潮阳区',293,0,3),(3070,'澄海区',293,0,3),(3071,'濠江区',293,0,3),(3072,'金平区',293,0,3),(3073,'龙湖区',293,0,3),(3074,'三水区',294,0,3),(3075,'南海区',294,0,3),(3076,'禅城区',294,0,3),(3077,'顺德区',294,0,3),(3078,'高明区',294,0,3),(3079,'台山市',295,0,3),(3080,'开平市',295,0,3),(3081,'恩平市',295,0,3),(3082,'新会区',295,0,3),(3083,'江海区',295,0,3),(3084,'蓬江区',295,0,3),(3085,'鹤山市',295,0,3),(3086,'吴川市',296,0,3),(3087,'坡头区',296,0,3),(3088,'廉江市',296,0,3),(3089,'徐闻县',296,0,3),(3090,'赤坎区',296,0,3),(3091,'遂溪县',296,0,3),(3092,'雷州市',296,0,3),(3093,'霞山区',296,0,3),(3094,'麻章区',296,0,3),(3095,'信宜市',297,0,3),(3096,'化州市',297,0,3),(3097,'电白县',297,0,3),(3098,'茂南区',297,0,3),(3099,'茂港区',297,0,3),(3100,'高州市',297,0,3),(3101,'四会市',298,0,3),(3102,'封开县',298,0,3),(3103,'广宁县',298,0,3),(3104,'德庆县',298,0,3),(3105,'怀集县',298,0,3),(3106,'端州区',298,0,3),(3107,'高要市',298,0,3),(3108,'鼎湖区',298,0,3),(3109,'博罗县',299,0,3),(3110,'惠东县',299,0,3),(3111,'惠城区',299,0,3),(3112,'惠阳区',299,0,3),(3113,'龙门县',299,0,3),(3114,'丰顺县',300,0,3),(3115,'五华县',300,0,3),(3116,'兴宁市',300,0,3),(3117,'大埔县',300,0,3),(3118,'平远县',300,0,3),(3119,'梅县',300,0,3),(3120,'梅江区',300,0,3),(3121,'蕉岭县',300,0,3),(3122,'城区',301,0,3),(3123,'海丰县',301,0,3),(3124,'陆丰市',301,0,3),(3125,'陆河县',301,0,3),(3126,'东源县',302,0,3),(3127,'和平县',302,0,3),(3128,'源城区',302,0,3),(3129,'紫金县',302,0,3),(3130,'连平县',302,0,3),(3131,'龙川县',302,0,3),(3132,'江城区',303,0,3),(3133,'阳东县',303,0,3),(3134,'阳春市',303,0,3),(3135,'阳西县',303,0,3),(3136,'佛冈县',304,0,3),(3137,'清城区',304,0,3),(3138,'清新县',304,0,3),(3139,'英德市',304,0,3),(3140,'连南瑶族自治县',304,0,3),(3141,'连山壮族瑶族自治县',304,0,3),(3142,'连州市',304,0,3),(3143,'阳山县',304,0,3),(3144,'东莞市',305,0,3),(3145,'中山市',306,0,3),(3146,'湘桥区',307,0,3),(3147,'潮安县',307,0,3),(3148,'饶平县',307,0,3),(3149,'惠来县',308,0,3),(3150,'揭东县',308,0,3),(3151,'揭西县',308,0,3),(3152,'普宁市',308,0,3),(3153,'榕城区',308,0,3),(3154,'云城区',309,0,3),(3155,'云安县',309,0,3),(3156,'新兴县',309,0,3),(3157,'罗定市',309,0,3),(3158,'郁南县',309,0,3),(3159,'上林县',310,0,3),(3160,'兴宁区',310,0,3),(3161,'宾阳县',310,0,3),(3162,'横县',310,0,3),(3163,'武鸣县',310,0,3),(3164,'江南区',310,0,3),(3165,'良庆区',310,0,3),(3166,'西乡塘区',310,0,3),(3167,'邕宁区',310,0,3),(3168,'隆安县',310,0,3),(3169,'青秀区',310,0,3),(3170,'马山县',310,0,3),(3171,'三江侗族自治县',311,0,3),(3172,'城中区',311,0,3),(3173,'柳北区',311,0,3),(3174,'柳南区',311,0,3),(3175,'柳城县',311,0,3),(3176,'柳江县',311,0,3),(3177,'融安县',311,0,3),(3178,'融水苗族自治县',311,0,3),(3179,'鱼峰区',311,0,3),(3180,'鹿寨县',311,0,3),(3181,'七星区',312,0,3),(3182,'临桂县',312,0,3),(3183,'全州县',312,0,3),(3184,'兴安县',312,0,3),(3185,'叠彩区',312,0,3),(3186,'平乐县',312,0,3),(3187,'恭城瑶族自治县',312,0,3),(3188,'永福县',312,0,3),(3189,'灌阳县',312,0,3),(3190,'灵川县',312,0,3),(3191,'秀峰区',312,0,3),(3192,'荔浦县',312,0,3),(3193,'象山区',312,0,3),(3194,'资源县',312,0,3),(3195,'阳朔县',312,0,3),(3196,'雁山区',312,0,3),(3197,'龙胜各族自治县',312,0,3),(3198,'万秀区',313,0,3),(3199,'岑溪市',313,0,3),(3200,'苍梧县',313,0,3),(3201,'蒙山县',313,0,3),(3202,'藤县',313,0,3),(3203,'蝶山区',313,0,3),(3204,'长洲区',313,0,3),(3205,'合浦县',314,0,3),(3206,'海城区',314,0,3),(3207,'铁山港区',314,0,3),(3208,'银海区',314,0,3),(3209,'上思县',315,0,3),(3210,'东兴市',315,0,3),(3211,'港口区',315,0,3),(3212,'防城区',315,0,3),(3213,'浦北县',316,0,3),(3214,'灵山县',316,0,3),(3215,'钦北区',316,0,3),(3216,'钦南区',316,0,3),(3217,'平南县',317,0,3),(3218,'桂平市',317,0,3),(3219,'港北区',317,0,3),(3220,'港南区',317,0,3),(3221,'覃塘区',317,0,3),(3222,'兴业县',318,0,3),(3223,'北流市',318,0,3),(3224,'博白县',318,0,3),(3225,'容县',318,0,3),(3226,'玉州区',318,0,3),(3227,'陆川县',318,0,3),(3228,'乐业县',319,0,3),(3229,'凌云县',319,0,3),(3230,'右江区',319,0,3),(3231,'平果县',319,0,3),(3232,'德保县',319,0,3),(3233,'田东县',319,0,3),(3234,'田林县',319,0,3),(3235,'田阳县',319,0,3),(3236,'西林县',319,0,3),(3237,'那坡县',319,0,3),(3238,'隆林各族自治县',319,0,3),(3239,'靖西县',319,0,3),(3240,'八步区',320,0,3),(3241,'富川瑶族自治县',320,0,3),(3242,'昭平县',320,0,3),(3243,'钟山县',320,0,3),(3244,'东兰县',321,0,3),(3245,'凤山县',321,0,3),(3246,'南丹县',321,0,3),(3247,'大化瑶族自治县',321,0,3),(3248,'天峨县',321,0,3),(3249,'宜州市',321,0,3),(3250,'巴马瑶族自治县',321,0,3),(3251,'环江毛南族自治县',321,0,3),(3252,'罗城仫佬族自治县',321,0,3),(3253,'都安瑶族自治县',321,0,3),(3254,'金城江区',321,0,3),(3255,'兴宾区',322,0,3),(3256,'合山市',322,0,3),(3257,'忻城县',322,0,3),(3258,'武宣县',322,0,3),(3259,'象州县',322,0,3),(3260,'金秀瑶族自治县',322,0,3),(3261,'凭祥市',323,0,3),(3262,'大新县',323,0,3),(3263,'天等县',323,0,3),(3264,'宁明县',323,0,3),(3265,'扶绥县',323,0,3),(3266,'江州区',323,0,3),(3267,'龙州县',323,0,3),(3268,'琼山区',324,0,3),(3269,'秀英区',324,0,3),(3270,'美兰区',324,0,3),(3271,'龙华区',324,0,3),(3272,'三亚市',325,0,3),(3273,'五指山市',326,0,3),(3274,'琼海市',327,0,3),(3275,'儋州市',328,0,3),(3276,'文昌市',329,0,3),(3277,'万宁市',330,0,3),(3278,'东方市',331,0,3),(3279,'定安县',332,0,3),(3280,'屯昌县',333,0,3),(3281,'澄迈县',334,0,3),(3282,'临高县',335,0,3),(3283,'白沙黎族自治县',336,0,3),(3284,'昌江黎族自治县',337,0,3),(3285,'乐东黎族自治县',338,0,3),(3286,'陵水黎族自治县',339,0,3),(3287,'保亭黎族苗族自治县',340,0,3),(3288,'琼中黎族苗族自治县',341,0,3),(4209,'双流县',385,0,3),(4210,'大邑县',385,0,3),(4211,'崇州市',385,0,3),(4212,'彭州市',385,0,3),(4213,'成华区',385,0,3),(4214,'新津县',385,0,3),(4215,'新都区',385,0,3),(4216,'武侯区',385,0,3),(4217,'温江区',385,0,3),(4218,'蒲江县',385,0,3),(4219,'邛崃市',385,0,3),(4220,'郫县',385,0,3),(4221,'都江堰市',385,0,3),(4222,'金堂县',385,0,3),(4223,'金牛区',385,0,3),(4224,'锦江区',385,0,3),(4225,'青白江区',385,0,3),(4226,'青羊区',385,0,3),(4227,'龙泉驿区',385,0,3),(4228,'大安区',386,0,3),(4229,'富顺县',386,0,3),(4230,'沿滩区',386,0,3),(4231,'自流井区',386,0,3),(4232,'荣县',386,0,3),(4233,'贡井区',386,0,3),(4234,'东区',387,0,3),(4235,'仁和区',387,0,3),(4236,'盐边县',387,0,3),(4237,'米易县',387,0,3),(4238,'西区',387,0,3),(4239,'叙永县',388,0,3),(4240,'古蔺县',388,0,3),(4241,'合江县',388,0,3),(4242,'江阳区',388,0,3),(4243,'泸县',388,0,3),(4244,'纳溪区',388,0,3),(4245,'龙马潭区',388,0,3),(4246,'中江县',389,0,3),(4247,'什邡市',389,0,3),(4248,'广汉市',389,0,3),(4249,'旌阳区',389,0,3),(4250,'绵竹市',389,0,3),(4251,'罗江县',389,0,3),(4252,'三台县',390,0,3),(4253,'北川羌族自治县',390,0,3),(4254,'安县',390,0,3),(4255,'平武县',390,0,3),(4256,'梓潼县',390,0,3),(4257,'江油市',390,0,3),(4258,'涪城区',390,0,3),(4259,'游仙区',390,0,3),(4260,'盐亭县',390,0,3),(4261,'元坝区',391,0,3),(4262,'利州区',391,0,3),(4263,'剑阁县',391,0,3),(4264,'旺苍县',391,0,3),(4265,'朝天区',391,0,3),(4266,'苍溪县',391,0,3),(4267,'青川县',391,0,3),(4268,'大英县',392,0,3),(4269,'安居区',392,0,3),(4270,'射洪县',392,0,3),(4271,'船山区',392,0,3),(4272,'蓬溪县',392,0,3),(4273,'东兴区',393,0,3),(4274,'威远县',393,0,3),(4275,'市中区',393,0,3),(4276,'资中县',393,0,3),(4277,'隆昌县',393,0,3),(4278,'五通桥区',394,0,3),(4279,'井研县',394,0,3),(4280,'夹江县',394,0,3),(4281,'峨眉山市',394,0,3),(4282,'峨边彝族自治县',394,0,3),(4283,'市中区',394,0,3),(4284,'沐川县',394,0,3),(4285,'沙湾区',394,0,3),(4286,'犍为县',394,0,3),(4287,'金口河区',394,0,3),(4288,'马边彝族自治县',394,0,3),(4289,'仪陇县',395,0,3),(4290,'南充市嘉陵区',395,0,3),(4291,'南部县',395,0,3),(4292,'嘉陵区',395,0,3),(4293,'营山县',395,0,3),(4294,'蓬安县',395,0,3),(4295,'西充县',395,0,3),(4296,'阆中市',395,0,3),(4297,'顺庆区',395,0,3),(4298,'高坪区',395,0,3),(4299,'东坡区',396,0,3),(4300,'丹棱县',396,0,3),(4301,'仁寿县',396,0,3),(4302,'彭山县',396,0,3),(4303,'洪雅县',396,0,3),(4304,'青神县',396,0,3),(4305,'兴文县',397,0,3),(4306,'南溪县',397,0,3),(4307,'宜宾县',397,0,3),(4308,'屏山县',397,0,3),(4309,'江安县',397,0,3),(4310,'珙县',397,0,3),(4311,'筠连县',397,0,3),(4312,'翠屏区',397,0,3),(4313,'长宁县',397,0,3),(4314,'高县',397,0,3),(4315,'华蓥市',398,0,3),(4316,'岳池县',398,0,3),(4317,'广安区',398,0,3),(4318,'武胜县',398,0,3),(4319,'邻水县',398,0,3),(4320,'万源市',399,0,3),(4321,'大竹县',399,0,3),(4322,'宣汉县',399,0,3),(4323,'开江县',399,0,3),(4324,'渠县',399,0,3),(4325,'达县',399,0,3),(4326,'通川区',399,0,3),(4327,'名山县',400,0,3),(4328,'天全县',400,0,3),(4329,'宝兴县',400,0,3),(4330,'汉源县',400,0,3),(4331,'石棉县',400,0,3),(4332,'芦山县',400,0,3),(4333,'荥经县',400,0,3),(4334,'雨城区',400,0,3),(4335,'南江县',401,0,3),(4336,'巴州区',401,0,3),(4337,'平昌县',401,0,3),(4338,'通江县',401,0,3),(4339,'乐至县',402,0,3),(4340,'安岳县',402,0,3),(4341,'简阳市',402,0,3),(4342,'雁江区',402,0,3),(4343,'九寨沟县',403,0,3),(4344,'壤塘县',403,0,3),(4345,'小金县',403,0,3),(4346,'松潘县',403,0,3),(4347,'汶川县',403,0,3),(4348,'理县',403,0,3),(4349,'红原县',403,0,3),(4350,'若尔盖县',403,0,3),(4351,'茂县',403,0,3),(4352,'金川县',403,0,3),(4353,'阿坝县',403,0,3),(4354,'马尔康县',403,0,3),(4355,'黑水县',403,0,3),(4356,'丹巴县',404,0,3),(4357,'乡城县',404,0,3),(4358,'巴塘县',404,0,3),(4359,'康定县',404,0,3),(4360,'得荣县',404,0,3),(4361,'德格县',404,0,3),(4362,'新龙县',404,0,3),(4363,'泸定县',404,0,3),(4364,'炉霍县',404,0,3),(4365,'理塘县',404,0,3),(4366,'甘孜县',404,0,3),(4367,'白玉县',404,0,3),(4368,'石渠县',404,0,3),(4369,'稻城县',404,0,3),(4370,'色达县',404,0,3),(4371,'道孚县',404,0,3),(4372,'雅江县',404,0,3),(4373,'会东县',405,0,3),(4374,'会理县',405,0,3),(4375,'冕宁县',405,0,3),(4376,'喜德县',405,0,3),(4377,'宁南县',405,0,3),(4378,'布拖县',405,0,3),(4379,'德昌县',405,0,3),(4380,'昭觉县',405,0,3),(4381,'普格县',405,0,3),(4382,'木里藏族自治县',405,0,3),(4383,'甘洛县',405,0,3),(4384,'盐源县',405,0,3),(4385,'美姑县',405,0,3),(4386,'西昌',405,0,3),(4387,'越西县',405,0,3),(4388,'金阳县',405,0,3),(4389,'雷波县',405,0,3),(4390,'乌当区',406,0,3),(4391,'云岩区',406,0,3),(4392,'修文县',406,0,3),(4393,'南明区',406,0,3),(4394,'小河区',406,0,3),(4395,'开阳县',406,0,3),(4396,'息烽县',406,0,3),(4397,'清镇市',406,0,3),(4398,'白云区',406,0,3),(4399,'花溪区',406,0,3),(4400,'六枝特区',407,0,3),(4401,'水城县',407,0,3),(4402,'盘县',407,0,3),(4403,'钟山区',407,0,3),(4404,'习水县',408,0,3),(4405,'仁怀市',408,0,3),(4406,'余庆县',408,0,3),(4407,'凤冈县',408,0,3),(4408,'务川仡佬族苗族自治县',408,0,3),(4409,'桐梓县',408,0,3),(4410,'正安县',408,0,3),(4411,'汇川区',408,0,3),(4412,'湄潭县',408,0,3),(4413,'红花岗区',408,0,3),(4414,'绥阳县',408,0,3),(4415,'赤水市',408,0,3),(4416,'道真仡佬族苗族自治县',408,0,3),(4417,'遵义县',408,0,3),(4418,'关岭布依族苗族自治县',409,0,3),(4419,'平坝县',409,0,3),(4420,'普定县',409,0,3),(4421,'紫云苗族布依族自治县',409,0,3),(4422,'西秀区',409,0,3),(4423,'镇宁布依族苗族自治县',409,0,3),(4424,'万山特区',410,0,3),(4425,'印江土家族苗族自治县',410,0,3),(4426,'德江县',410,0,3),(4427,'思南县',410,0,3),(4428,'松桃苗族自治县',410,0,3),(4429,'江口县',410,0,3),(4430,'沿河土家族自治县',410,0,3),(4431,'玉屏侗族自治县',410,0,3),(4432,'石阡县',410,0,3),(4433,'铜仁市',410,0,3),(4434,'兴义市',411,0,3),(4435,'兴仁县',411,0,3),(4436,'册亨县',411,0,3),(4437,'安龙县',411,0,3),(4438,'普安县',411,0,3),(4439,'晴隆县',411,0,3),(4440,'望谟县',411,0,3),(4441,'贞丰县',411,0,3),(4442,'大方县',412,0,3),(4443,'威宁彝族回族苗族自治县',412,0,3),(4444,'毕节市',412,0,3),(4445,'纳雍县',412,0,3),(4446,'织金县',412,0,3),(4447,'赫章县',412,0,3),(4448,'金沙县',412,0,3),(4449,'黔西县',412,0,3),(4450,'三穗县',413,0,3),(4451,'丹寨县',413,0,3),(4452,'从江县',413,0,3),(4453,'凯里市',413,0,3),(4454,'剑河县',413,0,3),(4455,'台江县',413,0,3),(4456,'天柱县',413,0,3),(4457,'岑巩县',413,0,3),(4458,'施秉县',413,0,3),(4459,'榕江县',413,0,3),(4460,'锦屏县',413,0,3),(4461,'镇远县',413,0,3),(4462,'雷山县',413,0,3),(4463,'麻江县',413,0,3),(4464,'黄平县',413,0,3),(4465,'黎平县',413,0,3),(4466,'三都水族自治县',414,0,3),(4467,'平塘县',414,0,3),(4468,'惠水县',414,0,3),(4469,'独山县',414,0,3),(4470,'瓮安县',414,0,3),(4471,'福泉市',414,0,3),(4472,'罗甸县',414,0,3),(4473,'荔波县',414,0,3),(4474,'贵定县',414,0,3),(4475,'都匀市',414,0,3),(4476,'长顺县',414,0,3),(4477,'龙里县',414,0,3),(4478,'东川区',415,0,3),(4479,'五华区',415,0,3),(4480,'呈贡县',415,0,3),(4481,'安宁市',415,0,3),(4482,'官渡区',415,0,3),(4483,'宜良县',415,0,3),(4484,'富民县',415,0,3),(4485,'寻甸回族彝族自治县',415,0,3),(4486,'嵩明县',415,0,3),(4487,'晋宁县',415,0,3),(4488,'盘龙区',415,0,3),(4489,'石林彝族自治县',415,0,3),(4490,'禄劝彝族苗族自治县',415,0,3),(4491,'西山区',415,0,3),(4492,'会泽县',416,0,3),(4493,'宣威市',416,0,3),(4494,'富源县',416,0,3),(4495,'师宗县',416,0,3),(4496,'沾益县',416,0,3),(4497,'罗平县',416,0,3),(4498,'陆良县',416,0,3),(4499,'马龙县',416,0,3),(4500,'麒麟区',416,0,3),(4501,'元江哈尼族彝族傣族自治县',417,0,3),(4502,'华宁县',417,0,3),(4503,'峨山彝族自治县',417,0,3),(4504,'新平彝族傣族自治县',417,0,3),(4505,'易门县',417,0,3),(4506,'江川县',417,0,3),(4507,'澄江县',417,0,3),(4508,'红塔区',417,0,3),(4509,'通海县',417,0,3),(4510,'施甸县',418,0,3),(4511,'昌宁县',418,0,3),(4512,'腾冲县',418,0,3),(4513,'隆阳区',418,0,3),(4514,'龙陵县',418,0,3),(4515,'大关县',419,0,3),(4516,'威信县',419,0,3),(4517,'巧家县',419,0,3),(4518,'彝良县',419,0,3),(4519,'昭阳区',419,0,3),(4520,'水富县',419,0,3),(4521,'永善县',419,0,3),(4522,'盐津县',419,0,3),(4523,'绥江县',419,0,3),(4524,'镇雄县',419,0,3),(4525,'鲁甸县',419,0,3),(4526,'华坪县',420,0,3),(4527,'古城区',420,0,3),(4528,'宁蒗彝族自治县',420,0,3),(4529,'永胜县',420,0,3),(4530,'玉龙纳西族自治县',420,0,3),(4531,'临翔区',422,0,3),(4532,'云县',422,0,3),(4533,'凤庆县',422,0,3),(4534,'双江拉祜族佤族布朗族傣族自治县',422,0,3),(4535,'永德县',422,0,3),(4536,'沧源佤族自治县',422,0,3),(4537,'耿马傣族佤族自治县',422,0,3),(4538,'镇康县',422,0,3),(4539,'元谋县',423,0,3),(4540,'南华县',423,0,3),(4541,'双柏县',423,0,3),(4542,'大姚县',423,0,3),(4543,'姚安县',423,0,3),(4544,'楚雄市',423,0,3),(4545,'武定县',423,0,3),(4546,'永仁县',423,0,3),(4547,'牟定县',423,0,3),(4548,'禄丰县',423,0,3),(4549,'个旧市',424,0,3),(4550,'元阳县',424,0,3),(4551,'屏边苗族自治县',424,0,3),(4552,'建水县',424,0,3),(4553,'开远市',424,0,3),(4554,'弥勒县',424,0,3),(4555,'河口瑶族自治县',424,0,3),(4556,'泸西县',424,0,3),(4557,'石屏县',424,0,3),(4558,'红河县',424,0,3),(4559,'绿春县',424,0,3),(4560,'蒙自县',424,0,3),(4561,'金平苗族瑶族傣族自治县',424,0,3),(4562,'丘北县',425,0,3),(4563,'富宁县',425,0,3),(4564,'广南县',425,0,3),(4565,'文山县',425,0,3),(4566,'砚山县',425,0,3),(4567,'西畴县',425,0,3),(4568,'马关县',425,0,3),(4569,'麻栗坡县',425,0,3),(4570,'勐海县',426,0,3),(4571,'勐腊县',426,0,3),(4572,'景洪市',426,0,3),(4573,'云龙县',427,0,3),(4574,'剑川县',427,0,3),(4575,'南涧彝族自治县',427,0,3),(4576,'大理市',427,0,3),(4577,'宾川县',427,0,3),(4578,'巍山彝族回族自治县',427,0,3),(4579,'弥渡县',427,0,3),(4580,'永平县',427,0,3),(4581,'洱源县',427,0,3),(4582,'漾濞彝族自治县',427,0,3),(4583,'祥云县',427,0,3),(4584,'鹤庆县',427,0,3),(4585,'梁河县',428,0,3),(4586,'潞西市',428,0,3),(4587,'瑞丽市',428,0,3),(4588,'盈江县',428,0,3),(4589,'陇川县',428,0,3),(4590,'德钦县',430,0,3),(4591,'维西傈僳族自治县',430,0,3),(4592,'香格里拉县',430,0,3),(4593,'城关区',431,0,3),(4594,'堆龙德庆县',431,0,3),(4595,'墨竹工卡县',431,0,3),(4596,'尼木县',431,0,3),(4597,'当雄县',431,0,3),(4598,'曲水县',431,0,3),(4599,'林周县',431,0,3),(4600,'达孜县',431,0,3),(4601,'丁青县',432,0,3),(4602,'八宿县',432,0,3),(4603,'察雅县',432,0,3),(4604,'左贡县',432,0,3),(4605,'昌都县',432,0,3),(4606,'江达县',432,0,3),(4607,'洛隆县',432,0,3),(4608,'类乌齐县',432,0,3),(4609,'芒康县',432,0,3),(4610,'贡觉县',432,0,3),(4611,'边坝县',432,0,3),(4612,'乃东县',433,0,3),(4613,'加查县',433,0,3),(4614,'扎囊县',433,0,3),(4615,'措美县',433,0,3),(4616,'曲松县',433,0,3),(4617,'桑日县',433,0,3),(4618,'洛扎县',433,0,3),(4619,'浪卡子县',433,0,3),(4620,'琼结县',433,0,3),(4621,'贡嘎县',433,0,3),(4622,'错那县',433,0,3),(4623,'隆子县',433,0,3),(4624,'亚东县',434,0,3),(4625,'仁布县',434,0,3),(4626,'仲巴县',434,0,3),(4627,'南木林县',434,0,3),(4628,'吉隆县',434,0,3),(4629,'定日县',434,0,3),(4630,'定结县',434,0,3),(4631,'岗巴县',434,0,3),(4632,'康马县',434,0,3),(4633,'拉孜县',434,0,3),(4634,'日喀则市',434,0,3),(4635,'昂仁县',434,0,3),(4636,'江孜县',434,0,3),(4637,'白朗县',434,0,3),(4638,'聂拉木县',434,0,3),(4639,'萨嘎县',434,0,3),(4640,'萨迦县',434,0,3),(4641,'谢通门县',434,0,3),(4642,'嘉黎县',435,0,3),(4643,'安多县',435,0,3),(4644,'尼玛县',435,0,3),(4645,'巴青县',435,0,3),(4646,'比如县',435,0,3),(4647,'班戈县',435,0,3),(4648,'申扎县',435,0,3),(4649,'索县',435,0,3),(4650,'聂荣县',435,0,3),(4651,'那曲县',435,0,3),(4652,'噶尔县',436,0,3),(4653,'措勤县',436,0,3),(4654,'改则县',436,0,3),(4655,'日土县',436,0,3),(4656,'普兰县',436,0,3),(4657,'札达县',436,0,3),(4658,'革吉县',436,0,3),(4659,'墨脱县',437,0,3),(4660,'察隅县',437,0,3),(4661,'工布江达县',437,0,3),(4662,'朗县',437,0,3),(4663,'林芝县',437,0,3),(4664,'波密县',437,0,3),(4665,'米林县',437,0,3),(4666,'临潼区',438,0,3),(4667,'周至县',438,0,3),(4668,'户县',438,0,3),(4669,'新城区',438,0,3),(4670,'未央区',438,0,3),(4671,'灞桥区',438,0,3),(4672,'碑林区',438,0,3),(4673,'莲湖区',438,0,3),(4674,'蓝田县',438,0,3),(4675,'长安区',438,0,3),(4676,'阎良区',438,0,3),(4677,'雁塔区',438,0,3),(4678,'高陵县',438,0,3),(4679,'印台区',439,0,3),(4680,'宜君县',439,0,3),(4681,'王益区',439,0,3),(4682,'耀州区',439,0,3),(4683,'凤县',440,0,3),(4684,'凤翔县',440,0,3),(4685,'千阳县',440,0,3),(4686,'太白县',440,0,3),(4687,'岐山县',440,0,3),(4688,'扶风县',440,0,3),(4689,'渭滨区',440,0,3),(4690,'眉县',440,0,3),(4691,'金台区',440,0,3),(4692,'陇县',440,0,3),(4693,'陈仓区',440,0,3),(4694,'麟游县',440,0,3),(4695,'三原县',441,0,3),(4696,'干县',441,0,3),(4697,'兴平市',441,0,3),(4698,'彬县',441,0,3),(4699,'旬邑县',441,0,3),(4700,'杨陵区',441,0,3),(4701,'武功县',441,0,3),(4702,'永寿县',441,0,3),(4703,'泾阳县',441,0,3),(4704,'淳化县',441,0,3),(4705,'渭城区',441,0,3),(4706,'礼泉县',441,0,3),(4707,'秦都区',441,0,3),(4708,'长武县',441,0,3),(4709,'临渭区',442,0,3),(4710,'华县',442,0,3),(4711,'华阴市',442,0,3),(4712,'合阳县',442,0,3),(4713,'大荔县',442,0,3),(4714,'富平县',442,0,3),(4715,'潼关县',442,0,3),(4716,'澄城县',442,0,3),(4717,'白水县',442,0,3),(4718,'蒲城县',442,0,3),(4719,'韩城市',442,0,3),(4720,'吴起县',443,0,3),(4721,'子长县',443,0,3),(4722,'安塞县',443,0,3),(4723,'宜川县',443,0,3),(4724,'宝塔区',443,0,3),(4725,'富县',443,0,3),(4726,'延川县',443,0,3),(4727,'延长县',443,0,3),(4728,'志丹县',443,0,3),(4729,'洛川县',443,0,3),(4730,'甘泉县',443,0,3),(4731,'黄陵县',443,0,3),(4732,'黄龙县',443,0,3),(4733,'佛坪县',444,0,3),(4734,'勉县',444,0,3),(4735,'南郑县',444,0,3),(4736,'城固县',444,0,3),(4737,'宁强县',444,0,3),(4738,'汉台区',444,0,3),(4739,'洋县',444,0,3),(4740,'留坝县',444,0,3),(4741,'略阳县',444,0,3),(4742,'西乡县',444,0,3),(4743,'镇巴县',444,0,3),(4744,'佳县',445,0,3),(4745,'吴堡县',445,0,3),(4746,'子洲县',445,0,3),(4747,'定边县',445,0,3),(4748,'府谷县',445,0,3),(4749,'榆林市榆阳区',445,0,3),(4750,'横山县',445,0,3),(4751,'清涧县',445,0,3),(4752,'神木县',445,0,3),(4753,'米脂县',445,0,3),(4754,'绥德县',445,0,3),(4755,'靖边县',445,0,3),(4756,'宁陕县',446,0,3),(4757,'岚皋县',446,0,3),(4758,'平利县',446,0,3),(4759,'旬阳县',446,0,3),(4760,'汉滨区',446,0,3),(4761,'汉阴县',446,0,3),(4762,'白河县',446,0,3),(4763,'石泉县',446,0,3),(4764,'紫阳县',446,0,3),(4765,'镇坪县',446,0,3),(4766,'丹凤县',447,0,3),(4767,'商南县',447,0,3),(4768,'商州区',447,0,3),(4769,'山阳县',447,0,3),(4770,'柞水县',447,0,3),(4771,'洛南县',447,0,3),(4772,'镇安县',447,0,3),(4773,'七里河区',448,0,3),(4774,'城关区',448,0,3),(4775,'安宁区',448,0,3),(4776,'榆中县',448,0,3),(4777,'永登县',448,0,3),(4778,'皋兰县',448,0,3),(4779,'红古区',448,0,3),(4780,'西固区',448,0,3),(4781,'嘉峪关市',449,0,3),(4782,'永昌县',450,0,3),(4783,'金川区',450,0,3),(4784,'会宁县',451,0,3),(4785,'平川区',451,0,3),(4786,'景泰县',451,0,3),(4787,'白银区',451,0,3),(4788,'靖远县',451,0,3),(4789,'张家川回族自治县',452,0,3),(4790,'武山县',452,0,3),(4791,'清水县',452,0,3),(4792,'甘谷县',452,0,3),(4793,'秦安县',452,0,3),(4794,'秦州区',452,0,3),(4795,'麦积区',452,0,3),(4796,'凉州区',453,0,3),(4797,'古浪县',453,0,3),(4798,'天祝藏族自治县',453,0,3),(4799,'民勤县',453,0,3),(4800,'临泽县',454,0,3),(4801,'山丹县',454,0,3),(4802,'民乐县',454,0,3),(4803,'甘州区',454,0,3),(4804,'肃南裕固族自治县',454,0,3),(4805,'高台县',454,0,3),(4806,'华亭县',455,0,3),(4807,'崆峒区',455,0,3),(4808,'崇信县',455,0,3),(4809,'庄浪县',455,0,3),(4810,'泾川县',455,0,3),(4811,'灵台县',455,0,3),(4812,'静宁县',455,0,3),(4813,'敦煌市',456,0,3),(4814,'玉门市',456,0,3),(4815,'瓜州县（原安西县）',456,0,3),(4816,'肃北蒙古族自治县',456,0,3),(4817,'肃州区',456,0,3),(4818,'金塔县',456,0,3),(4819,'阿克塞哈萨克族自治县',456,0,3),(4820,'华池县',457,0,3),(4821,'合水县',457,0,3),(4822,'宁县',457,0,3),(4823,'庆城县',457,0,3),(4824,'正宁县',457,0,3),(4825,'环县',457,0,3),(4826,'西峰区',457,0,3),(4827,'镇原县',457,0,3),(4828,'临洮县',458,0,3),(4829,'安定区',458,0,3),(4830,'岷县',458,0,3),(4831,'渭源县',458,0,3),(4832,'漳县',458,0,3),(4833,'通渭县',458,0,3),(4834,'陇西县',458,0,3),(4835,'两当县',459,0,3),(4836,'宕昌县',459,0,3),(4837,'康县',459,0,3),(4838,'徽县',459,0,3),(4839,'成县',459,0,3),(4840,'文县',459,0,3),(4841,'武都区',459,0,3),(4842,'礼县',459,0,3),(4843,'西和县',459,0,3),(4844,'东乡族自治县',460,0,3),(4845,'临夏县',460,0,3),(4846,'临夏市',460,0,3),(4847,'和政县',460,0,3),(4848,'广河县',460,0,3),(4849,'康乐县',460,0,3),(4850,'永靖县',460,0,3),(4851,'积石山保安族东乡族撒拉族自治县',460,0,3),(4852,'临潭县',461,0,3),(4853,'卓尼县',461,0,3),(4854,'合作市',461,0,3),(4855,'夏河县',461,0,3),(4856,'玛曲县',461,0,3),(4857,'碌曲县',461,0,3),(4858,'舟曲县',461,0,3),(4859,'迭部县',461,0,3),(4860,'城东区',462,0,3),(4861,'城中区',462,0,3),(4862,'城北区',462,0,3),(4863,'城西区',462,0,3),(4864,'大通回族土族自治县',462,0,3),(4865,'湟中县',462,0,3),(4866,'湟源县',462,0,3),(4867,'乐都县',463,0,3),(4868,'互助土族自治县',463,0,3),(4869,'化隆回族自治县',463,0,3),(4870,'平安县',463,0,3),(4871,'循化撒拉族自治县',463,0,3),(4872,'民和回族土族自治县',463,0,3),(4873,'刚察县',464,0,3),(4874,'海晏县',464,0,3),(4875,'祁连县',464,0,3),(4876,'门源回族自治县',464,0,3),(4877,'同仁县',465,0,3),(4878,'尖扎县',465,0,3),(4879,'河南蒙古族自治县',465,0,3),(4880,'泽库县',465,0,3),(4881,'共和县',466,0,3),(4882,'兴海县',466,0,3),(4883,'同德县',466,0,3),(4884,'贵南县',466,0,3),(4885,'贵德县',466,0,3),(4886,'久治县',467,0,3),(4887,'玛多县',467,0,3),(4888,'玛沁县',467,0,3),(4889,'班玛县',467,0,3),(4890,'甘德县',467,0,3),(4891,'达日县',467,0,3),(4892,'囊谦县',468,0,3),(4893,'曲麻莱县',468,0,3),(4894,'杂多县',468,0,3),(4895,'治多县',468,0,3),(4896,'玉树县',468,0,3),(4897,'称多县',468,0,3),(4898,'乌兰县',469,0,3),(4899,'冷湖行委',469,0,3),(4900,'大柴旦行委',469,0,3),(4901,'天峻县',469,0,3),(4902,'德令哈市',469,0,3),(4903,'格尔木市',469,0,3),(4904,'茫崖行委',469,0,3),(4905,'都兰县',469,0,3),(4906,'兴庆区',470,0,3),(4907,'永宁县',470,0,3),(4908,'灵武市',470,0,3),(4909,'西夏区',470,0,3),(4910,'贺兰县',470,0,3),(4911,'金凤区',470,0,3),(4912,'大武口区',471,0,3),(4913,'平罗县',471,0,3),(4914,'惠农区',471,0,3),(4915,'利通区',472,0,3),(4916,'同心县',472,0,3),(4917,'盐池县',472,0,3),(4918,'青铜峡市',472,0,3),(4919,'原州区',473,0,3),(4920,'彭阳县',473,0,3),(4921,'泾源县',473,0,3),(4922,'西吉县',473,0,3),(4923,'隆德县',473,0,3),(4924,'中宁县',474,0,3),(4925,'沙坡头区',474,0,3),(4926,'海原县',474,0,3),(4927,'东山区',475,0,3),(4928,'乌鲁木齐县',475,0,3),(4929,'天山区',475,0,3),(4930,'头屯河区',475,0,3),(4931,'新市区',475,0,3),(4932,'水磨沟区',475,0,3),(4933,'沙依巴克区',475,0,3),(4934,'达坂城区',475,0,3),(4935,'乌尔禾区',476,0,3),(4936,'克拉玛依区',476,0,3),(4937,'独山子区',476,0,3),(4938,'白碱滩区',476,0,3),(4939,'吐鲁番市',477,0,3),(4940,'托克逊县',477,0,3),(4941,'鄯善县',477,0,3),(4942,'伊吾县',478,0,3),(4943,'哈密市',478,0,3),(4944,'巴里坤哈萨克自治县',478,0,3),(4945,'吉木萨尔县',479,0,3),(4946,'呼图壁县',479,0,3),(4947,'奇台县',479,0,3),(4948,'昌吉市',479,0,3),(4949,'木垒哈萨克自治县',479,0,3),(4950,'玛纳斯县',479,0,3),(4951,'米泉市',479,0,3),(4952,'阜康市',479,0,3),(4953,'博乐市',480,0,3),(4954,'温泉县',480,0,3),(4955,'精河县',480,0,3),(4956,'博湖县',481,0,3),(4957,'和硕县',481,0,3),(4958,'和静县',481,0,3),(4959,'尉犁县',481,0,3),(4960,'库尔勒市',481,0,3),(4961,'焉耆回族自治县',481,0,3),(4962,'若羌县',481,0,3),(4963,'轮台县',481,0,3),(4964,'乌什县',482,0,3),(4965,'库车县',482,0,3),(4966,'拜城县',482,0,3),(4967,'新和县',482,0,3),(4968,'柯坪县',482,0,3),(4969,'沙雅县',482,0,3),(4970,'温宿县',482,0,3),(4971,'阿克苏市',482,0,3),(4972,'阿瓦提县',482,0,3),(4973,'乌恰县',483,0,3),(4974,'阿克陶县',483,0,3),(4975,'阿合奇县',483,0,3),(4976,'阿图什市',483,0,3),(4977,'伽师县',484,0,3),(4978,'叶城县',484,0,3),(4979,'喀什市',484,0,3),(4980,'塔什库尔干塔吉克自治县',484,0,3),(4981,'岳普湖县',484,0,3),(4982,'巴楚县',484,0,3),(4983,'泽普县',484,0,3),(4984,'疏勒县',484,0,3),(4985,'疏附县',484,0,3),(4986,'英吉沙县',484,0,3),(4987,'莎车县',484,0,3),(4988,'麦盖提县',484,0,3),(4989,'于田县',485,0,3),(4990,'和田县',485,0,3),(4991,'和田市',485,0,3),(4992,'墨玉县',485,0,3),(4993,'民丰县',485,0,3),(4994,'洛浦县',485,0,3),(4995,'皮山县',485,0,3),(4996,'策勒县',485,0,3),(4997,'伊宁县',486,0,3),(4998,'伊宁市',486,0,3),(4999,'奎屯市',486,0,3),(5000,'察布查尔锡伯自治县',486,0,3),(5001,'尼勒克县',486,0,3),(5002,'巩留县',486,0,3),(5003,'新源县',486,0,3),(5004,'昭苏县',486,0,3),(5005,'特克斯县',486,0,3),(5006,'霍城县',486,0,3),(5007,'乌苏市',487,0,3),(5008,'和布克赛尔蒙古自治县',487,0,3),(5009,'塔城市',487,0,3),(5010,'托里县',487,0,3),(5011,'沙湾县',487,0,3),(5012,'裕民县',487,0,3),(5013,'额敏县',487,0,3),(5014,'吉木乃县',488,0,3),(5015,'哈巴河县',488,0,3),(5016,'富蕴县',488,0,3),(5017,'布尔津县',488,0,3),(5018,'福海县',488,0,3),(5019,'阿勒泰市',488,0,3),(5020,'青河县',488,0,3),(5021,'石河子市',489,0,3),(5022,'阿拉尔市',490,0,3),(5023,'图木舒克市',491,0,3),(5024,'五家渠市',492,0,3),(45055,'海外',35,0,2);
/*!40000 ALTER TABLE `ms_common_region` ENABLE KEYS */;
UNLOCK TABLES;

--
-- Table structure for table `ms_common_release`
--

DROP TABLE IF EXISTS `ms_common_release`;
/*!40101 SET @saved_cs_client     = @@character_set_client */;
/*!40101 SET character_set_client = utf8 */;
CREATE TABLE `ms_common_release` (
  `id` int(10) NOT NULL AUTO_INCREMENT,
  `uid` int(10) DEFAULT NULL COMMENT '用户id',
  `goods_name` text COMMENT '产品名称',
  `base_integral` decimal(10,2) DEFAULT '0.00' COMMENT '释放基数',
  `not_release` decimal(10,2) DEFAULT '0.00' COMMENT '未释放',
  `already_release` decimal(10,2) DEFAULT '0.00' COMMENT '已释放积分',
  `release_proportion` float(10,3) DEFAULT '0.000' COMMENT '释放比例',
  `release_time` int(10) DEFAULT '0' COMMENT '释放时间',
  `add_time` int(10) DEFAULT '0' COMMENT '插入时间',
  PRIMARY KEY (`id`)
) ENGINE=MyISAM AUTO_INCREMENT=111 DEFAULT CHARSET=utf8 COMMENT='待释放积分池---增值积分';
/*!40101 SET character_set_client = @saved_cs_client */;

--
-- Dumping data for table `ms_common_release`
--

LOCK TABLES `ms_common_release` WRITE;
/*!40000 ALTER TABLE `ms_common_release` DISABLE KEYS */;
INSERT INTO `ms_common_release` VALUES (1,49,'合作商四星套餐B',25660.00,12830.00,0.00,0.100,0,1477571359),(2,49,'合作商四星套餐B',25660.00,0.00,0.00,0.000,0,1477571359),(3,61,'合作商四星套餐B',25660.00,12830.00,0.00,0.100,0,1477571593),(4,61,'合作商四星套餐B',25660.00,0.00,0.00,0.000,0,1477571593),(5,62,'合作商四星套餐B',25660.00,12830.00,0.00,0.100,0,1477571878),(6,62,'合作商四星套餐B',25660.00,0.00,0.00,0.000,0,1477571878),(7,62,'合作商四星套餐B',25660.00,12830.00,0.00,0.100,0,1477572103),(8,62,'合作商四星套餐B',25660.00,0.00,0.00,0.000,0,1477572103),(9,62,'合作商四星套餐B',25660.00,12830.00,0.00,0.100,0,1477572106),(10,62,'合作商四星套餐B',25660.00,0.00,0.00,0.000,0,1477572106),(11,64,'合作商四星套餐B',25660.00,12830.00,0.00,0.100,0,1477572461),(12,64,'合作商四星套餐B',25660.00,0.00,0.00,0.000,0,1477572461),(13,67,'合作商四星套餐B',25660.00,12830.00,0.00,0.100,0,1477573031),(14,67,'合作商四星套餐B',25660.00,0.00,0.00,0.000,0,1477573031),(15,67,'合作商四星套餐B',25660.00,12830.00,0.00,0.100,0,1477573913),(16,67,'合作商四星套餐B',25660.00,0.00,0.00,0.000,0,1477573913),(17,67,'合作商四星套餐B',25660.00,12830.00,0.00,0.100,0,1477574161),(18,67,'合作商四星套餐B',25660.00,0.00,0.00,0.000,0,1477574161),(19,67,'合作商四星套餐B',25660.00,12830.00,0.00,0.100,0,1477574163),(20,67,'合作商四星套餐B',25660.00,0.00,0.00,0.000,0,1477574163),(21,67,'合作商四星套餐B',25660.00,0.00,0.00,0.000,0,1477574396),(22,67,'合作商四星套餐B',25660.00,0.00,0.00,0.000,0,1477574396),(23,69,'合作商一星套餐B',1600.00,800.00,0.00,0.100,0,1477574710),(24,69,'合作商一星套餐B',1600.00,0.00,0.00,0.000,0,1477574710),(25,69,'合作商一星套餐B',1600.00,800.00,0.00,0.100,0,1477575065),(26,69,'合作商一星套餐B',1600.00,0.00,0.00,0.000,0,1477575065),(27,69,'合作商一星套餐B',1600.00,800.00,0.00,0.100,0,1477575067),(28,69,'合作商一星套餐B',1600.00,0.00,0.00,0.000,0,1477575067),(29,69,'合作商一星套餐B',1600.00,800.00,0.00,0.100,0,1477575101),(30,69,'合作商一星套餐B',1600.00,0.00,0.00,0.000,0,1477575101),(31,69,'合作商一星套餐B',1600.00,0.00,0.00,0.000,0,1477575179),(32,69,'合作商一星套餐B',1600.00,0.00,0.00,0.000,0,1477575179),(33,69,'合作商一星套餐B',1600.00,0.00,0.00,0.000,0,1477575381),(34,69,'合作商一星套餐B',1600.00,0.00,0.00,0.000,0,1477575381),(35,71,'合作商一星套餐B',1600.00,800.00,0.00,0.100,0,1477575554),(36,71,'合作商一星套餐B',1600.00,0.00,0.00,0.000,0,1477575554),(37,73,'合作商四星套餐B',25660.00,12830.00,0.00,0.100,0,1477575840),(38,73,'合作商四星套餐B',25660.00,0.00,0.00,0.000,0,1477575840),(39,73,'合作商一星套餐B',1600.00,800.00,0.00,0.100,0,1477575972),(40,73,'合作商一星套餐B',1600.00,0.00,0.00,0.000,0,1477575972),(41,73,'合作商一星套餐B',1600.00,800.00,0.00,0.100,0,1477576157),(42,73,'合作商一星套餐B',1600.00,0.00,0.00,0.000,0,1477576157),(43,73,'合作商一星套餐B',1600.00,0.00,0.00,0.000,0,1477576237),(44,73,'合作商一星套餐B',1600.00,0.00,0.00,0.000,0,1477576238),(45,73,'合作商一星套餐B',1600.00,0.00,0.00,0.000,0,1477576338),(46,73,'合作商一星套餐B',1600.00,0.00,0.00,0.000,0,1477576338),(47,73,'合作商一星套餐B',1600.00,800.00,0.00,0.100,0,1477576352),(48,73,'合作商一星套餐B',1600.00,0.00,0.00,0.000,0,1477576352),(49,73,'合作商一星套餐B',1600.00,800.00,0.00,0.100,0,1477576407),(50,73,'合作商一星套餐B',1600.00,0.00,0.00,0.000,0,1477576408),(51,73,'合作商一星套餐B',1600.00,0.00,0.00,0.000,0,1477576807),(52,73,'合作商一星套餐B',1600.00,0.00,0.00,0.000,0,1477576807),(53,73,'合作商一星套餐B',1600.00,0.00,0.00,0.000,0,1477577469),(54,73,'合作商一星套餐B',1600.00,0.00,0.00,0.000,0,1477577469),(55,75,'合作商一星套餐B',1600.00,800.00,0.00,0.100,0,1477577626),(56,75,'合作商一星套餐B',1600.00,0.00,0.00,0.000,0,1477577626),(57,75,'合作商一星套餐B',1600.00,0.00,0.00,0.000,0,1477578456),(58,75,'合作商一星套餐B',1600.00,0.00,0.00,0.000,0,1477578456),(59,75,'合作商一星套餐B',1600.00,800.00,0.00,0.100,0,1477578518),(60,75,'合作商一星套餐B',1600.00,0.00,0.00,0.000,0,1477578518),(61,75,'合作商一星套餐B',1600.00,0.00,0.00,0.000,0,1477578593),(62,75,'合作商一星套餐B',1600.00,0.00,0.00,0.000,0,1477578594),(63,75,'合作商一星套餐B',1600.00,800.00,0.00,0.100,0,1477578598),(64,75,'合作商一星套餐B',1600.00,0.00,0.00,0.000,0,1477578598),(65,75,'合作商一星套餐B',1600.00,800.00,0.00,0.100,0,1477578836),(66,75,'合作商一星套餐B',1600.00,0.00,0.00,0.000,0,1477578836),(67,75,'合作商一星套餐B',1600.00,0.00,0.00,0.000,0,1477578877),(68,75,'合作商一星套餐B',1600.00,0.00,0.00,0.000,0,1477578877),(69,75,'合作商一星套餐B',1600.00,800.00,0.00,0.100,0,1477578879),(70,75,'合作商一星套餐B',1600.00,0.00,0.00,0.000,0,1477578879),(71,75,'合作商一星套餐B',1600.00,0.00,0.00,0.000,0,1477579357),(72,75,'合作商一星套餐B',1600.00,0.00,0.00,0.000,0,1477579357),(73,77,'合作商四星套餐B',25660.00,12830.00,0.00,0.100,0,1477621686),(74,77,'合作商四星套餐B',25660.00,0.00,0.00,0.000,0,1477621686),(75,79,'合作商一星套餐B',1600.00,800.00,0.00,0.100,0,1477623041),(76,79,'合作商四星套餐B',25660.00,12830.00,0.00,0.100,0,1477623168),(77,81,'合作商四星套餐B',25660.00,12830.00,0.00,0.100,0,1477657801),(78,81,'合作商四星套餐B',25660.00,0.00,0.00,0.000,0,1477657801),(79,86,'合作商四星套餐B',25660.00,12830.00,0.00,0.100,0,1477658462),(80,86,'合作商四星套餐B',25660.00,0.00,0.00,0.000,0,1477658462),(81,86,'合作商四星套餐B',25660.00,12830.00,0.00,0.100,0,1477658813),(82,86,'合作商四星套餐B',25660.00,0.00,0.00,0.000,0,1477658814),(83,86,'合作商四星套餐B',25660.00,12830.00,0.00,0.100,0,1477662737),(84,86,'合作商四星套餐B',25660.00,0.00,0.00,0.000,0,1477662737),(85,86,'合作商四星套餐B',25660.00,12830.00,0.00,0.100,0,1477662972),(86,86,'合作商四星套餐B',25660.00,0.00,0.00,0.000,0,1477662973),(87,86,'合作商四星套餐B',25660.00,12830.00,0.00,0.100,0,1477663534),(88,86,'合作商四星套餐B',25660.00,0.00,0.00,0.000,0,1477663534),(89,86,'合作商四星套餐B',25660.00,12830.00,0.00,0.100,0,1477663585),(90,86,'合作商四星套餐B',25660.00,0.00,0.00,0.000,0,1477663585),(91,86,'合作商四星套餐B',25660.00,12830.00,0.00,0.100,0,1477663690),(92,86,'合作商四星套餐B',25660.00,0.00,0.00,0.000,0,1477663691),(93,86,'合作商四星套餐B',25660.00,12830.00,0.00,0.100,0,1477663915),(94,86,'合作商四星套餐B',25660.00,0.00,0.00,0.000,0,1477663915),(95,86,'合作商四星套餐B',25660.00,12830.00,0.00,0.100,0,1477663986),(96,86,'合作商四星套餐B',25660.00,0.00,0.00,0.000,0,1477663987),(97,86,'合作商四星套餐B',25660.00,12830.00,0.00,0.100,0,1477664079),(98,88,'合作商一星套餐B',1600.00,0.00,0.00,0.000,0,1477707558),(99,88,'合作商四星套餐B',25660.00,12830.00,0.00,0.100,0,1477733645),(100,94,'合作商四星套餐B',25660.00,0.00,0.00,0.000,0,1477819022),(101,98,'合作商四星套餐B',25660.00,0.00,0.00,0.000,0,1477825726),(102,2,'合作商四星套餐B',25660.00,12830.00,0.00,0.100,0,1477825891),(103,98,'合作商四星套餐B',25660.00,12830.00,0.00,0.100,0,1477825944),(104,98,'合作商四星套餐B',25660.00,12830.00,0.00,0.100,0,1477826049),(105,101,'合作商四星套餐B',25660.00,0.00,0.00,0.000,0,1477876501),(106,103,'合作商四星套餐B',25660.00,0.00,0.00,0.000,0,1477877346),(107,115,'合作商四星套餐B',25660.00,12830.00,0.00,0.100,0,1477882388),(108,119,'合作商四星套餐B',25660.00,12830.00,0.00,0.100,0,1477991968),(109,98,'合作商四星套餐B',25660.00,12830.00,0.00,0.100,0,1478047899),(110,98,'合作商四星套餐B',25660.00,12830.00,0.00,0.100,0,1478143068);
/*!40000 ALTER TABLE `ms_common_release` ENABLE KEYS */;
UNLOCK TABLES;

--
-- Table structure for table `ms_common_role`
--

DROP TABLE IF EXISTS `ms_common_role`;
/*!40101 SET @saved_cs_client     = @@character_set_client */;
/*!40101 SET character_set_client = utf8 */;
CREATE TABLE `ms_common_role` (
  `role_id` int(2) NOT NULL AUTO_INCREMENT,
  `role_name` char(10) DEFAULT NULL COMMENT '角色名称',
  `menu_id_str` text COMMENT '菜单id',
  PRIMARY KEY (`role_id`)
) ENGINE=MyISAM AUTO_INCREMENT=2 DEFAULT CHARSET=utf8 COMMENT='管理角色表';
/*!40101 SET character_set_client = @saved_cs_client */;

--
-- Dumping data for table `ms_common_role`
--

LOCK TABLES `ms_common_role` WRITE;
/*!40000 ALTER TABLE `ms_common_role` DISABLE KEYS */;
INSERT INTO `ms_common_role` VALUES (1,'网站管理员','1,2,8,9,10,11,3,12,4,13,5,14,15,16,6,17,18,19,7,20');
/*!40000 ALTER TABLE `ms_common_role` ENABLE KEYS */;
UNLOCK TABLES;

--
-- Table structure for table `ms_common_setting`
--

DROP TABLE IF EXISTS `ms_common_setting`;
/*!40101 SET @saved_cs_client     = @@character_set_client */;
/*!40101 SET character_set_client = utf8 */;
CREATE TABLE `ms_common_setting` (
  `item` varchar(30) NOT NULL DEFAULT '0',
  `item_name` varchar(30) DEFAULT NULL,
  `item_key` varchar(30) NOT NULL DEFAULT '',
  `item_value` varchar(250) NOT NULL DEFAULT '',
  `item_sort` int(2) DEFAULT '50',
  KEY `item` (`item`)
) ENGINE=InnoDB DEFAULT CHARSET=utf8 COMMENT='网站配置';
/*!40101 SET character_set_client = @saved_cs_client */;

--
-- Dumping data for table `ms_common_setting`
--

LOCK TABLES `ms_common_setting` WRITE;
/*!40000 ALTER TABLE `ms_common_setting` DISABLE KEYS */;
INSERT INTO `ms_common_setting` VALUES ('1','网站名称','sitename','通兑商城',1),('1','网站关键字','keywords','通兑商城',2),('1','网站简介','description','通兑商城',3),('1','热搜关键字','hotkey','短裤,打的裤,加绒打的裤,牛仔裤女,休闲裤女',4),('1','客服电话','telphone','4000733313',5),('1','客服qq','kefu_qq','1036718818',6),('1','客服旺旺','kefu_ww','1036718818',7),('1','商品编号前缀','goods_sn_prefix','MS_',50),('1','域名（不含http://）','domain','tongdui.hulianwangdai.com',50),('1','邮箱','mail','ewgw518@aliyun.com',50),('1','ICP备案编号','icp','吉ICP备15002520号-2',50),('1','网站版权','siteright','XXXX电子商务有限公司',50),('1','经营性网站备案编号','bln','吉B2-20150083',50),('1','自营店通用名称','zy_store_name','通兑自营',50),('1','地址','address','长春市朝阳区同志街15至8号卓越大厦13楼D室  ',50);
/*!40000 ALTER TABLE `ms_common_setting` ENABLE KEYS */;
UNLOCK TABLES;

--
-- Table structure for table `ms_common_slide`
--

DROP TABLE IF EXISTS `ms_common_slide`;
/*!40101 SET @saved_cs_client     = @@character_set_client */;
/*!40101 SET character_set_client = utf8 */;
CREATE TABLE `ms_common_slide` (
  `id` int(4) NOT NULL AUTO_INCREMENT,
  `save_name` varchar(100) DEFAULT NULL,
  `save_path` varchar(255) DEFAULT NULL,
  `url` varchar(100) DEFAULT NULL,
  `alt` varchar(100) DEFAULT NULL,
  `sort` int(4) DEFAULT NULL,
  `bg_color` char(7) DEFAULT NULL,
  `position` int(1) DEFAULT '1',
  `module` char(10) DEFAULT NULL,
  `enabled` int(1) DEFAULT '1',
  `goods_id` text,
  PRIMARY KEY (`id`)
) ENGINE=InnoDB AUTO_INCREMENT=10 DEFAULT CHARSET=utf8 COMMENT='全局幻灯表';
/*!40101 SET character_set_client = @saved_cs_client */;

--
-- Dumping data for table `ms_common_slide`
--

LOCK TABLES `ms_common_slide` WRITE;
/*!40000 ALTER TABLE `ms_common_slide` DISABLE KEYS */;
INSERT INTO `ms_common_slide` VALUES (1,'57722fa753bf3.jpg','Slide/','','',0,'#FF0000',1,'Mall',1,''),(3,'57722fb0ea23d.jpg','Slide/','','',0,'#038aff',0,'Mall',1,NULL),(4,'57721235668a0.jpg','Slide/','','',0,'#e9e9e9',1,'0',1,NULL),(5,'57722fbdcec55.jpg','Slide/','','',0,'#e9e9e9',1,'Mall',0,NULL),(6,'5808b4f4cbc78.jpg','Slide/','','',0,'',2,'Mall',1,NULL),(7,'5808b50054c80.jpg','Slide/','','',0,'',2,'Mall',1,NULL),(8,'5808b508aca73.jpg','Slide/','','',0,'',2,'Mall',1,'5'),(9,'5808b515ea7af.jpg','Slide/','','',0,'',2,'Mall',1,'1,2,3,4');
/*!40000 ALTER TABLE `ms_common_slide` ENABLE KEYS */;
UNLOCK TABLES;

--
-- Table structure for table `ms_common_tag`
--

DROP TABLE IF EXISTS `ms_common_tag`;
/*!40101 SET @saved_cs_client     = @@character_set_client */;
/*!40101 SET character_set_client = utf8 */;
CREATE TABLE `ms_common_tag` (
  `module` char(10) DEFAULT NULL,
  `tag_radio` text COMMENT '单选标签',
  `tag_checkbox` text COMMENT '复选标签'
) ENGINE=MyISAM DEFAULT CHARSET=utf8 COMMENT='商品标签';
/*!40101 SET character_set_client = @saved_cs_client */;

--
-- Dumping data for table `ms_common_tag`
--

LOCK TABLES `ms_common_tag` WRITE;
/*!40000 ALTER TABLE `ms_common_tag` DISABLE KEYS */;
INSERT INTO `ms_common_tag` VALUES ('System','合作商一星套餐A,合作商一星套餐B,合作商二星套餐A,合作商二星套餐B,合作商三星套餐A,合作商三星套餐B,合作商四星套餐A,合作商四星套餐B',NULL),('Mall','123123,3452342,234532','241234');
/*!40000 ALTER TABLE `ms_common_tag` ENABLE KEYS */;
UNLOCK TABLES;

--
-- Table structure for table `ms_common_upgrade`
--

DROP TABLE IF EXISTS `ms_common_upgrade`;
/*!40101 SET @saved_cs_client     = @@character_set_client */;
/*!40101 SET character_set_client = utf8 */;
CREATE TABLE `ms_common_upgrade` (
  `out_trade_no` char(20) NOT NULL COMMENT '流水号',
  `trade_fee` decimal(10,2) DEFAULT '0.00' COMMENT '第三方支付交易的金额',
  `trade_yjt` decimal(10,2) DEFAULT NULL COMMENT '使用一卷通的金额',
  `upgrade_info` text COMMENT '升级内容',
  `uid` int(11) DEFAULT NULL COMMENT '用户id',
  `trade_status` int(1) DEFAULT '0' COMMENT '支付状态 0 未支付 1：支付成功',
  PRIMARY KEY (`out_trade_no`)
) ENGINE=MyISAM DEFAULT CHARSET=utf8 COMMENT='会员升级订单';
/*!40101 SET character_set_client = @saved_cs_client */;

--
-- Dumping data for table `ms_common_upgrade`
--

LOCK TABLES `ms_common_upgrade` WRITE;
/*!40000 ALTER TABLE `ms_common_upgrade` DISABLE KEYS */;
/*!40000 ALTER TABLE `ms_common_upgrade` ENABLE KEYS */;
UNLOCK TABLES;

--
-- Table structure for table `ms_mall_brand`
--

DROP TABLE IF EXISTS `ms_mall_brand`;
/*!40101 SET @saved_cs_client     = @@character_set_client */;
/*!40101 SET character_set_client = utf8 */;
CREATE TABLE `ms_mall_brand` (
  `brand_id` int(10) NOT NULL AUTO_INCREMENT COMMENT '索引id',
  `brand_name` varchar(100) DEFAULT NULL COMMENT '品牌名称',
  `first_letter` char(1) NOT NULL COMMENT '品牌首字母',
  `brand_desc` text COMMENT '品牌介绍',
  `brand_logo` varchar(100) DEFAULT NULL COMMENT '图片',
  `brand_sort` tinyint(3) unsigned DEFAULT '0' COMMENT '排序',
  `brand_recommend` tinyint(1) DEFAULT '0' COMMENT '推荐，0为否，1为是，默认为0',
  `gc_id` int(10) unsigned DEFAULT '0' COMMENT '所属分类id',
  PRIMARY KEY (`brand_id`)
) ENGINE=InnoDB AUTO_INCREMENT=269 DEFAULT CHARSET=utf8 COMMENT='品牌表';
/*!40101 SET character_set_client = @saved_cs_client */;

--
-- Dumping data for table `ms_mall_brand`
--

LOCK TABLES `ms_mall_brand` WRITE;
/*!40000 ALTER TABLE `ms_mall_brand` DISABLE KEYS */;
INSERT INTO `ms_mall_brand` VALUES (1,'justyle','J','服饰鞋帽','04397468710494742_sm.jpg',0,0,1),(2,'享爱.','H','服饰鞋帽','04397468934349942_sm.jpg',0,0,1),(3,'派丽蒙','P','女装','04397469152627878_sm.jpg',0,0,4),(4,'康妮雅','K','女装','04397471448679692_sm.jpg',0,0,4),(5,'秀秀美','X','女装','04397471716977022_sm.jpg',0,0,4),(6,'阿迪达斯','A','服饰鞋帽','04397471910652190_sm.jpg',0,1,1),(7,'猫人','M','内衣','04397472152849925_sm.jpg',0,0,6),(8,'茵曼（INMAN）','Y','T恤','04397472336312422_sm.jpg',0,0,12),(9,'Hanes恒适','H','服饰鞋帽','04397472577467506_sm.jpg',0,0,1),(10,'缪诗','M','休闲鞋','04397472716852803_sm.jpg',0,0,74),(11,'真维斯','Z','服饰鞋帽','04397472838086984_sm.jpg',0,1,1),(12,'金利来','J','西服','04397473042647991_sm.jpg',0,0,47),(13,'其乐','Q','休闲鞋','04397473331842699_sm.jpg',0,1,109),(14,'Newbalance','N','功能鞋','04397473633585549_sm.jpg',0,1,112),(15,'百丽','B','女鞋','04398088925179484_sm.png',0,1,8),(16,'七匹狼','Q','服饰鞋帽','04398089136939537_sm.jpg',0,1,1),(17,'李宁','L','运动','04398089270610035_sm.jpg',0,0,7),(18,'佐丹奴','Z','服饰鞋帽','04398089412399747_sm.jpg',0,1,1),(19,'百思图','B','休闲鞋','04398089574801901_sm.jpg',0,0,93),(20,'斯波帝卡','S','男装','04398089726299223_sm.jpg',0,0,5),(21,'梦特娇','M','男装','04398089942879365_sm.jpg',0,1,5),(22,'宝姿','B','服饰鞋帽','04398090061006740_sm.jpg',0,1,1),(23,'爱帝','A','服饰鞋帽','04398090218578648_sm.jpg',0,0,1),(24,'她他/tata','T','高跟鞋','04398090459092275_sm.jpg',0,0,91),(25,'ELLE HOME','E','服饰鞋帽','04398090611386532_sm.jpg',0,1,1),(26,'esprit','E','女装','04398090828687339_sm.jpg',0,1,4),(27,'westside','W','服饰鞋帽','04398090975832253_sm.jpg',0,0,1),(28,'RDK','P','睡衣','04398091763582415_sm.jpg',0,0,62),(29,'皮尔卡丹','P','风衣','04398091877500105_sm.jpg',0,0,43),(30,'挪巍','N','服饰鞋帽','04398091973797599_sm.jpg',0,0,1),(31,'波斯顿','B','个护化妆','04398099293923325_sm.jpg',0,0,470),(32,'薇姿','W','个护化妆','04398099463167230_sm.jpg',0,0,470),(33,'相宜本草','X','个护化妆','04398099611242673_sm.jpg',0,1,470),(34,'Dior','D','个护化妆','04398099738566948_sm.jpg',0,1,470),(35,'苏菲','S','个护化妆','04398099870651075_sm.jpg',0,0,470),(36,'faceshop','F','个护化妆','04398100051941493_sm.jpg',0,0,470),(37,'芙丽芳丝','F','个护化妆','04398100178308363_sm.jpg',0,0,470),(38,'娇爽','J','个护化妆','04398100362129645_sm.jpg',0,0,470),(39,'卡尼尔','K','个护化妆','04398100483927289_sm.jpg',0,0,470),(40,'纪梵希','J','个护化妆','04398100614445814_sm.jpg',0,1,470),(41,'护舒宝','H','个护化妆','04398100738554064_sm.jpg',0,0,470),(42,'兰蔻','L','个护化妆','04398100899214207_sm.jpg',0,1,470),(43,'娇兰','J','个护化妆','04398101035858820_sm.jpg',0,1,470),(44,'高丝洁','G','个护化妆','04398101363358081_sm.jpg',0,0,470),(45,'妮维雅','N','个护化妆','04398101539246004_sm.jpg',0,1,470),(46,'高丝','G','个护化妆','04398101708424765_sm.jpg',0,0,470),(47,'狮王','S','个护化妆','04398101929845854_sm.jpg',0,0,470),(48,'雅顿','Y','个护化妆','04398102086535787_sm.jpg',0,1,470),(49,'M.A.C','M','个护化妆','04398102231196519_sm.jpg',0,0,470),(50,'李施德林','L','个护化妆','04398102411008632_sm.jpg',0,0,470),(51,'雅诗兰黛','Y','个护化妆','04398102581821577_sm.jpg',0,1,470),(52,'MISS FACE','M','个护化妆','04398102756025036_sm.jpg',0,0,470),(53,'佳洁士','J','个护化妆','04398102918746492_sm.jpg',0,0,470),(54,'资生堂','X','个护化妆','04398103163925153_sm.jpg',0,1,470),(55,'倩碧','Q','个护化妆','04398103335196758_sm.jpg',0,0,470),(56,'benefit','B','个护化妆','04398103525876196_sm.jpg',0,0,470),(57,'SISLEY','S','个护化妆','04398103731155516_sm.jpg',0,0,470),(58,'爱丽','A','个护化妆','04398103883736888_sm.jpg',0,0,470),(59,'BOBBI BROWN','B','个护化妆','04398104034802420_sm.jpg',0,0,470),(60,'SK-ll','S','个护化妆','04398104206717960_sm.jpg',0,1,470),(61,'施华洛世奇','S','珠宝手表','04398116735872287_sm.jpg',0,1,530),(62,'万宝龙','W','珠宝手表','04398116855649611_sm.jpg',0,0,530),(63,'CK','C','珠宝手表','04398116986166995_sm.jpg',0,1,530),(64,'Disney','D','珠宝手表','04398117134560677_sm.jpg',0,1,530),(65,'佐卡伊','Z','珠宝手表','04398117259027285_sm.jpg',0,0,530),(66,'ZIPPO','Z','','04398117390207814_sm.gif',0,0,0),(67,'梅花','M','珠宝手表','04398117504203345_sm.jpg',0,1,530),(68,'高仕','G','珠宝手表','04398117735732690_sm.jpg',0,0,530),(69,'宝玑','B','珠宝手表','04398117910949174_sm.jpg',0,0,530),(70,'一生一石','Y','珠宝手表','04398118118206423_sm.jpg',0,0,530),(71,'IDee','I','珠宝手表','04398118344918440_sm.jpg',0,0,530),(72,'elle','E','珠宝手表','04398118494505137_sm.jpg',0,0,530),(73,'卡西欧','K','珠宝手表','04398118617326698_sm.jpg',0,1,530),(74,'爱卡','A','珠宝手表','04398118792328978_sm.jpg',0,0,530),(75,'帝舵','D','珠宝手表','04398118894311290_sm.jpg',0,1,530),(76,'新秀','X','珠宝手表','04398119032319322_sm.jpg',0,0,530),(77,'九钻','J','珠宝手表','04398119151718735_sm.jpg',0,0,530),(78,'卡地亚','K','珠宝手表','04398119311706852_sm.jpg',0,0,530),(79,'蓝色多瑙河','L','珠宝手表','04398119501897486_sm.jpg',0,0,530),(80,'浪琴','L','珠宝手表','04398119677440904_sm.jpg',0,0,530),(81,'百利恒','B','珠宝手表','04398119859319840_sm.jpg',0,0,530),(82,'欧米茄','O','珠宝手表','04398119996858692_sm.jpg',0,1,530),(83,'tissot','T','珠宝手表','04398120151178815_sm.jpg',0,1,530),(84,'新光饰品','X','珠宝手表','04398120247306694_sm.jpg',0,0,530),(85,'英雄','Y','珠宝手表','04398120419590838_sm.jpg',0,0,530),(86,'瑞士军刀','R','珠宝手表','04398120584040229_sm.gif',0,0,530),(87,'斯沃琪','S','珠宝手表','04398121090096799_sm.jpg',0,1,530),(88,'阿玛尼','A','珠宝手表','04398121209932680_sm.jpg',0,1,530),(89,'亨得利','H','珠宝手表','04398125089603514_sm.jpg',0,0,530),(90,'lux-women','L','珠宝手表','04398125296052150_sm.jpg',0,0,530),(91,'ooh Dear','O','珠宝手表','04398125473712411_sm.jpg',0,0,530),(92,'acer','A','数码办公','04398155389308089_sm.jpg',0,0,256),(93,'清华同方','Q','数码办公','04398155613517981_sm.jpg',0,0,256),(94,'富士通','F','数码办公','04398155751072786_sm.jpg',0,0,256),(95,'微软','W','数码办公','04398155862912765_sm.jpg',0,0,256),(96,'得力','D','数码办公','04398156045665837_sm.jpg',0,0,256),(97,'DELL','D','数码办公','04398156232757027_sm.jpg',0,1,256),(98,'ThinkPad','T','数码办公','04398156358858442_sm.jpg',0,0,256),(99,'联想打印机','L','数码办公','04398156503421310_sm.jpg',0,0,256),(100,'金士顿','J','数码办公','04398156705753579_sm.jpg',0,1,256),(101,'TP-LINK','T','数码办公','04398156873572761_sm.jpg',0,1,256),(102,'华硕','H','数码办公','04398157012150899_sm.jpg',0,0,256),(103,'罗技','L','数码办公','04398157235673753_sm.jpg',0,1,256),(104,'D-Link','D','数码办公','04398157356404105_sm.jpg',0,0,256),(105,'雷蛇','L','数码办公','04398157472174891_sm.jpg',0,1,256),(106,'IT-CEO','I','数码办公','04398157595321784_sm.jpg',0,0,256),(107,'hyundri','H','数码办公','04398157712394024_sm.jpg',0,0,256),(108,'惠普','H','数码办公','04398157881561725_sm.jpg',0,0,256),(109,'迈乐','M','数码办公','04398158065769057_sm.jpg',0,0,256),(110,'爱普生','A','数码办公','04398158266047493_sm.jpg',0,1,256),(111,'三木','S','数码办公','04398158379932048_sm.jpg',0,0,256),(112,'忆捷','Y','数码办公','04398158508475720_sm.jpg',0,0,256),(113,'佰科','B','数码办公','04398158666713881_sm.jpg',0,0,256),(114,'飞利浦','F','数码办公','04398158808225051_sm.jpg',0,1,256),(115,'雷柏','L','数码办公','04398158987559915_sm.jpg',0,0,256),(116,'双飞燕','S','数码办公','04398159147857437_sm.jpg',0,0,256),(117,'网件','W','数码办公','04398159314915358_sm.jpg',0,0,256),(118,'山泽','S','数码办公','04398159479959395_sm.jpg',0,0,256),(119,'松下','S','数码办公','04398159595550035_sm.jpg',0,1,256),(120,'TPOS','T','数码办公','04398159795526441_sm.jpg',0,0,256),(121,'富勒','F','数码办公','04398159927301628_sm.jpg',0,0,256),(122,'北通','B','数码办公','04398160061664664_sm.jpg',0,0,256),(123,'romoss','R','数码办公','04398160187629402_sm.jpg',0,0,256),(124,'索爱','S','数码办公','04398160348310562_sm.gif',0,1,256),(125,'台电','T','数码办公','04398160575221477_sm.jpg',0,0,256),(126,'三星','S','数码办公','04398160720944823_sm.jpg',0,1,256),(127,'理光','L','数码办公','04398160857676307_sm.gif',0,0,256),(128,'飞毛腿','F','数码办公','04398161023292593_sm.jpg',0,0,256),(129,'阿尔卡特','A','数码办公','04398161143888870_sm.jpg',0,0,256),(130,'诺基亚','N','数码办公','04398161259006857_sm.gif',0,0,256),(131,'摩托罗拉','M','数码办公','04398161410885588_sm.gif',0,0,256),(132,'苹果','P','数码办公','04398168923750202_sm.png',0,1,256),(133,'HTC','H','数码办公','04398169850955399_sm.jpg',0,0,256),(134,'九阳','J','家用电器','04399844516657174_sm.jpg',0,0,308),(135,'索尼','S','家用电器','04399833099806870_sm.gif',0,0,308),(136,'格力','G','家用电器','04399833262328490_sm.jpg',0,0,308),(137,'夏普','H','家用电器','04399833425234004_sm.jpg',0,0,308),(138,'美的','M','家用电器','04399833601121412_sm.jpg',0,0,308),(139,'博朗','B','家用电器','04399833768343488_sm.gif',0,0,308),(140,'TCL','T','家用电器','04399833953558287_sm.jpg',0,0,308),(141,'欧姆龙','O','家用电器','04399834117653152_sm.gif',0,0,308),(142,'苏泊尔','S','家用电器','04399834427362760_sm.jpg',0,0,308),(143,'伊莱克斯','Y','家用电器','04399834676870929_sm.gif',0,0,308),(144,'艾力斯特','A','家用电器','04399835435836906_sm.jpg',0,0,308),(145,'西门子','X','家用电器','04399835594337307_sm.gif',0,0,308),(146,'三菱电机','S','家用电器','04399835807315767_sm.gif',0,0,308),(147,'奔腾','S','家用电器','04399836030618924_sm.jpg',0,0,308),(148,'三洋','S','家用电器','04399836185660687_sm.gif',0,0,308),(149,'大金','D','家用电器','04399836403301996_sm.jpg',0,0,308),(150,'三星电器','S','家用电器','04399836619819860_sm.jpg',0,0,308),(151,'海尔','H','家用电器','04399837024444210_sm.jpg',0,0,308),(152,'格兰仕','G','家用电器','04399837873721609_sm.jpg',0,0,308),(153,'海信','H','家用电器','04399838032416433_sm.jpg',0,0,308),(154,'博世','B','家用电器','04399838243363042_sm.jpg',0,0,308),(155,'老板','L','家用电器','04399838473427197_sm.jpg',0,0,308),(156,'奥克斯','A','家用电器','04399838633002147_sm.jpg',0,0,308),(157,'LG','L','家用电器','04399838782976323_sm.jpg',0,0,308),(158,'创维','C','家用电器','04399839110204841_sm.jpg',0,0,308),(159,'松下电器','S','家用电器','04399839604098052_sm.gif',0,0,308),(160,'中国联通','Z','虚拟充值','04399847297781057_sm.jpg',0,0,1037),(161,'中国电信','Z','虚拟充值','04399847472066981_sm.jpg',0,0,1037),(162,'中国移动','Z','虚拟充值','04399847612667714_sm.jpg',0,0,1037),(163,'一品玉','Y','食品饮料','04399854316938195_sm.jpg',0,0,593),(164,'金奥力','J','食品饮料','04399854503149255_sm.jpg',0,0,593),(165,'北大荒','B','食品饮料','04399854638913791_sm.jpg',0,0,593),(166,'健安喜','J','食品饮料','04399854806939714_sm.jpg',0,0,593),(167,'屯河','T','食品饮料','04399854945115195_sm.jpg',0,0,593),(168,'养生堂','Y','食品饮料','04399855140966866_sm.jpg',0,0,593),(169,'同庆和堂','T','食品饮料','04399855332734276_sm.jpg',0,0,593),(170,'黄飞红','H','食品饮料','04399855513686549_sm.jpg',0,0,593),(171,'乐力','L','食品饮料','04399855699218750_sm.jpg',0,0,593),(172,'汤臣倍健','T','食品饮料','04399855941379731_sm.jpg',0,0,593),(173,'康比特','K','食品饮料','04399856135110739_sm.jpg',0,0,593),(174,'喜瑞','X','食品饮料','04399856323294870_sm.jpg',0,0,593),(175,'同仁堂','T','食品饮料','04399856454919811_sm.jpg',0,0,593),(176,'白兰氏','B','食品饮料','04399856638765013_sm.jpg',0,0,593),(177,'Lumi','L','食品饮料','04399856804968818_sm.jpg',0,0,593),(178,'新西兰十一坊','X','食品饮料','04399856948519746_sm.jpg',0,0,593),(179,'自然之宝','Z','食品饮料','04399857092677752_sm.jpg',0,0,593),(180,'善存','S','食品饮料','04399857246559825_sm.jpg',0,0,593),(181,'长城葡萄酒','C','食品饮料','04399857399887704_sm.jpg',0,0,593),(182,'凯镛','K','食品饮料','04399857579422195_sm.jpg',0,0,593),(183,'惠氏','H','母婴用品','04399878077210018_sm.jpg',0,0,959),(184,'lala布书','L','母婴用品','04399878481448839_sm.jpg',0,0,959),(185,'美赞臣','M','母婴用品','04399878617014779_sm.jpg',0,0,959),(186,'好奇','H','母婴用品','04399878791943342_sm.jpg',0,0,959),(187,'多美','D','母婴用品','04399878980307860_sm.jpg',0,0,959),(188,'嘉宝','J','母婴用品','04399879383821119_sm.jpg',0,0,959),(189,'孩之宝','H','母婴用品','04399879573077116_sm.jpg',0,0,959),(190,'嗳呵','A','母婴用品','04399879712252398_sm.jpg',0,0,959),(191,'美斯特伦','M','母婴用品','04399879861821747_sm.jpg',0,0,959),(192,'乐高','L','母婴用品','04399880083330972_sm.jpg',0,0,959),(193,'芭比','B','母婴用品','04399880244694286_sm.jpg',0,0,959),(194,'NUK','N','母婴用品','04399880420786755_sm.jpg',0,0,959),(195,'魔法玉米','M','母婴用品','04399880604749242_sm.jpg',0,0,959),(196,'宝贝第一','B','母婴用品','04399880757446523_sm.jpg',0,0,959),(197,'强生','Q','母婴用品','04399880892528550_sm.jpg',0,0,959),(198,'澳优','A','母婴用品','04399881087936122_sm.jpg',0,0,959),(199,'木马智慧','M','母婴用品','04399881246572965_sm.jpg',0,0,959),(200,'百立乐','B','母婴用品','04399881709264364_sm.jpg',0,0,959),(201,'雀巢','Q','母婴用品','04399881950170970_sm.jpg',0,0,959),(202,'帮宝适','B','母婴用品','04399882134949479_sm.jpg',0,0,959),(203,'万代','W','母婴用品','04399882291234767_sm.jpg',0,0,959),(204,'亲贝','Q','母婴用品','04399882442124015_sm.jpg',0,0,959),(205,'十月天使','S','母婴用品','04399882581513663_sm.jpg',0,0,959),(206,'多美滋','D','母婴用品','04399882826616164_sm.jpg',0,0,959),(207,'星辉','X','母婴用品','04399882966084988_sm.jpg',0,0,959),(208,'布朗博士','B','母婴用品','04399883157641690_sm.jpg',0,0,959),(209,'新安怡','X','母婴用品','04399883297614786_sm.jpg',0,0,959),(210,'费雪','F','母婴用品','04399883534332035_sm.jpg',0,0,959),(211,'Hipp','H','母婴用品','04399883690219411_sm.jpg',0,0,959),(212,'新大王','X','母婴用品','04399883855598553_sm.jpg',0,0,959),(213,'雅培','Y','母婴用品','04399884035362889_sm.jpg',0,0,959),(214,'亨氏','H','母婴用品','04399884182772511_sm.jpg',0,0,959),(215,'十月妈咪','S','母婴用品','04399884360526483_sm.jpg',0,0,959),(216,'好孩子','H','母婴用品','04399884512865285_sm.jpg',0,0,959),(217,'婴姿坊','Y','母婴用品','04399884644632532_sm.jpg',0,0,959),(218,'妈咪宝贝','M','母婴用品','04399884799920935_sm.jpg',0,0,959),(219,'直觉','Z','运动健康','04399889262024650_sm.jpg',0,0,662),(220,'世达球','S','运动健康','04399889410183423_sm.jpg',0,0,662),(221,'悠度','Y','运动健康','04399889744222357_sm.jpg',0,0,662),(222,'威尔胜','W','运动健康','04399889941968796_sm.jpg',0,0,662),(223,'远洋瑜伽','Y','运动健康','04399890266352034_sm.jpg',0,0,662),(224,'信乐','X','运动健康','04399890429362085_sm.jpg',0,0,662),(225,'诺可文','N','运动健康','04399890643925803_sm.jpg',0,0,662),(226,'艾威','A','运动健康','04399890796771131_sm.jpg',0,0,662),(227,'LELO','L','运动健康','04399890952734102_sm.jpg',0,0,662),(228,'乔山','Q','运动健康','04399891122713199_sm.jpg',0,0,662),(229,'皮克朋','P','运动健康','04399891285897466_sm.jpg',0,0,662),(230,'捷安特','J','运动健康','04399891438458842_sm.jpg',0,0,662),(231,'开普特','K','运动健康','04399891598799644_sm.jpg',0,0,662),(232,'火枫','H','运动健康','04399891771381530_sm.jpg',0,0,662),(233,'INDEED','I','运动健康','04399891911058029_sm.jpg',0,0,662),(234,'欧亚马','O','运动健康','04399892067310657_sm.jpg',0,0,662),(235,'李斯特','L','运动健康','04399892199751417_sm.jpg',0,0,662),(236,'乐美福','L','运动健康','04399892359082323_sm.jpg',0,0,662),(237,'以比赞','Y','运动健康','04399892526357198_sm.jpg',0,0,662),(238,'皮尔瑜伽','P','运动健康','04399893307910546_sm.jpg',0,0,662),(239,'以诗萜','Y','运动健康','04399893452531024_sm.jpg',0,0,662),(240,'斯伯丁','S','运动健康','04399893596931049_sm.jpg',0,0,662),(241,'玛克','M','','04399902137097199_sm.jpg',0,0,0),(242,'美好家','M','','04399902244747580_sm.jpg',0,0,0),(243,'溢彩年华','Y','','04399902391635130_sm.jpg',0,0,0),(244,'欧司朗','O','','04399902537418591_sm.jpg',0,0,0),(245,'世家洁具','S','','04399902668760247_sm.jpg',0,0,0),(246,'天堂伞','T','','04399902780394855_sm.jpg',0,0,0),(247,'慧乐家','H','','04399902896835151_sm.jpg',0,0,0),(248,'希格','X','','04399903024936544_sm.jpg',0,0,0),(249,'生活诚品','S','','04399903153847612_sm.jpg',0,0,0),(250,'爱仕达','A','','04399903259361371_sm.jpg',0,0,0),(251,'罗莱','L','','04399903404912119_sm.jpg',0,0,0),(252,'索客','S','','04399903541756673_sm.jpg',0,0,0),(253,'好事达','H','','04399903715622158_sm.jpg',0,0,0),(254,'安睡宝','A','','04399903832203331_sm.jpg',0,0,0),(255,'博洋家纺','B','','04399903956723469_sm.jpg',0,0,0),(257,'富安娜','F','','04399904168163421_sm.jpg',0,0,0),(258,'三光云彩','S','','04399904279499345_sm.jpg',0,0,0),(259,'乔曼帝','Q','','04399904423386126_sm.jpg',0,0,0),(260,'乐扣乐扣','L','','04399904614221217_sm.jpg',0,0,0),(261,'奥唯嘉（Ovega）','A','文胸','04431812331259168_sm.jpg',0,0,58),(262,'曼妮芬（ManniForm）','M','内衣','04431810033957836_sm.jpg',0,0,6),(263,'婷美（TINGMEI）','T','内衣','04431809546541815_sm.png',0,0,6),(264,'古今','G','内衣','04431807497959652_sm.jpg',0,0,6),(265,'金史密斯（KINGSMITH）','J','健身器械','04420592440315393_small.gif',0,1,691),(266,'周大福','Z','纯金K金饰品','04420650490304114_sm.jpg',0,0,0),(267,'周生生','Z','纯金K金饰品','04420650201635924_sm.jpg',0,0,532),(268,'BH (必艾奇)','B','运动器械','04420633630909218_small.jpg',0,1,665);
/*!40000 ALTER TABLE `ms_mall_brand` ENABLE KEYS */;
UNLOCK TABLES;

--
-- Table structure for table `ms_mall_brand_apply`
--

DROP TABLE IF EXISTS `ms_mall_brand_apply`;
/*!40101 SET @saved_cs_client     = @@character_set_client */;
/*!40101 SET character_set_client = utf8 */;
CREATE TABLE `ms_mall_brand_apply` (
  `brand_id` smallint(4) unsigned NOT NULL AUTO_INCREMENT,
  `brand_name` varchar(60) NOT NULL DEFAULT '',
  `brand_logo` varchar(80) NOT NULL DEFAULT '',
  `brand_desc` text NOT NULL,
  `gc_id` int(4) DEFAULT NULL COMMENT '类型ID',
  `first_letter` char(1) DEFAULT NULL COMMENT '首字母',
  `store_id` int(10) DEFAULT '0' COMMENT '店铺id',
  `status` smallint(1) DEFAULT '0' COMMENT '0 审核中 1 审核通过 2 审核驳回',
  PRIMARY KEY (`brand_id`),
  UNIQUE KEY `brand_name` (`brand_name`)
) ENGINE=MyISAM AUTO_INCREMENT=17 DEFAULT CHARSET=utf8 COMMENT='品牌申请';
/*!40101 SET character_set_client = @saved_cs_client */;

--
-- Dumping data for table `ms_mall_brand_apply`
--

LOCK TABLES `ms_mall_brand_apply` WRITE;
/*!40000 ALTER TABLE `ms_mall_brand_apply` DISABLE KEYS */;
INSERT INTO `ms_mall_brand_apply` VALUES (1,'马克华菲','','',1,NULL,0,0),(2,'猫人','568e4c0648716.jpg','',1,NULL,0,0),(3,'骆驼','568e4c16ad628.jpg','',1,NULL,0,0),(4,'特步','568e4c26dc5d0.jpg','',1,NULL,0,0),(5,'安踏','5698b169dfd57.jpg','',1,NULL,0,0),(6,'红豆','5698b56a1b714.jpg','',1,NULL,0,0),(7,'恒源祥','568e4c5b286ab.jpg','',1,NULL,0,0),(8,'品胜','568e4fa7a6a4a.jpg','',1,NULL,0,0),(9,'Lilbetter','568e4ca3345c3.jpg','',1,NULL,0,0),(10,'中国联通','5698903dea5bf.jpg','',2,NULL,0,0),(11,'中国电信','569890607eee7.jpg','',2,NULL,0,0),(12,'中国移动','5698907324209.jpg','',2,NULL,0,0),(13,'惠氏','5698916d2200c.jpg','',3,NULL,0,0),(14,'lala布书','5698918eabec3.jpg','',3,NULL,0,0),(15,'karcher凯驰','569892781cf12.jpg','',5,NULL,0,0);
/*!40000 ALTER TABLE `ms_mall_brand_apply` ENABLE KEYS */;
UNLOCK TABLES;

--
-- Table structure for table `ms_mall_cart`
--

DROP TABLE IF EXISTS `ms_mall_cart`;
/*!40101 SET @saved_cs_client     = @@character_set_client */;
/*!40101 SET character_set_client = utf8 */;
CREATE TABLE `ms_mall_cart` (
  `cart_id` char(14) COLLATE utf8_unicode_ci NOT NULL,
  `uid` int(11) DEFAULT '0',
  `session_id` varchar(50) COLLATE utf8_unicode_ci DEFAULT '',
  `goods_id` int(4) DEFAULT NULL COMMENT '产品id',
  `goods_name` varchar(200) COLLATE utf8_unicode_ci DEFAULT NULL COMMENT '产品名称',
  `prosum` int(8) DEFAULT '0' COMMENT '产品数量',
  `atv_id_str` varchar(100) COLLATE utf8_unicode_ci DEFAULT NULL,
  `spec_id` int(10) DEFAULT NULL COMMENT '规格id',
  `price` decimal(10,2) DEFAULT NULL COMMENT '成交价',
  `market_price` decimal(10,2) DEFAULT NULL COMMENT '市场价',
  `cost_price` decimal(10,2) DEFAULT '0.00' COMMENT '供货价',
  `gift` int(1) DEFAULT '0' COMMENT '是否是赠品',
  `store_id` int(11) DEFAULT NULL COMMENT '店铺ID',
  `goods_img` varchar(100) COLLATE utf8_unicode_ci DEFAULT NULL COMMENT '产品图片',
  `consumption_type` tinyint(1) DEFAULT '1',
  PRIMARY KEY (`cart_id`)
) ENGINE=InnoDB DEFAULT CHARSET=utf8 COLLATE=utf8_unicode_ci COMMENT='购物车';
/*!40101 SET character_set_client = @saved_cs_client */;

--
-- Dumping data for table `ms_mall_cart`
--

LOCK TABLES `ms_mall_cart` WRITE;
/*!40000 ALTER TABLE `ms_mall_cart` DISABLE KEYS */;
INSERT INTO `ms_mall_cart` VALUES ('14761885890000',6,'',1,'Hersheson赫嫀2016印花复古大码女装棉麻T恤+中裙连衣裙两件套连衣裙H5011(花衣白裙 XL码)',1,NULL,0,1576.00,0.00,0.00,0,2,'Mall/Seller/2/Goods/Thumb/s_215465773629e13c5a.jpg',1),('14761886100000',2,'',37,'释宝儿蕾丝拼接印花雪纺连衣裙(XL)',2,NULL,0,130.00,0.00,0.00,0,2,'Mall/Seller/2/Goods/Thumb/s_303325773634a043ea.jpg',1),('14764151630000',2,'',43,'莉菲姿 2015款女装裙子复古印花长袖中腰圆领修身连衣裙(白色 M)',1,NULL,0,137.00,0.00,0.00,0,2,'Mall/Seller/2/Goods/Thumb/s_11715773636294780.jpg',1),('14766287640000',7,'',37,'释宝儿蕾丝拼接印花雪纺连衣裙(XL)',1,NULL,0,130.00,0.00,0.00,0,2,'Mall/Seller/2/Goods/Thumb/s_303325773634a043ea.jpg',1),('14766287910000',7,'',43,'莉菲姿 2015款女装裙子复古印花长袖中腰圆领修身连衣裙(白色 M)',1,NULL,0,137.00,0.00,0.00,0,2,'Mall/Seller/2/Goods/Thumb/s_11715773636294780.jpg',1),('14766287970000',7,'',44,'欣漾风尚连衣裙雪纺(套装 女 春夏时尚春装2016 春 女装)(黑色 M)',2,NULL,0,201.00,0.00,0.00,0,2,'Mall/Seller/2/Goods/Thumb/s_29640577363651b36b.jpg',1),('14766288320000',7,'',39,'2016夏装新款韩版女装大码中长款夏季印花棉麻裙短袖雪纺连衣裙子JHC1220(米底黄花 M)',1,NULL,0,400.00,0.00,0.00,0,2,'Mall/Seller/2/Goods/Thumb/s_13105577363555cade.jpg',1),('14766288390000',7,'',35,'莉菲姿 2015春装新品韩版女装优雅格子连衣裙背心裙(红色 S)',1,NULL,0,690.00,0.00,0.00,0,2,'Mall/Seller/2/Goods/Thumb/s_2243657736334b432f.jpg',1),('14771018970000',41,'',43,'莉菲姿 2015款女装裙子复古印花长袖中腰圆领修身连衣裙(白色 M)',1,NULL,0,137.00,0.00,0.00,0,2,'Mall/Seller/2/Goods/Thumb/s_11715773636294780.jpg',1),('14771428410000',44,'',32,'莉菲姿 2015新款韩版女装淑女修身显瘦大码女装长袖连衣裙女(黑色 XL)',1,NULL,0,938.00,0.00,0.00,0,2,'Mall/Seller/2/Goods/Thumb/s_213025773632d479cb.jpg',1),('14772054640000',48,'',62,'123测试',7,NULL,0,123.00,120.00,0.00,0,6,'Mall/Seller/6/Goods/Thumb/s_580b00fc6320d.jpg',1),('14772058260000',40,'',62,'123测试',1,NULL,0,123.00,120.00,0.00,0,6,'Mall/Seller/6/Goods/Thumb/s_580b00fc6320d.jpg',1),('14772780910000',49,'',62,'123测试',1,NULL,0,1.00,1.00,0.00,0,6,'Mall/Seller/6/Goods/Thumb/s_580b00fc6320d.jpg',1),('14773028720000',7,'',62,'123测试',1,NULL,0,1.00,1.00,0.00,0,6,'Mall/Seller/6/Goods/Thumb/s_580b00fc6320d.jpg',1),('14777358990000',43,'',64,'123',1,NULL,0,1.00,123.00,12.00,0,4,'Mall/Seller/4/Goods/Thumb/s_5811f1ca5de87.png',1),('14777450520000',92,'',64,'123',1,NULL,0,1.00,123.00,12.00,0,4,'Mall/Seller/4/Goods/Thumb/s_5811f1ca5de87.png',1),('14778149660000',86,'',68,'1111111111111111',1,NULL,0,0.00,0.00,0.00,0,2,'Mall/Seller/2/Goods/Thumb/s_5814913fbc9d0.jpg',1),('14779945380000',125,'',41,'莉菲姿 韩版女装长袖名媛气质淑打底蓝色毛呢连衣裙(藏蓝色 S)',1,NULL,0,745.00,0.00,0.00,0,2,'Mall/Seller/2/Goods/Thumb/s_175005773635c85798.jpg',3),('14780494090000',93,'',37,'释宝儿蕾丝拼接印花雪纺连衣裙(XL)',1,NULL,0,130.00,0.00,0.00,0,2,'Mall/Seller/2/Goods/Thumb/s_303325773634a043ea.jpg',3),('14780505480000',93,'',5,'OopsCiah 春夏女装蕾丝背带裙三件套 90613(白色 M)',3,NULL,0,628.00,0.00,0.00,0,2,'Mall/Seller/2/Goods/Thumb/s_12345577362c6626f3.jpg',1),('14780508200000',93,'',25,'蒙格勒2015夏装新款女装圆领露肩性感包臀连衣裙 韩版A字打底短裙(黑色 均码)',1,NULL,0,1922.00,0.00,0.00,0,2,'Mall/Seller/2/Goods/Thumb/s_28698577363165a429.jpg',1),('14780702730000',7,'',20,'心鸟本色 中长款连衣裙2016夏季新款女装韩版时尚两件套修身上衣雪纺阔腿裤5108(枣红 XL)',1,NULL,0,1591.00,0.00,0.00,0,2,'Mall/Seller/2/Goods/Thumb/s_16353577362f774e8a.jpg',1),('14782305010000',93,'',60,'合作商四星套餐B',8,NULL,0,1.00,0.00,0.00,0,1,'Mall/Seller/1/Goods/Thumb/s_57dfd33d4772e.jpg',1),('14782316320000',93,'',75,'测试111',2,NULL,0,1.00,12345.00,123.00,0,8,'Mall/Seller/8/Goods/Thumb/s_5816c9e6a7278.jpg',3),('14782487360000',92,'',43,'莉菲姿 2015款女装裙子复古印花长袖中腰圆领修身连衣裙(白色 M)',1,NULL,0,137.00,0.00,0.00,0,2,'Mall/Seller/2/Goods/Thumb/s_11715773636294780.jpg',2),('14782490190000',92,'',37,'释宝儿蕾丝拼接印花雪纺连衣裙(XL)',1,NULL,0,130.00,0.00,0.00,0,2,'Mall/Seller/2/Goods/Thumb/s_303325773634a043ea.jpg',3),('14783342150000',88,'',43,'莉菲姿 2015款女装裙子复古印花长袖中腰圆领修身连衣裙(白色 M)',1,NULL,0,137.00,0.00,0.00,0,2,'Mall/Seller/2/Goods/Thumb/s_11715773636294780.jpg',2),('14783342450000',88,'',41,'莉菲姿 韩版女装长袖名媛气质淑打底蓝色毛呢连衣裙(藏蓝色 S)',1,NULL,0,745.00,0.00,0.00,0,2,'Mall/Seller/2/Goods/Thumb/s_175005773635c85798.jpg',3),('14784151160000',127,'',37,'释宝儿蕾丝拼接印花雪纺连衣裙(XL)',2,NULL,0,130.00,0.00,0.00,0,2,'Mall/Seller/2/Goods/Thumb/s_303325773634a043ea.jpg',3),('14784151300000',127,'',44,'欣漾风尚连衣裙雪纺(套装 女 春夏时尚春装2016 春 女装)(黑色 M)',2,NULL,0,201.00,0.00,0.00,0,2,'Mall/Seller/2/Goods/Thumb/s_29640577363651b36b.jpg',3);
/*!40000 ALTER TABLE `ms_mall_cart` ENABLE KEYS */;
UNLOCK TABLES;

--
-- Table structure for table `ms_mall_collect_goods`
--

DROP TABLE IF EXISTS `ms_mall_collect_goods`;
/*!40101 SET @saved_cs_client     = @@character_set_client */;
/*!40101 SET character_set_client = utf8 */;
CREATE TABLE `ms_mall_collect_goods` (
  `id` int(10) NOT NULL AUTO_INCREMENT,
  `uid` int(10) DEFAULT NULL COMMENT '会员id',
  `goods_id` int(10) DEFAULT NULL COMMENT '产品id',
  PRIMARY KEY (`id`)
) ENGINE=InnoDB AUTO_INCREMENT=41 DEFAULT CHARSET=utf8 COMMENT='产品关注表';
/*!40101 SET character_set_client = @saved_cs_client */;

--
-- Dumping data for table `ms_mall_collect_goods`
--

LOCK TABLES `ms_mall_collect_goods` WRITE;
/*!40000 ALTER TABLE `ms_mall_collect_goods` DISABLE KEYS */;
INSERT INTO `ms_mall_collect_goods` VALUES (1,2,1),(16,2,37),(19,2,2),(21,44,44),(22,44,48),(34,44,43),(35,125,43),(36,92,37),(37,92,43),(38,88,75),(40,88,43);
/*!40000 ALTER TABLE `ms_mall_collect_goods` ENABLE KEYS */;
UNLOCK TABLES;

--
-- Table structure for table `ms_mall_collect_store`
--

DROP TABLE IF EXISTS `ms_mall_collect_store`;
/*!40101 SET @saved_cs_client     = @@character_set_client */;
/*!40101 SET character_set_client = utf8 */;
CREATE TABLE `ms_mall_collect_store` (
  `id` int(10) NOT NULL AUTO_INCREMENT,
  `uid` int(10) DEFAULT NULL COMMENT '会员id',
  `store_id` int(10) DEFAULT NULL COMMENT '店铺id',
  PRIMARY KEY (`id`)
) ENGINE=InnoDB AUTO_INCREMENT=73 DEFAULT CHARSET=utf8 COMMENT='店铺关注表';
/*!40101 SET character_set_client = @saved_cs_client */;

--
-- Dumping data for table `ms_mall_collect_store`
--

LOCK TABLES `ms_mall_collect_store` WRITE;
/*!40000 ALTER TABLE `ms_mall_collect_store` DISABLE KEYS */;
INSERT INTO `ms_mall_collect_store` VALUES (1,2,1),(2,136,2),(3,139,10),(4,139,9),(5,139,8),(6,139,1),(9,147,0),(12,148,1),(14,147,1),(28,139,0),(30,NULL,NULL),(31,NULL,NULL),(32,NULL,NULL),(33,NULL,NULL),(34,176,1),(35,176,28),(36,176,27),(37,176,26),(38,176,25),(39,176,24),(40,176,23),(41,176,22),(42,176,21),(49,162,25),(50,NULL,NULL),(64,6,2),(66,40,6),(68,86,2),(69,125,2),(70,92,2),(71,88,9),(72,88,2);
/*!40000 ALTER TABLE `ms_mall_collect_store` ENABLE KEYS */;
UNLOCK TABLES;

--
-- Table structure for table `ms_mall_evaluate_goods`
--

DROP TABLE IF EXISTS `ms_mall_evaluate_goods`;
/*!40101 SET @saved_cs_client     = @@character_set_client */;
/*!40101 SET character_set_client = utf8 */;
CREATE TABLE `ms_mall_evaluate_goods` (
  `gid` int(11) NOT NULL AUTO_INCREMENT COMMENT '评价ID',
  `order_sn` char(14) NOT NULL COMMENT '订单表自增ID',
  `goods_id` int(11) NOT NULL COMMENT '订单商品表编号',
  `score` tinyint(1) NOT NULL COMMENT '1-5分',
  `content` varchar(255) DEFAULT NULL COMMENT '信誉评价内容',
  `anonymous` tinyint(1) NOT NULL DEFAULT '0' COMMENT '0表示不是 1表示是匿名评价',
  `add_time` int(11) NOT NULL COMMENT '评价时间',
  `store_id` int(11) NOT NULL COMMENT '店铺编号',
  `uid` int(11) NOT NULL COMMENT '评价人编号',
  `username` varchar(100) NOT NULL COMMENT '评价人名称',
  `is_add` tinyint(1) DEFAULT '0' COMMENT '是否是是追评',
  `status` tinyint(1) NOT NULL DEFAULT '0' COMMENT '评价信息的状态 0为正常 1为禁止显示',
  `remark` varchar(255) DEFAULT NULL COMMENT '管理员对评价的处理备注',
  `explain` varchar(255) DEFAULT NULL COMMENT '解释内容',
  `image` text COMMENT '晒单图片',
  PRIMARY KEY (`gid`)
) ENGINE=InnoDB AUTO_INCREMENT=131 DEFAULT CHARSET=utf8 COMMENT='信誉评价表';
/*!40101 SET character_set_client = @saved_cs_client */;

--
-- Dumping data for table `ms_mall_evaluate_goods`
--

LOCK TABLES `ms_mall_evaluate_goods` WRITE;
/*!40000 ALTER TABLE `ms_mall_evaluate_goods` DISABLE KEYS */;
INSERT INTO `ms_mall_evaluate_goods` VALUES (50,'73',35,5,'',0,1455691181,1,101,'张三',0,0,NULL,NULL,NULL),(51,'73',36,5,'',0,1455691181,1,101,'张三',0,0,NULL,NULL,NULL),(52,'73',35,4,'',0,1455691302,1,101,'张三',0,0,NULL,NULL,NULL),(53,'73',36,4,'',0,1455691302,1,101,'张三',0,0,NULL,NULL,NULL),(54,'73',35,5,'',0,1455691415,1,101,'张三',0,0,NULL,NULL,NULL),(55,'73',36,5,'',0,1455691415,1,101,'张三',0,0,NULL,NULL,NULL),(56,'73',35,5,'',0,1455691732,1,101,'张三',0,0,NULL,NULL,NULL),(57,'73',36,5,'',0,1455691732,1,101,'张三',0,0,NULL,NULL,NULL),(58,'73',35,4,'',0,1455691758,1,101,'张三',0,0,NULL,NULL,NULL),(59,'73',36,4,'',0,1455691758,1,101,'张三',0,0,NULL,NULL,NULL),(60,'73',35,5,'',0,1455691852,1,101,'张三',0,0,NULL,NULL,NULL),(61,'73',36,5,'',0,1455691852,1,101,'张三',0,0,NULL,NULL,NULL),(62,'73',35,4,'',0,1455691965,1,101,'张三',0,0,NULL,NULL,NULL),(63,'73',36,5,'',0,1455691965,1,101,'张三',0,0,NULL,NULL,NULL),(64,'73',35,3,'',0,1455692087,1,101,'张三',0,0,NULL,NULL,NULL),(65,'73',36,4,'',0,1455692087,1,101,'张三',0,0,NULL,NULL,NULL),(66,'73',35,3,'',0,1455692158,1,101,'张三',0,0,NULL,NULL,NULL),(67,'73',36,4,'',0,1455692158,1,101,'张三',0,0,NULL,NULL,NULL),(68,'73',35,3,'',0,1455692190,1,101,'张三',0,0,NULL,NULL,NULL),(69,'73',36,4,'',0,1455692191,1,101,'张三',0,0,NULL,NULL,NULL),(70,'125',10,0,'',0,1455858211,0,107,'xuej',0,0,NULL,NULL,NULL),(71,'125',1,0,'',0,1455858211,0,107,'xuej',0,0,NULL,NULL,NULL),(72,'125',10,0,'Fsd',0,1455858259,0,107,'xuej',0,0,NULL,NULL,NULL),(73,'125',1,0,'Fds',0,1455858259,0,107,'xuej',0,0,NULL,NULL,NULL),(74,'125',10,4,'Fsd',0,1455858269,0,107,'xuej',0,0,NULL,NULL,NULL),(75,'125',1,3,'Fds',0,1455858269,0,107,'xuej',0,0,NULL,NULL,NULL),(76,'125',10,0,'',0,1455858499,0,107,'xuej',0,0,NULL,NULL,NULL),(77,'125',1,0,'',0,1455858499,0,107,'xuej',0,0,NULL,NULL,NULL),(78,'125',10,3,'Fsdfsd',0,1455858539,0,107,'xuej',0,0,NULL,NULL,NULL),(79,'125',1,2,'Fdsfsdfsdfsdfsdfsfssfsd',0,1455858539,0,107,'xuej',0,0,NULL,NULL,NULL),(80,'125',10,0,'',0,1455858683,0,107,'xuej',0,0,NULL,NULL,NULL),(81,'125',1,0,'',0,1455858683,0,107,'xuej',0,0,NULL,NULL,NULL),(82,'125',10,0,'',0,1455858685,0,107,'xuej',0,0,NULL,NULL,NULL),(83,'125',1,0,'',0,1455858685,0,107,'xuej',0,0,NULL,NULL,NULL),(84,'125',10,0,'',0,1455858687,0,107,'xuej',0,0,NULL,NULL,NULL),(85,'125',1,0,'',0,1455858687,0,107,'xuej',0,0,NULL,NULL,NULL),(86,'125',10,0,'',0,1455858833,0,107,'xuej',0,0,NULL,NULL,NULL),(87,'125',1,0,'',0,1455858833,0,107,'xuej',0,0,NULL,NULL,NULL),(88,'125',10,0,'',0,1455858842,0,107,'xuej',0,0,NULL,NULL,NULL),(89,'125',1,0,'',0,1455858842,0,107,'xuej',0,0,NULL,NULL,NULL),(90,'125',10,0,'',0,1455861010,0,107,'xuej',0,0,NULL,NULL,NULL),(91,'125',1,0,'',0,1455861010,0,107,'xuej',0,0,NULL,NULL,NULL),(92,'125',10,0,'',0,1455861012,0,107,'xuej',0,0,NULL,NULL,NULL),(93,'125',1,0,'',0,1455861012,0,107,'xuej',0,0,NULL,NULL,NULL),(94,'35',10,5,'Hhhh',0,1457243207,0,147,'lv123',0,0,NULL,NULL,NULL),(95,'35',10,5,'Hhhh',0,1457243208,0,147,'lv123',0,0,NULL,NULL,NULL),(96,'35',10,5,'Hhhh',0,1457243209,0,147,'lv123',0,0,NULL,NULL,NULL),(97,'35',10,5,'Hhhh',0,1457243211,0,147,'lv123',0,0,NULL,NULL,NULL),(98,'32',39,0,'',0,1457243227,1,147,'lv123',0,0,NULL,NULL,NULL),(99,'33',10,0,'',0,1457243232,0,147,'lv123',0,0,NULL,NULL,NULL),(100,'32',39,0,'',0,1457243237,1,147,'lv123',0,0,NULL,NULL,NULL),(101,'32',39,3,'Das',1,1457243249,1,147,'lv123',0,0,NULL,NULL,NULL),(102,'108',40,3,'',0,1463362417,25,94,'hellobin1',0,0,NULL,NULL,NULL),(103,'4',8,3,'',0,1467558954,0,162,'18612203709',0,0,NULL,NULL,NULL),(104,'137',10,5,'212',1,1468291421,0,176,'18306431704',0,0,NULL,NULL,NULL),(105,'137',4,5,'2122',1,1468291421,0,176,'18306431704',0,0,NULL,NULL,NULL),(106,'137',10,5,'1333',1,1468291438,0,176,'18306431704',0,0,NULL,NULL,NULL),(107,'137',4,5,'3343',1,1468291438,0,176,'18306431704',0,0,NULL,NULL,NULL),(108,'137',10,5,'1333',1,1468291522,0,176,'18306431704',0,0,NULL,NULL,NULL),(109,'137',4,5,'3343',1,1468291522,0,176,'18306431704',0,0,NULL,NULL,NULL),(110,'17',4,5,'eqweqeq',1,1468291612,0,176,'18306431704',0,0,NULL,NULL,NULL),(111,'137',10,5,'33232',1,1468292723,0,176,'18306431704',0,0,NULL,NULL,NULL),(112,'137',4,5,'313213',1,1468292723,0,176,'18306431704',0,0,NULL,NULL,NULL),(113,'17',4,5,'4354545',1,1468292786,0,176,'18306431704',0,0,NULL,NULL,NULL),(114,'137',10,5,'٩(๑^o^๑)۶',1,1470276832,0,176,'18306431704',0,0,NULL,NULL,NULL),(115,'137',4,5,'啊',1,1470276832,0,176,'18306431704',0,0,NULL,NULL,NULL),(116,'2147483647',52,1,'4564356345634563',1,1474441784,2,0,'',0,0,NULL,NULL,NULL),(117,'2147483647',52,1,'4564356345634563',1,1474441835,2,0,'',0,0,NULL,NULL,NULL),(118,'2147483647',52,1,'4564356345634563',1,1474441979,2,0,'',0,0,NULL,NULL,NULL),(119,'14742748990000',52,1,'4564356345634563',1,1474442172,2,0,'',0,0,NULL,NULL,NULL),(120,'14742748690000',52,1,'Rrrrrrrrrrrr',1,1474442506,2,0,'',0,0,NULL,NULL,NULL),(121,'14742675960000',52,1,'123123',1,1474442580,2,0,'',0,0,NULL,NULL,NULL),(122,'14734951120000',43,1,'1111111111111',1,1474443776,2,0,'',0,0,NULL,NULL,'57e23a00f167c.png'),(123,'14734951120000',43,1,'Ttttttt',1,1474443839,2,0,'',0,0,NULL,NULL,'57e23a3fa7b54.png'),(124,'14744439000000',52,2,'TTTTTTTTTTTT',1,1474443934,2,0,'',0,0,NULL,NULL,'57e23a9edc1a5.png,57e23a9edd0e7.png,57e23a9ede7ca.png'),(125,'14744443920000',52,5,'',1,1474445384,2,0,'',0,0,NULL,NULL,'57e2404826e88.png,57e2404827dca.png,57e2404828d0c.png,57e240482a01f.png,57e240482b331.png'),(126,'14745116580000',52,1,'Qqqqqqqqqqqqqqqqqqqqqqqqqqqqqqqqwqwqwqwqwqwqwqwqwqwqwqwqwqwqwwqwqwwqwqwqwqwqwqqwqwqwqwqwqqwqwqqwqwqwqwqdsad12312eddsadsa.f,.s,f.,we.,r.,14.3,.d,.we,f.ds,a.f,sad.f,.sad,f.asd',0,1474511766,2,6,'111111',0,0,NULL,NULL,'57e343962cb44.png,57e343962da86.png'),(127,'14745118390000',52,1,'1111111111111',1,1474511869,2,0,'',0,0,NULL,NULL,'57e343fd41442.png,57e343fd42755.png,57e343fd43e38.png,57e343fd44d7a.png,57e343fd45cbc.png'),(128,'14745120300000',52,1,'````````````',1,1474512057,2,0,'',0,0,NULL,NULL,'57e344b99dedb.png,57e344b99ee1d.png,57e344b99fd5f.png,57e344b9a08d0.png,57e344b9a1812.png'),(129,'14781580670000',75,5,'',1,1478222157,8,0,'',0,0,NULL,NULL,'581be14d9e5dc.png'),(130,'14779919620000',60,5,'',1,1478254483,1,0,'',0,0,NULL,NULL,NULL);
/*!40000 ALTER TABLE `ms_mall_evaluate_goods` ENABLE KEYS */;
UNLOCK TABLES;

--
-- Table structure for table `ms_mall_evaluate_store`
--

DROP TABLE IF EXISTS `ms_mall_evaluate_store`;
/*!40101 SET @saved_cs_client     = @@character_set_client */;
/*!40101 SET character_set_client = utf8 */;
CREATE TABLE `ms_mall_evaluate_store` (
  `sid` int(11) NOT NULL AUTO_INCREMENT COMMENT '评价ID',
  `order_sn` char(14) NOT NULL COMMENT '订单ID',
  `add_time` int(11) unsigned NOT NULL COMMENT '评价时间',
  `store_id` int(11) unsigned NOT NULL COMMENT '店铺编号',
  `anonymous` int(1) DEFAULT '0' COMMENT '匿名评论',
  `uid` int(11) unsigned NOT NULL COMMENT '买家编号',
  `username` varchar(100) NOT NULL COMMENT '买家名称',
  `desccredit` int(1) unsigned NOT NULL DEFAULT '5' COMMENT '描述相符评分',
  `servicecredit` int(1) unsigned NOT NULL DEFAULT '5' COMMENT '服务态度评分',
  `deliverycredit` int(1) unsigned NOT NULL DEFAULT '5' COMMENT '发货速度评分',
  PRIMARY KEY (`sid`)
) ENGINE=InnoDB AUTO_INCREMENT=76 DEFAULT CHARSET=utf8 COMMENT='店铺评分表';
/*!40101 SET character_set_client = @saved_cs_client */;

--
-- Dumping data for table `ms_mall_evaluate_store`
--

LOCK TABLES `ms_mall_evaluate_store` WRITE;
/*!40000 ALTER TABLE `ms_mall_evaluate_store` DISABLE KEYS */;
INSERT INTO `ms_mall_evaluate_store` VALUES (6,'73',1455691181,1,0,101,'张三',5,5,5),(7,'73',1455691302,1,0,101,'张三',5,3,4),(8,'73',1455691415,1,0,101,'张三',5,4,5),(9,'73',1455691732,1,0,101,'张三',5,5,5),(10,'73',1455691759,1,0,101,'张三',5,4,4),(11,'73',1455691852,1,0,101,'张三',5,5,5),(12,'73',1455691965,1,0,101,'张三',5,3,4),(13,'73',1455692087,1,0,101,'张三',5,3,4),(14,'73',1455692158,1,0,101,'张三',5,3,4),(15,'73',1455692191,1,0,101,'张三',5,3,4),(16,'125',1455858211,0,0,107,'xuej',0,0,0),(17,'125',1455858259,0,0,107,'xuej',0,0,0),(18,'125',1455858269,0,0,107,'xuej',3,4,3),(19,'125',1455858499,0,0,107,'xuej',0,0,0),(20,'125',1455858539,0,0,107,'xuej',5,5,5),(21,'125',1455858683,0,0,107,'xuej',0,0,0),(22,'125',1455858685,0,0,107,'xuej',0,0,0),(23,'125',1455858687,0,0,107,'xuej',0,0,0),(24,'125',1455858833,0,0,107,'xuej',0,0,0),(25,'125',1455858842,0,0,107,'xuej',0,0,0),(26,'125',1455861010,0,0,107,'xuej',0,0,0),(27,'125',1455861012,0,0,107,'xuej',0,0,0),(28,'35',1457243207,0,0,147,'lv123',4,4,4),(29,'35',1457243208,0,0,147,'lv123',4,4,4),(30,'35',1457243209,0,0,147,'lv123',4,4,4),(31,'35',1457243211,0,0,147,'lv123',4,4,4),(32,'32',1457243227,1,0,147,'lv123',0,0,0),(33,'33',1457243232,0,0,147,'lv123',0,0,0),(34,'32',1457243237,1,0,147,'lv123',0,0,0),(35,'32',1457243249,1,0,147,'lv123',4,4,3),(36,'108',1463362417,25,0,94,'hellobin1',5,2,3),(37,'4',1467558954,0,0,162,'18612203709',5,4,4),(38,'137',1468291421,0,0,176,'18306431704',3,3,3),(39,'137',1468291438,0,0,176,'18306431704',1,1,1),(40,'137',1468291522,0,0,176,'18306431704',1,1,1),(41,'17',1468291612,0,0,176,'18306431704',5,5,5),(42,'140',1468291652,0,0,209,'18654542348',4,4,4),(43,'137',1468292723,0,0,176,'18306431704',5,5,5),(44,'17',1468292786,0,0,176,'18306431704',5,5,5),(45,'146',1469238211,0,0,209,'18654542348',4,4,4),(46,'265',1470273167,0,0,235,'15095010388',4,0,0),(47,'265',1470273171,0,0,235,'15095010388',0,4,0),(48,'265',1470273174,0,0,235,'15095010388',0,0,4),(49,'265',1470273179,0,0,235,'15095010388',0,0,0),(50,'137',1470276832,0,0,176,'18306431704',5,5,5),(51,'2147483647',1474441107,2,1,0,'',1,1,1),(52,'0',1474441290,0,0,1,'hellobin',0,0,0),(53,'0',1474441326,0,0,6,'111111',0,0,0),(54,'2147483647',1474441476,2,1,0,'',1,1,1),(55,'2147483647',1474441588,2,1,0,'',1,1,1),(56,'2147483647',1474441680,2,1,0,'',1,1,1),(57,'2147483647',1474441736,2,1,0,'',1,1,1),(58,'2147483647',1474441784,2,1,0,'',1,1,1),(59,'2147483647',1474441835,2,1,0,'',1,1,1),(60,'2147483647',1474441979,2,1,0,'',1,1,1),(61,'14742748990000',1474442172,2,1,0,'',1,1,1),(62,'14742748690000',1474442506,2,1,0,'',2,3,4),(63,'14742675960000',1474442580,2,1,0,'',1,2,3),(64,'14734951120000',1474443776,2,1,0,'',1,1,1),(65,'14734951120000',1474443839,2,1,0,'',1,2,3),(66,'14744439000000',1474443934,2,1,0,'',3,4,5),(67,'14744443920000',1474445384,2,1,0,'',5,5,5),(68,'14745116580000',1474511766,2,0,6,'111111',2,3,4),(69,'14745118390000',1474511869,2,1,0,'',2,3,4),(70,'14745120300000',1474512057,2,1,0,'',5,4,3),(71,'',1476709643,0,0,41,'u18654542348',0,0,0),(72,'',1476709739,0,0,41,'u18654542348',0,0,0),(73,'',1476709955,0,0,41,'u18654542348',0,0,0),(74,'14781580670000',1478222157,8,1,0,'',5,4,4),(75,'14779919620000',1478254483,1,1,0,'',5,4,4);
/*!40000 ALTER TABLE `ms_mall_evaluate_store` ENABLE KEYS */;
UNLOCK TABLES;

--
-- Table structure for table `ms_mall_goods`
--

DROP TABLE IF EXISTS `ms_mall_goods`;
/*!40101 SET @saved_cs_client     = @@character_set_client */;
/*!40101 SET character_set_client = utf8 */;
CREATE TABLE `ms_mall_goods` (
  `goods_id` mediumint(8) unsigned NOT NULL AUTO_INCREMENT,
  `goods_sn` varchar(50) DEFAULT NULL,
  `goods_name` varchar(120) CHARACTER SET utf8 NOT NULL DEFAULT '',
  `small_name` varchar(200) DEFAULT NULL,
  `spec_type` tinyint(1) DEFAULT '1' COMMENT '规格类型 1：单一规格 2：多规格',
  `click_count` int(10) unsigned NOT NULL DEFAULT '0' COMMENT '点击次数',
  `collect_times` int(10) DEFAULT '0' COMMENT '收藏数量',
  `evaluate_count` int(10) DEFAULT '0' COMMENT '评论次数',
  `hpl` float(3,2) DEFAULT '1.00' COMMENT '好评率',
  `brand_id` smallint(5) unsigned NOT NULL DEFAULT '0' COMMENT '品牌id',
  `cost_price` decimal(10,2) DEFAULT '0.00' COMMENT '成本价',
  `market_price` decimal(10,2) DEFAULT '0.00' COMMENT '市场价',
  `shop_price` decimal(10,2) unsigned NOT NULL DEFAULT '0.00' COMMENT '本店售价',
  `consumption_type` int(1) DEFAULT '1' COMMENT '消费类型 1：现金 ，2：一卷通+现金 3：购物券+现金 ',
  `give_integral` decimal(10,2) DEFAULT '0.00' COMMENT '赠送积分',
  `promote_price` decimal(10,2) unsigned NOT NULL DEFAULT '0.00' COMMENT '促销价',
  `promote_start_date` int(11) unsigned NOT NULL DEFAULT '0' COMMENT '促销开始时间',
  `promote_end_date` int(11) unsigned NOT NULL DEFAULT '0' COMMENT '促销结束时间',
  `goods_weight` decimal(10,3) unsigned NOT NULL DEFAULT '0.000' COMMENT '商品重量',
  `is_best` tinyint(1) unsigned NOT NULL DEFAULT '0' COMMENT '精品',
  `is_new` tinyint(1) unsigned NOT NULL DEFAULT '0' COMMENT '新品',
  `is_hot` tinyint(1) unsigned NOT NULL DEFAULT '0' COMMENT '热销',
  `is_yushou` tinyint(1) NOT NULL DEFAULT '0' COMMENT '是否是预售',
  `is_ziti` tinyint(1) NOT NULL DEFAULT '0' COMMENT '是否是自提',
  `is_on_sale` tinyint(1) unsigned NOT NULL DEFAULT '1' COMMENT '是否上架',
  `store_tuijian` tinyint(1) DEFAULT '0' COMMENT '店铺内推荐 0 不推荐 1 推荐',
  `floor_show` tinyint(1) DEFAULT '0' COMMENT '楼层展示',
  `freight_type` tinyint(1) unsigned NOT NULL DEFAULT '1' COMMENT '运费类型 1 固定运费 2 使用运费模板',
  `freight` decimal(10,0) DEFAULT '0' COMMENT '运费',
  `keywords` varchar(255) CHARACTER SET utf8 NOT NULL DEFAULT '' COMMENT 'seo关键词',
  `description` varchar(255) CHARACTER SET utf8 NOT NULL DEFAULT '' COMMENT 'seo描述',
  `gc_id` int(4) DEFAULT NULL COMMENT '商品分类id',
  `gc_id_path` varchar(20) CHARACTER SET utf8 DEFAULT '0' COMMENT '分类追溯',
  `mid` int(4) unsigned NOT NULL DEFAULT '0' COMMENT '商品模型id',
  `goods_desc` text CHARACTER SET utf8 NOT NULL COMMENT '商品介绍',
  `goods_tag` text CHARACTER SET utf8 COMMENT '商品标签',
  `goods_spec_data` text,
  `sales` int(10) DEFAULT '0' COMMENT '销量',
  `store_id` int(11) DEFAULT '1' COMMENT '店铺id',
  `store_class_id` int(11) DEFAULT '0' COMMENT '店铺分类id',
  `max_buy` int(10) DEFAULT '0' COMMENT '最大购买数量',
  `examine_status` smallint(1) DEFAULT '2' COMMENT '审核状态 1：审核通过  2：未审核 3： 审核不通过',
  PRIMARY KEY (`goods_id`),
  KEY `cat_id` (`mid`),
  KEY `brand_id` (`brand_id`),
  KEY `goods_weight` (`goods_weight`),
  KEY `promote_end_date` (`promote_end_date`),
  KEY `promote_start_date` (`promote_start_date`)
) ENGINE=MyISAM AUTO_INCREMENT=80 DEFAULT CHARSET=gbk COMMENT='商品表';
/*!40101 SET character_set_client = @saved_cs_client */;

--
-- Dumping data for table `ms_mall_goods`
--

LOCK TABLES `ms_mall_goods` WRITE;
/*!40000 ALTER TABLE `ms_mall_goods` DISABLE KEYS */;
INSERT INTO `ms_mall_goods` VALUES (1,NULL,'Hersheson赫嫀2016印花复古大码女装棉麻T恤+中裙连衣裙两件套连衣裙H5011(花衣白裙 XL码)','',1,103,1,0,1.00,0,0.00,0.00,1576.00,1,0.00,560.00,1467180190,1469858591,0.000,0,0,0,0,0,1,0,0,1,1,'','',298,'1-28-298',1,'<div id=\"activity_header\">\r\n	<div align=\"center\">\r\n		<a href=\"http://huishou.jd.com\" target=\"_blank\"><img alt=\"\" class=\"\" src=\"http://img30.360buyimg.com/jgsq-productsoa/jfs/t2668/344/1180752391/111928/198211dc/5735a94fN3fe94b63.jpg\" border=\"0\" /></a>\r\n	</div>\r\n	<div style=\"text-align:center;\">\r\n		<a href=\"http://sale.jd.com/act/UujsP8TXlxgyt.html\" target=\"_blank\"><img alt=\"\" class=\"\" src=\"http://img30.360buyimg.com/jgsq-productsoa/jfs/t2692/363/2201923013/121741/a125609c/575d335eN465442ba.jpg\" /></a>\r\n	</div>\r\n</div>\r\n<div class=\"content_tpl\">\r\n	<div class=\"formwork\">\r\n		<div class=\"formwork_img\">\r\n			<img class=\"\" src=\"http://img20.360buyimg.com/vc/jfs/t2623/183/2522472374/811336/b72b0ce7/5769f2dbN64b9ae80.jpg\" />\r\n		</div>\r\n	</div>\r\n</div>\r\n<br />',NULL,NULL,0,2,0,0,1),(2,NULL,'爱衣琳 2016夏装新款女装韩版复古圆领短袖修身连衣裙(黑色 XL)','',1,999,2,0,1.00,0,0.00,0.00,1091.00,1,0.00,0.00,0,0,0.000,0,0,0,0,0,1,1,0,1,1,'','',1,'1-28-298',1,'',NULL,NULL,0,2,0,0,1),(3,NULL,'欧洲站2016夏装新款立领红裙子短袖收腰镂空中长款碎花蕾丝连衣裙(红色 M)','',1,26,0,0,1.00,0,0.00,0.00,1958.00,1,0.00,0.00,0,0,0.000,0,0,0,0,0,1,0,0,1,0,'','',298,'1-28-298',1,'',NULL,NULL,0,2,0,0,1),(4,NULL,'OopsCiah 春夏女装优雅知性V领连衣裙 90802(粉色 M)','',1,24,0,0,1.00,0,0.00,0.00,1905.00,1,0.00,0.00,0,0,0.000,0,0,0,0,0,1,0,0,1,0,'','',298,'1-28-298',1,'',NULL,NULL,0,2,0,0,1),(5,NULL,'OopsCiah 春夏女装蕾丝背带裙三件套 90613(白色 M)','',1,34,0,0,1.00,0,0.00,0.00,628.00,1,0.00,0.00,0,0,0.000,0,0,0,0,0,1,0,0,1,0,'','',298,'1-28-298',1,'',NULL,NULL,0,2,0,0,1),(6,NULL,'OopsCiah 春夏女装时尚百搭印花系带连衣裙 90138(米色 S)','',1,13,0,0,1.00,0,0.00,0.00,596.00,1,0.00,0.00,0,0,0.000,0,0,0,0,0,1,0,0,1,0,'','',298,'1-28-298',1,'',NULL,NULL,0,2,0,0,0),(7,NULL,'莉菲姿2015新款秋装韩版女装收腰显瘦纯糖果色打底气质长袖连衣裙(深蓝色 M)','',1,15,0,0,1.00,0,0.00,0.00,1610.00,1,0.00,0.00,0,0,0.000,0,0,0,0,0,1,0,0,1,0,'','',298,'1-28-298',1,'',NULL,NULL,0,2,0,0,0),(8,NULL,'OopsCiah 春夏女装韩版简约长款T恤连衣裙 91602(黑色 L)','',1,15,0,0,1.00,0,0.00,0.00,264.00,1,0.00,0.00,0,0,0.000,0,0,0,0,0,1,0,0,1,0,'','',298,'1-28-298',1,'',NULL,NULL,0,2,0,0,0),(9,NULL,'Hersheson赫嫀2016春季新品女装复古前大口袋破洞吊带直筒背带裙H1143(蓝色 XL码)','',1,7,0,0,1.00,0,0.00,0.00,121.00,1,0.00,0.00,0,0,0.000,0,0,0,0,0,1,0,0,1,0,'','',298,'1-28-298',1,'',NULL,NULL,0,2,0,0,0),(10,NULL,'Hersheson赫嫀韩版女装修身中长款蕾丝淑女连衣裙H4016(蓝色 L码)','',1,8,0,0,1.00,0,0.00,0.00,1825.00,1,0.00,0.00,0,0,0.000,0,0,0,0,0,1,0,0,1,0,'','',298,'1-28-298',1,'',NULL,NULL,0,2,0,0,0),(11,NULL,'光环2016夏季圆领印花修身无袖连衣裙配腰带#6057(图片色 S)','',1,11,0,0,1.00,0,0.00,0.00,1032.00,1,0.00,0.00,0,0,0.000,0,0,0,0,0,1,0,0,1,0,'','',298,'1-28-298',1,'',NULL,NULL,0,2,0,0,0),(12,NULL,'Hersheson赫嫀新款女装大码背心裙小清新无袖碎花雪纺连衣裙H4012(不规则半圆 S)','',1,9,0,0,1.00,0,0.00,0.00,1187.00,1,0.00,0.00,0,0,0.000,0,0,0,0,0,1,0,0,1,0,'','',298,'1-28-298',1,'',NULL,NULL,0,2,0,0,0),(13,NULL,'爱衣琳 2016新款民族风女装韩版修身短袖亚麻棉麻连衣裙夏女中长款裙子(橙色 XL)','',1,5,0,0,1.00,0,0.00,0.00,862.00,1,0.00,0.00,0,0,0.000,0,0,0,0,0,1,0,0,1,0,'','',298,'1-28-298',1,'',NULL,NULL,0,2,0,0,0),(14,NULL,'2016春装新款羊毛针织连衣裙中长款短袖宽松纯色中裙大码毛衣裙子(S)','',1,12,0,0,1.00,0,0.00,0.00,1065.00,1,0.00,0.00,0,0,0.000,0,0,0,0,0,1,0,0,1,0,'','',298,'1-28-298',1,'',NULL,NULL,0,2,0,0,0),(15,NULL,'光环2016夏季韩版修身无袖圆领蕾丝连衣裙（配腰带）9908(浅蓝色 S)','',1,10,0,0,1.00,0,0.00,0.00,976.00,1,0.00,0.00,0,0,0.000,0,0,0,0,0,1,0,0,1,0,'','',298,'1-28-298',1,'',NULL,NULL,0,2,0,0,0),(16,NULL,'莉菲姿 2015夏装新款新品韩版女装优雅修身雪纺连衣裙(绿色 M)','',1,19,0,0,1.00,0,0.00,0.00,300.00,1,0.00,0.00,0,0,0.000,0,0,0,0,0,1,0,0,1,0,'','',298,'1-28-298',1,'',NULL,NULL,0,2,0,0,1),(17,NULL,'莉菲姿 2015新款女装韩版水洗修身薄款牛仔连衣裙大码气质牛仔裙(牛仔深蓝 S)','',1,11,0,0,1.00,0,0.00,0.00,456.00,1,0.00,0.00,0,0,0.000,0,0,0,0,0,1,0,0,1,0,'','',298,'1-28-298',1,'',NULL,NULL,0,2,0,0,1),(18,NULL,'心鸟本色2016夏季新款韩版女装 棉麻大摆连衣裙甜美修身假两件套中长裙(藏青 XL)','',1,7,0,0,1.00,0,0.00,0.00,1670.00,1,0.00,0.00,0,0,0.000,0,0,0,0,0,1,0,0,1,0,'','',298,'1-28-298',1,'',NULL,NULL,0,2,0,0,1),(19,NULL,'心鸟本色2016夏装新款女装韩版纯色圆领不规则层层雪纺宽松大码连衣裙5105(黑色 XL)','',1,4,0,0,1.00,0,0.00,0.00,1927.00,1,0.00,0.00,0,0,0.000,0,0,0,0,0,1,0,0,1,0,'','',298,'1-28-298',1,'',NULL,NULL,0,2,0,0,1),(20,NULL,'心鸟本色 中长款连衣裙2016夏季新款女装韩版时尚两件套修身上衣雪纺阔腿裤5108(枣红 XL)','',1,13,0,0,1.00,0,0.00,0.00,1591.00,1,0.00,0.00,0,0,0.000,0,0,0,0,0,1,0,0,1,0,'','',298,'1-28-298',1,'',NULL,NULL,0,2,0,0,1),(21,NULL,'茂烨美依阁女衬衫女衬衣女短袖衬衫女士短袖T恤女夏装女针织衫女连衣裙裙子真丝夏季新款大码女装拼接欧美五分袖沙滩裙(图片色 M)','',1,9,0,0,1.00,0,0.00,0.00,1972.00,1,0.00,0.00,0,0,0.000,0,0,0,0,0,1,0,0,1,0,'','',298,'1-28-298',1,'',NULL,NULL,0,2,0,0,0),(22,NULL,'文艺棉麻女装中长款长袖欣漾风尚2016新款棉麻两件套连衣裙(绿色 黑色L)','',1,12,0,0,1.00,0,0.00,0.00,1606.00,1,0.00,0.00,0,0,0.000,0,0,0,0,0,1,0,0,1,0,'','',298,'1-28-298',1,'',NULL,NULL,0,2,0,0,0),(23,NULL,'莉菲姿 春夏中长款宽松大码女装民族风棉麻文艺范长连衣裙(浅黄 L)','',1,13,0,0,1.00,0,0.00,0.00,813.00,1,0.00,0.00,0,0,0.000,0,0,0,0,0,1,0,0,1,0,'','',298,'1-28-298',1,'',NULL,NULL,0,2,0,0,0),(24,NULL,'莉菲姿 春装新款女装刺绣欧根纱修身无袖背心蕾丝连衣裙子(白色 L【清货】)','',1,13,0,0,1.00,0,0.00,0.00,905.00,1,0.00,0.00,0,0,0.000,0,0,0,0,0,1,0,0,1,0,'','',298,'1-28-298',1,'',NULL,NULL,0,2,0,0,0),(25,NULL,'蒙格勒2015夏装新款女装圆领露肩性感包臀连衣裙 韩版A字打底短裙(黑色 均码)','',1,9,0,0,1.00,0,0.00,0.00,1922.00,1,0.00,0.00,0,0,0.000,0,0,0,0,0,1,0,0,1,0,'','',298,'1-28-298',1,'',NULL,NULL,0,2,0,0,0),(26,NULL,'蒙格勒2016新款加厚修身长袖连衣裙蓬蓬裙内搭打底裙秋冬季美裙加绒连衣裙(枣红色 L)','',1,9,0,0,1.00,0,0.00,0.00,1243.00,1,0.00,0.00,0,0,0.000,0,0,0,0,0,1,0,0,1,0,'','',298,'1-28-298',1,'',NULL,NULL,0,2,0,0,0),(27,NULL,'2016夏季新款欧美女装收腰修身条纹圆领气质显瘦A字裙无袖连衣裙(M)','',1,5,0,0,1.00,0,0.00,0.00,1160.00,1,0.00,0.00,0,0,0.000,0,0,0,0,0,1,0,0,1,0,'','',298,'1-28-298',1,'',NULL,NULL,0,2,0,0,0),(28,NULL,'光环2016夏季简约条纹撞色绣花印花连衣裙针织棉中裙6011(蓝色条纹 XL)','',1,3,0,0,1.00,0,0.00,0.00,1334.00,1,0.00,0.00,0,0,0.000,0,0,0,0,0,1,0,0,1,0,'','',298,'1-28-298',1,'',NULL,NULL,0,2,0,0,0),(29,NULL,'爱衣琳 2016夏新款女装假两件碎花拼接A字裙韩版修身中长雪纺连衣裙(粉红色 XL)','',1,7,0,0,1.00,0,0.00,0.00,386.00,1,0.00,0.00,0,0,0.000,0,0,0,0,0,1,0,0,1,0,'','',298,'1-28-298',1,'',NULL,NULL,0,2,0,0,0),(30,NULL,'茂烨美依阁女夏装女连衣裙裙子女半身裙女T恤女士T恤女衬衫女衬衣女短袖T恤夏季新品韩版女装双层裙摆孔雀印花雪纺A字连衣裙潮(咖啡色 M)','',1,12,0,0,1.00,0,0.00,0.00,1720.00,1,0.00,0.00,0,0,0.000,0,0,1,0,0,1,0,0,1,0,'','',298,'1-28-298',1,'',NULL,NULL,0,2,0,0,0),(31,NULL,'赏安芬 女装夏装韩版修身高腰连衣裙女无袖圆领白色小清新公主裙D8(白色 S)','',1,15,0,0,1.00,0,0.00,0.00,157.00,1,0.00,0.00,0,0,0.000,0,0,1,0,0,1,0,0,1,0,'','',298,'1-28-298',1,'',NULL,NULL,0,2,0,0,0),(32,NULL,'莉菲姿 2015新款韩版女装淑女修身显瘦大码女装长袖连衣裙女(黑色 XL)','',1,6,0,0,1.00,0,0.00,0.00,938.00,1,0.00,0.00,0,0,0.000,0,0,1,0,0,1,0,0,1,0,'','',298,'1-28-298',1,'',NULL,NULL,0,2,0,0,1),(33,NULL,'Menggele 新款冬款圆领 连衣裙 长袖 加绒 加厚 打底裙子 修身冬裙(藏青色 S)','',1,18,0,0,1.00,0,0.00,0.00,1032.00,3,0.00,0.00,0,0,0.000,0,0,1,0,0,1,0,0,1,0,'','',298,'1-28-298',1,'',NULL,NULL,0,2,0,0,1),(34,NULL,'莉菲姿 2015夏装新款新品韩版优雅女装修身连衣裙（带腰带）(粉红色 S)','',1,9,0,0,1.00,0,0.00,0.00,1331.00,3,0.00,0.00,0,0,0.000,0,0,1,0,0,1,0,0,1,0,'','',298,'1-28-298',1,'',NULL,NULL,0,2,0,0,1),(35,NULL,'莉菲姿 2015春装新品韩版女装优雅格子连衣裙背心裙(红色 S)','',1,17,0,0,1.00,0,0.00,0.00,690.00,3,0.00,0.00,0,0,0.000,0,0,1,0,0,1,0,0,1,0,'','',298,'1-28-298',1,'',NULL,NULL,0,2,0,0,1),(36,NULL,'莉菲姿 2015夏装上衣新款女装大码蕾丝雪纺衫女中袖衬衫打底衫潮(米白色 S)','',1,17,0,0,1.00,0,0.00,0.00,608.00,3,0.00,0.00,0,0,0.000,0,1,1,0,0,1,0,0,1,0,'','',298,'1-28-298',1,'',NULL,NULL,0,2,0,0,1),(37,NULL,'释宝儿蕾丝拼接印花雪纺连衣裙(XL)','',1,447,2,0,1.00,0,0.00,0.00,130.00,3,0.00,0.00,0,0,0.000,0,1,1,0,0,1,0,0,1,0,'','',298,'1-28-298',1,'',NULL,NULL,0,2,0,0,1),(38,NULL,'Menggel春夏新款无袖连衣裙莫代尔面料黑色修身显瘦长裙连衣裙时尚百搭(黑色 S)','',1,57,0,0,1.00,0,0.00,0.00,203.00,3,0.00,0.00,0,0,0.000,0,1,1,0,0,1,0,0,1,0,'','',298,'1-28-298',1,'',NULL,NULL,0,2,0,0,1),(39,NULL,'2016夏装新款韩版女装大码中长款夏季印花棉麻裙短袖雪纺连衣裙子JHC1220(米底黄花 M)','',1,27,0,0,1.00,0,0.00,0.00,400.00,3,0.00,0.00,0,0,0.000,0,1,1,0,0,1,0,0,1,0,'','',298,'1-28-298',1,'',NULL,NULL,0,2,0,0,1),(40,NULL,'莉菲姿 春装新品韩版大码女装秋冬新款修身连衣裙长袖连衣裙(黑底蓝 M)','',1,11,0,0,1.00,0,0.00,0.00,990.00,3,0.00,0.00,0,0,0.000,0,1,0,0,0,1,0,0,1,0,'','',298,'1-28-298',1,'',NULL,NULL,0,2,0,0,1),(41,NULL,'莉菲姿 韩版女装长袖名媛气质淑打底蓝色毛呢连衣裙(藏蓝色 S)','',1,26,0,0,1.00,0,0.00,0.00,745.00,3,0.00,0.00,0,0,0.000,1,0,0,0,0,1,0,0,1,0,'','',298,'1-28-298',1,'',NULL,NULL,0,2,0,0,1),(42,NULL,'莉菲姿 夏装韩版新款OL气质大码女装性感V领短袖雪纺连衣裙(花色 S)','',1,21,0,0,1.00,0,0.00,0.00,1676.00,3,0.00,0.00,0,0,0.000,1,0,0,0,0,1,0,0,1,0,'','',298,'1-28-298',1,'',NULL,NULL,0,2,0,0,1),(43,NULL,'莉菲姿 2015款女装裙子复古印花长袖中腰圆领修身连衣裙(白色 M)','',1,180,4,0,0.00,0,0.00,0.00,137.00,2,0.00,0.00,0,0,0.000,1,0,0,0,0,1,0,0,1,0,'','',298,'1-28-298',1,'',NULL,NULL,0,2,0,0,1),(44,NULL,'欣漾风尚连衣裙雪纺(套装 女 春夏时尚春装2016 春 女装)(黑色 M)','',1,79,1,0,1.00,0,0.00,0.00,201.00,3,0.00,0.00,0,0,0.000,1,0,0,0,0,1,0,0,1,0,'','',298,'1-28-298',1,'',NULL,NULL,0,2,0,0,1),(45,NULL,'莉菲姿 沙滩裙2015夏装新款女装波西米亚甜美长裙雪纺女连衣裙夏(绿色 S)','',1,34,0,0,1.00,0,0.00,0.00,1791.00,2,0.00,0.00,0,0,0.000,1,0,0,0,0,1,0,0,1,0,'','',298,'1-28-298',1,'',NULL,NULL,0,2,0,0,1),(46,NULL,'莉菲姿 夏季新款韩版短袖连衣裙大码宽松小清新女装A字裙(红色 L)','',1,34,0,0,1.00,0,0.00,0.00,1660.00,2,0.00,0.00,0,0,0.000,1,0,0,0,0,1,0,0,1,0,'','',298,'1-28-298',1,'',NULL,NULL,0,2,0,0,1),(47,NULL,'Menggele连衣裙女大码雪纺无袖背心裙宽松休闲百褶裙女装雪纺裙子(绿色 S)','',1,57,0,0,1.00,0,0.00,0.00,955.00,2,0.00,0.00,0,0,0.000,1,0,0,0,0,1,0,0,1,0,'','',298,'1-28-298',1,'',NULL,NULL,0,2,0,0,1),(48,NULL,'玛迪苏2016新款韩版女装名媛约会礼服OL气质淑女大码打底连衣裙子-大5-541-C-1166-22(红色 XL)','',1,36,1,0,1.00,0,0.00,0.00,1161.00,2,0.00,0.00,0,0,0.000,1,0,0,0,0,1,1,1,1,1,'','',298,'1-28-298',1,'','',NULL,0,2,0,0,1),(49,NULL,'商品标题名称长度至少3个字符，最长50个汉字','商品标题名称长度至少3个字符，最长50个汉字',2,21,0,0,1.00,140,0.00,120.00,1921.00,3,0.00,0.00,0,0,1.000,1,0,0,0,0,1,1,0,1,1,'','',298,'1-28-298',1,'',NULL,NULL,0,2,0,0,1),(53,'MS_14775703939135','合作商一星套餐A','',1,0,0,0,1.00,0,0.00,0.00,2000.00,1,1600.00,0.00,0,0,0.000,0,0,0,0,0,1,0,0,1,1,'','',0,'0',0,'','合作商一星套餐A',NULL,0,1,0,1,1),(54,'MS_14775743039433','合作商一星套餐B','',1,23,0,0,1.00,0,0.00,0.00,1.00,1,1600.00,0.00,0,0,0.000,0,0,0,0,0,1,0,0,1,1,'','',0,'0',0,'','合作商一星套餐B',NULL,0,1,0,1,1),(55,NULL,'合作商二星套餐A','',1,4,0,0,1.00,0,0.00,0.00,8000.00,1,NULL,0.00,0,0,0.000,0,0,0,0,0,1,0,0,1,1,'','',0,'0',0,'','合作商二星套餐A',NULL,0,1,0,1,1),(56,NULL,'合作商二星套餐B','',1,1,0,0,1.00,0,0.00,0.00,12800.00,1,NULL,0.00,0,0,0.000,0,0,0,0,0,1,0,0,1,1,'','',0,'0',0,'','合作商二星套餐B',NULL,0,1,0,1,1),(57,NULL,'合作商三星套餐A','',1,1,0,0,1.00,0,0.00,0.00,16000.00,1,NULL,0.00,0,0,0.000,0,0,0,0,0,1,0,0,1,1,'','',0,'0',0,'','合作商三星套餐A',NULL,0,1,0,1,1),(58,NULL,'合作商三星套餐B','',1,2,0,0,1.00,0,0.00,0.00,25600.00,1,NULL,0.00,0,0,0.000,0,0,0,0,0,1,0,0,1,1,'','',0,'0',0,'','合作商三星套餐B',NULL,0,1,0,1,1),(59,'MS_14775704376766','合作商四星套餐A','',1,1,0,0,1.00,0,0.00,0.00,32000.00,1,10000.00,0.00,0,0,0.000,0,0,0,0,0,1,0,0,1,1,'','',0,'0',0,'','合作商四星套餐A',NULL,0,1,0,1,1),(60,'MS_14775704028145','合作商四星套餐B','',1,62,0,0,1.00,0,0.00,0.00,1.00,1,25660.00,0.00,0,0,0.000,0,0,0,0,0,1,0,0,1,1,'','',0,'0',0,'','合作商四星套餐B',NULL,0,1,0,1,1),(75,'MS_14778884865316','测试111','',2,82,1,0,1.00,0,123.00,12345.00,1.00,3,0.00,0.00,0,0,0.000,1,1,0,0,0,1,1,0,1,1,'','',299,'1-28-299',1,'&lt;img src=&quot;/Uploads/Mall/Seller/0/Content/image/20161031/20161031123438_54697.jpg&quot; alt=&quot;&quot; /&gt;',NULL,NULL,0,8,0,0,1),(76,'MS_14781617328792','52度酒鬼酒','馥郁香型，天下有机',1,0,0,0,1.00,0,0.00,100.00,0.00,1,0.00,0.00,0,0,0.000,0,0,0,0,0,0,0,0,0,0,'','',1935,'13-169-1935',2,'',NULL,NULL,0,2,0,0,1),(77,'MS_14781617398909','52度酒鬼酒','馥郁香型，天下有机',1,0,0,0,1.00,0,0.00,100.00,0.00,1,0.00,0.00,0,0,0.000,0,0,0,0,0,1,1,0,1,1,'','',1935,'13-169-1935',2,'',NULL,NULL,0,2,0,0,1),(78,'MS_14781618203761','52度酒鬼酒','馥郁香型，天下有机',2,11,0,0,1.00,264,0.25,100.00,0.20,1,0.00,0.00,0,0,0.540,1,0,0,0,0,0,1,0,1,1,'','',1935,'13-169-1935',2,'&lt;p&gt;\r\n	&lt;img src=&quot;/Uploads/Mall/Seller/0/Content/image/20161103/20161103162625_74964.jpg&quot; alt=&quot;&quot; /&gt;\r\n&lt;/p&gt;\r\n&lt;p&gt;\r\n	11233333112\r\n&lt;/p&gt;',NULL,NULL,0,2,0,0,1),(79,'MS_14800077815045','11','',1,0,0,0,1.00,0,11.00,11.00,11.00,1,0.00,0.00,0,0,0.000,0,0,0,0,0,1,1,0,1,1,'','',311,'1-29-311',1,'',NULL,NULL,0,2,0,0,1);
/*!40000 ALTER TABLE `ms_mall_goods` ENABLE KEYS */;
UNLOCK TABLES;

--
-- Table structure for table `ms_mall_goods_class`
--

DROP TABLE IF EXISTS `ms_mall_goods_class`;
/*!40101 SET @saved_cs_client     = @@character_set_client */;
/*!40101 SET character_set_client = utf8 */;
CREATE TABLE `ms_mall_goods_class` (
  `gc_id` int(10) unsigned NOT NULL AUTO_INCREMENT COMMENT '索引ID',
  `gc_name` varchar(100) NOT NULL COMMENT '分类名称',
  `mid` int(10) unsigned NOT NULL COMMENT '模型id',
  `gc_parent_id` int(10) unsigned NOT NULL DEFAULT '0' COMMENT '父ID',
  `gc_sort` tinyint(1) unsigned NOT NULL DEFAULT '0' COMMENT '排序',
  `gc_title` varchar(200) NOT NULL COMMENT '名称',
  `gc_keywords` varchar(255) NOT NULL DEFAULT '' COMMENT '关键词',
  `gc_description` varchar(255) NOT NULL DEFAULT '' COMMENT '描述',
  `gc_icon` char(10) DEFAULT NULL COMMENT 'icon字体图标',
  `gc_icon_img` text,
  PRIMARY KEY (`gc_id`),
  KEY `store_id` (`gc_parent_id`)
) ENGINE=InnoDB AUTO_INCREMENT=2980 DEFAULT CHARSET=utf8 COMMENT='商品分类表';
/*!40101 SET character_set_client = @saved_cs_client */;

--
-- Dumping data for table `ms_mall_goods_class`
--

LOCK TABLES `ms_mall_goods_class` WRITE;
/*!40000 ALTER TABLE `ms_mall_goods_class` DISABLE KEYS */;
INSERT INTO `ms_mall_goods_class` VALUES (1,'潮流女装',1,0,0,'','','','',NULL),(2,'品牌男装',1,0,0,'','','','',NULL),(3,'个护化妆',0,0,0,'','','',NULL,NULL),(4,'家用电器',0,0,0,'','','',NULL,NULL),(5,'电脑办公',0,0,0,'','','',NULL,NULL),(6,'手机数码',0,0,0,'','','',NULL,NULL),(7,'母婴童装',0,0,0,'','','',NULL,NULL),(9,'家居家纺',0,0,0,'','','',NULL,NULL),(10,'居家生活',0,0,0,'','','',NULL,NULL),(11,'家具建材',0,0,0,'','','',NULL,NULL),(12,'食品生鲜',0,0,0,'','','',NULL,NULL),(13,'酒水饮料',0,0,0,'','','',NULL,NULL),(14,'运动户外',0,0,0,'','','',NULL,NULL),(15,'鞋靴箱包',0,0,0,'','','',NULL,NULL),(16,'奢品礼品',0,0,0,'','','',NULL,NULL),(17,'钟表珠宝',0,0,0,'','','',NULL,NULL),(18,'玩具乐器',0,0,0,'','','',NULL,NULL),(19,'内衣配饰',0,0,0,'','','',NULL,NULL),(20,'汽车用品',0,0,0,'','','',NULL,NULL),(21,'音像制品',0,0,0,'','','',NULL,NULL),(22,'医药保健',0,0,0,'','','',NULL,NULL),(23,'计生情趣',0,0,0,'','','',NULL,NULL),(24,'宠物农资',0,0,0,'','','',NULL,NULL),(28,'裙装',0,1,0,'','','',NULL,NULL),(29,'上装',0,1,0,'','','',NULL,NULL),(30,'下装',0,1,0,'','','',NULL,NULL),(35,'夹克',0,2,0,'','','',NULL,NULL),(36,'衬衫',0,2,0,'','','',NULL,NULL),(37,'男士内搭',0,2,0,'','','',NULL,NULL),(38,'男士外套',0,2,0,'','','',NULL,NULL),(39,'男士裤装',0,2,0,'','','',NULL,NULL),(40,'特色男装',0,2,0,'','','',NULL,NULL),(42,'面部护肤',0,3,0,'','','',NULL,NULL),(43,'身体护理',0,3,0,'','','',NULL,NULL),(44,'口腔护理',0,3,0,'','','',NULL,NULL),(45,'香水彩妆',0,3,0,'','','',NULL,NULL),(46,'洗发护发',0,3,0,'','','',NULL,NULL),(47,'女性护理',0,3,0,'','','',NULL,NULL),(48,'清洁用品 ',0,3,0,'','','',NULL,NULL),(49,'推荐品牌',0,4,0,'','','',NULL,NULL),(50,'电视',0,4,0,'','','',NULL,NULL),(51,'空调',0,4,0,'','','',NULL,NULL),(52,'洗衣机',0,4,0,'','','',NULL,NULL),(53,'冰箱',0,4,0,'','','',NULL,NULL),(54,'厨卫大电',0,4,0,'','','',NULL,NULL),(55,'厨房小电',0,4,0,'','','',NULL,NULL),(56,'生活电器',0,4,0,'','','',NULL,NULL),(57,'个护健康',0,4,0,'','','',NULL,NULL),(58,'家庭影音',0,4,0,'','','',NULL,NULL),(59,'进口电器',0,4,0,'','','',NULL,NULL),(60,'电脑整机',0,5,0,'','','',NULL,NULL),(61,'电脑配件',0,5,0,'','','',NULL,NULL),(62,'外设产品',0,5,0,'','','',NULL,NULL),(63,'网络产品',0,5,0,'','','',NULL,NULL),(64,'游戏设备',0,5,0,'','','',NULL,NULL),(65,'办公设备',0,5,0,'','','',NULL,NULL),(66,'文具耗材',0,5,0,'','','',NULL,NULL),(67,'奶粉',0,7,0,'','','',NULL,NULL),(68,'营养辅食',0,7,0,'','','',NULL,NULL),(69,'尿裤湿巾',0,7,0,'','','',NULL,NULL),(70,'喂养用品',0,7,0,'','','',NULL,NULL),(71,'洗护用品',0,7,0,'','','',NULL,NULL),(72,'童车童床',0,7,0,'','','',NULL,NULL),(73,'寝居服饰',0,7,0,'','','',NULL,NULL),(74,'妈妈专区',0,7,0,'','','',NULL,NULL),(75,'安全座椅',0,7,0,'','','',NULL,NULL),(76,'童装童鞋',0,7,0,'','','',NULL,NULL),(77,'玩具乐器',0,7,0,'','','',NULL,NULL),(128,'热卖推荐',0,9,0,'','','',NULL,NULL),(129,'家纺',0,9,0,'','','',NULL,NULL),(130,'生活日用',0,9,0,'','','',NULL,NULL),(131,'家装软饰',0,9,0,'','','',NULL,NULL),(132,'灯具',0,9,0,'','','',NULL,NULL),(133,'应季热销',0,10,0,'','','',NULL,NULL),(134,'水具酒具',0,10,0,'','','',NULL,NULL),(135,'烹饪锅具',0,10,0,'','','',NULL,NULL),(136,'厨房配件',0,10,0,'','','',NULL,NULL),(137,'茶具咖啡具',0,10,0,'','','',NULL,NULL),(138,'餐具',0,10,0,'','','',NULL,NULL),(139,'刀剪菜板',0,10,0,'','','',NULL,NULL),(140,'热卖推荐',0,11,0,'','','',NULL,NULL),(141,'厨房卫浴',0,11,0,'','','',NULL,NULL),(142,'灯饰照明',0,11,0,'','','',NULL,NULL),(143,'五金工具',0,11,0,'','','',NULL,NULL),(144,'电工电料',0,11,0,'','','',NULL,NULL),(145,'墙地面材料',0,11,0,'','','',NULL,NULL),(146,'装饰材料',0,11,0,'','','',NULL,NULL),(147,'装修服务',0,11,0,'','','',NULL,NULL),(148,'卧室家具',0,11,0,'','','',NULL,NULL),(149,'客厅家具',0,11,0,'','','',NULL,NULL),(150,'书房家具',0,11,0,'','','',NULL,NULL),(151,'储物家具',0,11,0,'','','',NULL,NULL),(152,'阳台户外',0,11,0,'','','',NULL,NULL),(153,'餐厅家具',0,11,0,'','','',NULL,NULL),(154,'商业办公',0,11,0,'','','',NULL,NULL),(155,'儿童家具',0,11,0,'','','',NULL,NULL),(156,'进口食品',0,12,0,'','','',NULL,NULL),(157,'新鲜水果',0,12,0,'','','',NULL,NULL),(158,'猪牛羊肉',0,12,0,'','','',NULL,NULL),(159,'地方特产',0,12,0,'','','',NULL,NULL),(160,'海鲜水产',0,12,0,'','','',NULL,NULL),(161,'禽类蛋品',0,12,0,'','','',NULL,NULL),(162,'新鲜蔬菜',0,12,0,'','','',NULL,NULL),(163,'休闲食品',0,12,0,'','','',NULL,NULL),(164,'粮油调味',0,12,0,'','','',NULL,NULL),(165,'食品礼券',0,12,0,'','','',NULL,NULL),(166,'产品直供',0,12,0,'','','',NULL,NULL),(167,'速冻食品',0,12,0,'','','',NULL,NULL),(168,'饮品甜品',0,12,0,'','','',NULL,NULL),(169,'中外名酒',0,13,0,'','','',NULL,NULL),(170,'饮料冲调',0,13,0,'','','',NULL,NULL),(171,'茗茶',0,13,0,'','','',NULL,NULL),(172,'运动热门购',0,14,0,'','','',NULL,NULL),(173,'运动鞋包',0,14,0,'','','',NULL,NULL),(174,'运动服饰',0,14,0,'','','',NULL,NULL),(175,'户外鞋服',0,14,0,'','','',NULL,NULL),(176,'户外装备',0,14,0,'','','',NULL,NULL),(177,'骑行运动',0,14,0,'','','',NULL,NULL),(178,'健身训练',0,14,0,'','','',NULL,NULL),(179,'体育用品',0,14,0,'','','',NULL,NULL),(180,'垂钓用品',0,14,0,'','','',NULL,NULL),(181,'游泳用品',0,14,0,'','','',NULL,NULL),(182,'热门分类',0,15,0,'','','',NULL,NULL),(183,'流行男鞋',0,15,0,'','','',NULL,NULL),(184,'时尚女鞋',0,15,0,'','','',NULL,NULL),(185,'潮流女包',0,15,0,'','','',NULL,NULL),(186,'精品男包',0,15,0,'','','',NULL,NULL),(187,'功能箱包',0,15,0,'','','',NULL,NULL),(188,'热门推荐',0,16,0,'','','',NULL,NULL),(189,'奢侈品',0,16,0,'','','',NULL,NULL),(190,'礼品',0,16,0,'','','',NULL,NULL),(191,'时尚饰品',0,17,0,'','','',NULL,NULL),(192,'钟表',0,17,0,'','','',NULL,NULL),(193,'黄金',0,17,0,'','','',NULL,NULL),(194,'银饰',0,17,0,'','','',NULL,NULL),(195,'木手串把件',0,17,0,'','','',NULL,NULL),(196,'翡翠玉石',0,17,0,'','','',NULL,NULL),(197,'水晶玛瑙',0,17,0,'','','',NULL,NULL),(198,'钻石',0,17,0,'','','',NULL,NULL),(199,'珍珠',0,17,0,'','','',NULL,NULL),(200,'彩宝',0,17,0,'','','',NULL,NULL),(201,'K金饰品',0,17,0,'','','',NULL,NULL),(202,'铂金',0,17,0,'','','',NULL,NULL),(203,'金银投资',0,17,0,'','','',NULL,NULL),(204,'热销大牌',0,17,0,'','','',NULL,NULL),(205,'适用年龄',0,18,0,'','','',NULL,NULL),(206,'益智玩具',0,18,0,'','','',NULL,NULL),(207,'遥控电动',0,18,0,'','','',NULL,NULL),(208,'积木拼插',0,18,0,'','','',NULL,NULL),(209,'毛绒布艺',0,18,0,'','','',NULL,NULL),(210,'健身玩具',0,18,0,'','','',NULL,NULL),(211,'娃娃玩具',0,18,0,'','','',NULL,NULL),(212,'模型玩具',0,18,0,'','','',NULL,NULL),(213,'动漫玩具',0,18,0,'','','',NULL,NULL),(214,'DIY玩具',0,18,0,'','','',NULL,NULL),(215,'创意减压',0,18,0,'','','',NULL,NULL),(216,'乐器',0,18,0,'','','',NULL,NULL),(217,'热点推荐',0,19,0,'','','',NULL,NULL),(218,'内衣',0,19,0,'','','',NULL,NULL),(219,'热门推荐',0,19,0,'','','',NULL,NULL),(220,'服饰配件',0,19,0,'','','',NULL,NULL),(221,'热卖推荐',0,20,0,'','','',NULL,NULL),(222,'特色推荐',0,20,0,'','','',NULL,NULL),(223,'全新整车',0,20,0,'','','',NULL,NULL),(224,'车载电器',0,20,0,'','','',NULL,NULL),(225,'维修保养',0,20,0,'','','',NULL,NULL),(226,'美容清洗',0,20,0,'','','',NULL,NULL),(227,'汽车装饰',0,20,0,'','','',NULL,NULL),(228,'安全自驾',0,20,0,'','','',NULL,NULL),(229,'汽车服务',0,20,0,'','','',NULL,NULL),(230,'热门推荐',0,21,0,'','','',NULL,NULL),(231,'文娱艺人周边',0,21,0,'','','',NULL,NULL),(232,'内地流行',0,21,0,'','','',NULL,NULL),(233,'华语流行',0,21,0,'','','',NULL,NULL),(234,'欧美流行',0,21,0,'','','',NULL,NULL),(235,'日韩流行',0,21,0,'','','',NULL,NULL),(236,'HIFI发烧碟',0,21,0,'','','',NULL,NULL),(237,'进口CD',0,21,0,'','','',NULL,NULL),(238,'古典',0,21,0,'','','',NULL,NULL),(239,'爵士蓝调',0,21,0,'','','',NULL,NULL),(240,'休闲音乐',0,21,0,'','','',NULL,NULL),(241,'民歌民乐',0,21,0,'','','',NULL,NULL),(242,'摇滚',0,21,0,'','','',NULL,NULL),(243,'相声戏曲曲艺',0,21,0,'','','',NULL,NULL),(244,'影视音乐',0,21,0,'','','',NULL,NULL),(245,'音乐教育',0,21,0,'','','',NULL,NULL),(246,'有声读物',0,21,0,'','','',NULL,NULL),(247,'宗教庆典音乐',0,21,0,'','','',NULL,NULL),(248,'中西药品',0,22,0,'','','',NULL,NULL),(249,'营养成分',0,22,0,'','','',NULL,NULL),(250,'营养健康',0,22,0,'','','',NULL,NULL),(251,'护理护具',0,22,0,'','','',NULL,NULL),(252,'保健器械',0,22,0,'','','',NULL,NULL),(253,'传统滋补',0,22,0,'','','',NULL,NULL),(254,'大品牌',0,23,0,'','','',NULL,NULL),(255,'安全避孕',0,23,0,'','','',NULL,NULL),(256,'男用器具',0,23,0,'','','',NULL,NULL),(257,'女用器具',0,23,0,'','','',NULL,NULL),(258,'人体润滑',0,23,0,'','','',NULL,NULL),(259,'情趣内衣',0,23,0,'','','',NULL,NULL),(260,'验孕测孕',0,23,0,'','','',NULL,NULL),(261,'更多品牌',0,23,0,'','','',NULL,NULL),(262,'盆栽苗木',0,24,0,'','','',NULL,NULL),(263,'种子',0,24,0,'','','',NULL,NULL),(264,'园林农耕',0,24,0,'','','',NULL,NULL),(265,'宠物主粮',0,24,0,'','','',NULL,NULL),(266,'宠物零食',0,24,0,'','','',NULL,NULL),(267,'水族世界',0,24,0,'','','',NULL,NULL),(268,'宠物浴液',0,24,0,'','','',NULL,NULL),(269,'宠物医疗',0,24,0,'','','',NULL,NULL),(270,'宠物玩具',0,24,0,'','','',NULL,NULL),(271,'出行装备',0,24,0,'','','',NULL,NULL),(272,'农药',0,24,0,'','','',NULL,NULL),(273,'肥料',0,24,0,'','','',NULL,NULL),(274,'饲料',0,24,0,'','','',NULL,NULL),(275,'兽药',0,24,0,'','','',NULL,NULL),(276,'兽用器具',0,24,0,'','','',NULL,NULL),(298,'秋季连衣裙',0,28,0,'','','',NULL,'2861957c68cc3d8049.jpg'),(299,'长袖连衣裙',0,28,0,'','','',NULL,'693457c68cc3e431e.jpg'),(300,'针织连衣裙',0,28,0,'','','',NULL,'742357c68cc3f17ae.jpg'),(301,'雪纺连衣裙',0,28,0,'','','',NULL,'1525757c68cc409748.jpg'),(302,'棉麻连衣裙',0,28,0,'','','',NULL,'914157c68cc415bd5.jpg'),(303,'性感连衣裙',0,28,0,'','','',NULL,'1966957c68cc422d12.jpg'),(304,'蕾丝连衣裙',0,28,0,'','','',NULL,'2599457c68cc43189e.jpg'),(305,'牛仔裙',0,28,0,'','','',NULL,'3017057c68cc44385f.jpg'),(306,'套装裙',0,28,0,'','','',NULL,'1268957c68cc454421.jpg'),(307,'针织衫',0,29,0,'','','',NULL,'119657c68cc4631e8.jpg'),(308,'衬衫',0,29,0,'','','',NULL,'2151457c68cc46fb2c.jpg'),(309,'T恤',0,29,0,'','','',NULL,'1473757c68cc47c6a2.jpg'),(310,'卫衣',0,29,0,'','','',NULL,'1767457c68cc48a592.jpg'),(311,'小西装',0,29,0,'','','',NULL,'247157c68cc4997e2.jpg'),(312,'气质风衣',0,29,0,'','','',NULL,'2998857c68cc4a5e3a.jpg'),(313,'雪纺衫',0,29,0,'','','',NULL,'3158257c68cc4b2480.jpg'),(314,'打底衫',0,29,0,'','','',NULL,'2881757c68cc4be6c4.jpg'),(315,'针织外套',0,29,0,'','','',NULL,'499857c68cc4cc39c.jpg'),(316,'短外套',0,29,0,'','','',NULL,'522957c68cc4d8d3a.jpg'),(317,'羊绒衫',0,29,0,'','','',NULL,'1640457c68cc4e5240.jpg'),(318,'皮衣',0,29,0,'','','',NULL,'1203157c68cc4f1667.jpg'),(319,'牛仔裤',0,30,0,'','','',NULL,'2196357c68cc509ce7.jpg'),(320,'休闲裤',0,30,0,'','','',NULL,'2743657c68cc516270.jpg'),(321,'短裤',0,30,0,'','','',NULL,'829857c68cc522756.jpg'),(322,'小脚裤',0,30,0,'','','',NULL,'1036457c68cc53104a.jpg'),(323,'哈伦裤',0,30,0,'','','',NULL,'1665757c68cc53ea49.jpg'),(324,'连体裤',0,30,0,'','','',NULL,'1136257c68cc550529.jpg'),(325,'九分裤',0,30,0,'','','',NULL,'1355657c68cc55e7cd.jpg'),(326,'正装裤',0,30,0,'','','',NULL,'1603257c68cc56b534.jpg'),(327,'半身裙',0,30,0,'','','',NULL,'2831957c68cc5782e9.jpg'),(379,'轻薄夹克',0,35,0,'','','',NULL,'693957c68cc88c228.jpg'),(380,'棒球夹克',0,35,0,'','','',NULL,'3130857c68cc898a14.png'),(381,'短款夹克',0,35,0,'','','',NULL,'1961457c68cc8a47ba.jpg'),(382,'机车夹克',0,35,0,'','','',NULL,'1302857c68cc8b381a.jpg'),(383,'飞行夹克',0,35,0,'','','',NULL,'858957c68cc8c0634.jpg'),(384,'迷彩夹克',0,35,0,'','','',NULL,'142957c68cc8cc934.jpg'),(385,'中老年夹克',0,35,0,'','','',NULL,'1949857c68cc8d8f0d.jpg'),(386,'皮夹克',0,35,0,'','','',NULL,'2261057c68cc8e5866.jpg'),(387,'立领夹克',0,35,0,'','','',NULL,'1134557c68cc8f1b0d.jpg'),(388,'长袖衬衫',0,36,0,'','','',NULL,'1596757c68cc90c740.jpg'),(389,'牛仔衬衫',0,36,0,'','','',NULL,'1427657c68cc91b11e.jpg'),(390,'纯棉衬衫',0,36,0,'','','',NULL,'2862957c68cc928873.jpg'),(391,'短袖衬衫',0,36,0,'','','',NULL,'53157c68cc93c2fe.jpg'),(392,'花色衬衫',0,36,0,'','','',NULL,'2623457c68cc94b311.jpg'),(393,'免烫衬衫',0,36,0,'','','',NULL,'1857857c68cc958819.jpg'),(394,'拼接衬衫',0,36,0,'','','',NULL,'468757c68cc965604.jpg'),(395,'纯色衬衫',0,36,0,'','','',NULL,'1926157c68cc971a39.jpg'),(396,'法兰绒衬衫',0,36,0,'','','',NULL,'2750857c68cc97e824.jpg'),(397,'长袖T恤',0,37,0,'','','',NULL,'1676257c68cc98a89b.jpg'),(398,'长袖衬衫',0,37,0,'','','',NULL,'521057c68cc996f6d.jpg'),(399,'短袖衬衫',0,37,0,'','','',NULL,'2920157c68cc9a474c.jpg'),(400,'卫衣',0,37,0,'','','',NULL,'572457c68cc9b25a1.jpg'),(401,'针织衫',0,37,0,'','','',NULL,'2863457c68cc9c1a60.jpg'),(402,'毛衣',0,37,0,'','','',NULL,'2155057c68cc9cda91.jpg'),(403,'POLO衫',0,37,0,'','','',NULL,'1867757c68cc9da228.jpg'),(404,'羊绒衫',0,37,0,'','','',NULL,'2682757c68cc9e7e2e.jpg'),(405,'短袖T恤',0,37,0,'','','',NULL,'933857c68cca02134.jpg'),(406,'夹克',0,38,0,'','','',NULL,'787857c68cca0fe5d.jpg'),(407,'风衣',0,38,0,'','','',NULL,'2740557c68cca22fbe.jpg'),(408,'单西',0,38,0,'','','',NULL,'1923857c68cca34821.jpg'),(409,'真皮皮衣',0,38,0,'','','',NULL,'1452757c68cca436b3.jpg'),(410,'西服套装',0,38,0,'','','',NULL,'2873457c68cca5027d.jpg'),(411,'棉服',0,38,0,'','','',NULL,'283157c68cca5c8c6.jpg'),(412,'羽绒服',0,38,0,'','','',NULL,'2870157c68cca68e1f.jpg'),(413,'毛呢大衣',0,38,0,'','','',NULL,'2972957c68cca751ab.jpg'),(414,'马甲',0,38,0,'','','',NULL,'499257c68cca81597.jpg'),(415,'牛仔裤',0,39,0,'','','',NULL,'929957c68cca8f36b.jpg'),(416,'休闲裤',0,39,0,'','','',NULL,'447157c68ccaa4160.jpg'),(417,'工装裤',0,39,0,'','','',NULL,'2607857c68ccab1f25.jpg'),(418,'西裤',0,39,0,'','','',NULL,'2588757c68ccac3d46.jpg'),(419,'运动裤',0,39,0,'','','',NULL,'1693857c68ccad36b3.jpg'),(420,'阔腿裤',0,39,0,'','','',NULL,'2715457c68ccadff18.jpg'),(421,'加绒裤',0,39,0,'','','',NULL,'177657c68ccaecbe1.jpg'),(422,'棉裤',0,39,0,'','','',NULL,'1574757c68ccb051b8.jpg'),(423,'皮裤',0,39,0,'','','',NULL,'2084957c68ccb131d7.jpg'),(424,'大码男装',0,40,0,'','','',NULL,'438957c68ccb1f8fb.jpg'),(425,'设计师/潮牌',0,40,0,'','','',NULL,'1439757c68ccb2cf89.jpg'),(426,'中老年男装',0,40,0,'','','',NULL,'1799157c68ccb38f11.jpg'),(427,'唐装/中山装',0,40,0,'','','',NULL,'1239057c68ccb45809.jpg'),(428,'工装',0,40,0,'','','',NULL,'685757c68ccb5232b.png'),(429,'沙滩裤',0,40,0,'','','',NULL,'2894357c68ccb5e6dc.jpg'),(430,'皮裤',0,40,0,'','','',NULL,'1609557c68ccb6ac3d.jpg'),(431,'棒球衫',0,40,0,'','','',NULL,'2885857c68ccb773c1.jpg'),(432,'印花卫衣',0,40,0,'','','',NULL,'863257c68ccb84ecb.jpg'),(460,'卸妆',0,42,0,'','','',NULL,'2059057c68ccd23f36.jpg'),(461,'洁面',0,42,0,'','','',NULL,'382957c68ccd32069.jpg'),(462,'爽肤水',0,42,0,'','','',NULL,'683057c68ccd4033d.jpg'),(463,'乳液面霜',0,42,0,'','','',NULL,'2630957c68ccd4ddff.jpg'),(464,'精华',0,42,0,'','','',NULL,'951657c68ccd5af06.jpg'),(465,'眼霜',0,42,0,'','','',NULL,'2883557c68ccd67da0.jpg'),(466,'防晒',0,42,0,'','','',NULL,'2820057c68ccd76c29.jpg'),(467,'面膜',0,42,0,'','','',NULL,'1485657c68ccd83af0.jpg'),(468,'剃须',0,42,0,'','','',NULL,'731057c68ccd91177.jpg'),(469,'套装',0,42,0,'','','',NULL,'1030057c68ccd9ea87.jpg'),(470,'沐浴',0,43,0,'','','',NULL,'675557c68ccdab647.jpg'),(471,'润肤',0,43,0,'','','',NULL,'1421357c68ccdb8352.jpg'),(472,'精油',0,43,0,'','','',NULL,'1121057c68ccdc681e.jpg'),(473,'颈部',0,43,0,'','','',NULL,'1450657c68ccdd4709.jpg'),(474,'手足',0,43,0,'','','',NULL,'1201857c68ccde14ed.jpg'),(475,'纤体塑形',0,43,0,'','','',NULL,'1013357c68ccdee6dd.jpg'),(476,'美胸',0,43,0,'','','',NULL,'2167257c68cce08171.jpg'),(477,'套装',0,43,0,'','','',NULL,'1949657c68cce1567d.jpg'),(478,'牙膏/牙粉',0,44,0,'','','',NULL,'2417657c68cce227e4.jpg'),(479,'牙刷/牙线',0,44,0,'','','',NULL,'779657c68cce30f36.jpg'),(480,'漱口水',0,44,0,'','','',NULL,'569857c68cce42efe.jpg'),(481,'套装',0,44,0,'','','',NULL,'2917757c68cce549e4.jpg'),(482,'女士香水',0,45,0,'','','',NULL,'547857c68cce621ea.jpg'),(483,'男士香水',0,45,0,'','','',NULL,'1832757c68cce6e40c.jpg'),(484,'底妆',0,45,0,'','','',NULL,'2330357c68cce7a6f7.jpg'),(485,'眉笔',0,45,0,'','','',NULL,'2568957c68cce8697f.jpg'),(486,'睫毛膏',0,45,0,'','','',NULL,'3083057c68cce931cc.jpg'),(487,'眼线',0,45,0,'','','',NULL,'3155257c68ccea0604.jpg'),(488,'眼影',0,45,0,'','','',NULL,'205457c68cceaf7ba.jpg'),(489,'唇部',0,45,0,'','','',NULL,'2731657c68ccebc917.jpg'),(490,'腮红',0,45,0,'','','',NULL,'348157c68ccec9b09.jpg'),(491,'美甲',0,45,0,'','','',NULL,'2107157c68cced6fb7.jpg'),(492,'美妆工具',0,45,0,'','','',NULL,'445857c68ccee3674.jpg'),(493,'套装',0,45,0,'','','',NULL,'1128657c68ccef19fe.jpg'),(494,'洗发',0,46,0,'','','',NULL,'539157c68ccf0b757.jpg'),(495,'护发',0,46,0,'','','',NULL,'1135557c68ccf18c29.jpg'),(496,'染发',0,46,0,'','','',NULL,'1440057c68ccf282f0.jpg'),(497,'造型',0,46,0,'','','',NULL,'150757c68ccf370b5.jpg'),(498,'假发',0,46,0,'','','',NULL,'2174957c68ccf45ce5.jpg'),(499,'套装',0,46,0,'','','',NULL,'2355357c68ccf538fd.jpg'),(500,'卫生巾',0,47,0,'','','',NULL,'2188957c68ccf6053d.jpg'),(501,'卫生护垫',0,47,0,'','','',NULL,'1504857c68ccf6cc7a.jpg'),(502,'私密护理',0,47,0,'','','',NULL,'2370057c68ccf79d3c.jpg'),(503,'脱毛膏',0,47,0,'','','',NULL,'2802857c68ccf85da1.jpg'),(504,'纸品湿巾',0,48,0,'','','',NULL,'2209257c68ccf92af3.jpg'),(505,'衣物清洁',0,48,0,'','','',NULL,'356957c68ccfa1b2c.jpg'),(506,'清洁工具',0,48,0,'','','',NULL,'69557c68ccfb0ab0.jpg'),(507,'家庭清洁',0,48,0,'','','',NULL,'1522257c68ccfbe012.jpg'),(508,'一次性用品',0,48,0,'','','',NULL,'1982757c68ccfd71ab.jpg'),(509,'驱虫用品',0,48,0,'','','',NULL,'780457c68ccfe6a04.jpg'),(510,'皮具护理',0,48,0,'','','',NULL,'904457c68cd00089b.jpg'),(511,'微鲸',0,49,0,'','','',NULL,'1795057c68cd00d428.jpg'),(512,'三星',0,49,0,'','','',NULL,'1592957c68cd01bd34.jpg'),(513,'美的',0,49,0,'','','',NULL,'593457c68cd028792.jpg'),(514,'海尔',0,49,0,'','','',NULL,'2468757c68cd036103.jpg'),(515,'飞利浦',0,49,0,'','','',NULL,'12357c68cd04461a.jpg'),(516,'西门子',0,49,0,'','','',NULL,'111457c68cd051c40.jpg'),(517,'海信',0,49,0,'','','',NULL,'163757c68cd05e8b9.jpg'),(518,'九阳',0,49,0,'','','',NULL,'2719657c68cd06ab46.jpg'),(519,'格力',0,49,0,'','','',NULL,'204857c68cd079c33.jpg'),(520,'合资品牌电视',0,50,0,'','','',NULL,'3207657c68cd087e00.jpg'),(521,'国产品牌电视',0,50,0,'','','',NULL,'2926257c68cd0a14ca.jpg'),(522,'互联网品牌电视',0,50,0,'','','',NULL,'474057c68cd0aedf3.jpg'),(523,'壁挂式空调',0,51,0,'','','',NULL,'3132857c68cd0bbdad.jpg'),(524,'柜式空调',0,51,0,'','','',NULL,'2221357c68cd0ca847.jpg'),(525,'空调配件',0,51,0,'','','',NULL,'3208857c68cd0d68fe.jpg'),(526,'滚筒洗衣机',0,52,0,'','','',NULL,'1210557c68cd0e2cff.jpg'),(527,'洗烘一体机',0,52,0,'','','',NULL,'2397257c68cd0ef687.jpg'),(528,'波轮洗衣机',0,52,0,'','','',NULL,'985357c68cd10ac79.jpg'),(529,'迷你洗衣机',0,52,0,'','','',NULL,'1200957c68cd11898b.jpg'),(530,'洗衣机配件',0,52,0,'','','',NULL,'426957c68cd1284b2.jpg'),(531,'多门冰箱',0,53,0,'','','',NULL,'2009057c68cd13af95.jpg'),(532,'对开门冰箱',0,53,0,'','','',NULL,'1208557c68cd14aaf6.jpg'),(533,'三门冰箱',0,53,0,'','','',NULL,'1339157c68cd1579c8.jpg'),(534,'双门冰箱',0,53,0,'','','',NULL,'360057c68cd165863.jpg'),(535,'冷柜/冰吧',0,53,0,'','','',NULL,'2683257c68cd174bac.jpg'),(536,'酒柜',0,53,0,'','','',NULL,'3045657c68cd183db1.jpg'),(537,'冰箱配件',0,53,0,'','','',NULL,'1176957c68cd191057.jpg'),(538,'油烟机',0,54,0,'','','',NULL,'2828157c68cd1a08f2.jpg'),(539,'燃气灶',0,54,0,'','','',NULL,'784157c68cd1b11e2.jpg'),(540,'烟灶套装',0,54,0,'','','',NULL,'476957c68cd1c019a.jpg'),(541,'消毒柜',0,54,0,'','','',NULL,'2378357c68cd1cc85f.jpg'),(542,'洗碗机',0,54,0,'','','',NULL,'1234357c68cd1d9439.jpg'),(543,'嵌入式厨电',0,54,0,'','','',NULL,'2894357c68cd1e5a88.jpg'),(544,'电热水器',0,54,0,'','','',NULL,'1910157c68cd1f1c9c.jpg'),(545,'燃气热水器',0,54,0,'','','',NULL,'1750357c68cd20b93d.jpg'),(546,'料理机',0,55,0,'','','',NULL,'2964057c68cd217d76.jpg'),(547,'豆浆机',0,55,0,'','','',NULL,'1630757c68cd226c8c.jpg'),(548,'榨汁机',0,55,0,'','','',NULL,'3198657c68cd233aed.jpg'),(549,'电饭煲',0,55,0,'','','',NULL,'509057c68cd241450.jpg'),(550,'电压力锅',0,55,0,'','','',NULL,'357757c68cd24eca5.jpg'),(551,'面包机',0,55,0,'','','',NULL,'875357c68cd25c265.jpg'),(552,'咖啡机',0,55,0,'','','',NULL,'2470457c68cd268999.jpg'),(553,'微波炉',0,55,0,'','','',NULL,'2799857c68cd27502e.jpg'),(554,'电烤箱',0,55,0,'','','',NULL,'135957c68cd28140a.jpg'),(555,'电磁炉',0,55,0,'','','',NULL,'1557c68cd28db05.jpg'),(556,'电饼铛',0,55,0,'','','',NULL,'346357c68cd29aa97.jpg'),(557,'煮蛋器',0,55,0,'','','',NULL,'2346157c68cd2a998f.jpg'),(558,'酸奶机',0,55,0,'','','',NULL,'3242257c68cd2b8bfa.jpg'),(559,'电炖锅',0,55,0,'','','',NULL,'2323957c68cd2c5b2b.jpg'),(560,'电水壶/热水瓶',0,55,0,'','','',NULL,'2852257c68cd2d2562.jpg'),(561,'多用途锅',0,55,0,'','','',NULL,'335857c68cd2def07.jpg'),(562,'果蔬解毒机',0,55,0,'','','',NULL,'2383257c68cd2ec5a9.jpg'),(563,'电烧烤炉',0,55,0,'','','',NULL,'3228257c68cd3051ef.jpg'),(564,'其它厨房电器',0,55,0,'','','',NULL,'94757c68cd318258.jpg'),(565,'养生壶/煎药壶',0,55,0,'','','',NULL,'991457c68cd32701f.jpg'),(566,'电热饭盒',0,55,0,'','','',NULL,'643257c68cd334a2e.jpg'),(567,'取暖电器',0,56,0,'','','',NULL,'272857c68cd3416d3.jpg'),(568,'电风扇',0,56,0,'','','',NULL,'264657c68cd35216f.jpg'),(569,'冷风扇',0,56,0,'','','',NULL,'1719457c68cd3636c0.jpg'),(570,'净化器',0,56,0,'','','',NULL,'486357c68cd37192e.jpg'),(571,'饮水机',0,56,0,'','','',NULL,'377457c68cd37defd.jpg'),(572,'净水器',0,56,0,'','','',NULL,'287457c68cd38caf1.jpg'),(573,'挂烫机/熨斗',0,56,0,'','','',NULL,'2926457c68cd398fb9.jpg'),(574,'吸尘器',0,56,0,'','','',NULL,'2569557c68cd3a54c5.jpg'),(575,'电话机',0,56,0,'','','',NULL,'855957c68cd3b1a6b.jpg'),(576,'插座',0,56,0,'','','',NULL,'2174957c68cd3bf6b2.jpg'),(577,'收录/音机',0,56,0,'','','',NULL,'1969957c68cd3cc49e.jpg'),(578,'清洁机',0,56,0,'','','',NULL,'3000757c68cd3dce78.jpg'),(579,'加湿器',0,56,0,'','','',NULL,'1328657c68cd3e987b.jpg'),(580,'除湿机',0,56,0,'','','',NULL,'2274457c68cd401adb.jpg'),(581,'其它生活电器',0,56,0,'','','',NULL,'2885457c68cd410ea3.jpg'),(582,'扫地机器人',0,56,0,'','','',NULL,'2251057c68cd41d5e6.jpg'),(583,'干衣机',0,56,0,'','','',NULL,'332257c68cd42a236.jpg'),(584,'生活电器配件',0,56,0,'','','',NULL,'209157c68cd436be9.jpg'),(585,'剃须刀',0,57,0,'','','',NULL,'3079557c68cd4443da.jpg'),(586,'剃/脱毛器',0,57,0,'','','',NULL,'1248357c68cd4531ed.jpg'),(587,'口腔护理',0,57,0,'','','',NULL,'896357c68cd462eb4.jpg'),(588,'电吹风',0,57,0,'','','',NULL,'581757c68cd46fb53.jpg'),(589,'美容器',0,57,0,'','','',NULL,'1738057c68cd47f5d6.jpg'),(590,'理发器',0,57,0,'','','',NULL,'1137257c68cd48f3b6.jpg'),(591,'按摩椅',0,57,0,'','','',NULL,'1841257c68cd4dda02.jpg'),(592,'按摩器',0,57,0,'','','',NULL,'1806457c68cd4ec5f1.jpg'),(593,'足浴盆',0,57,0,'','','',NULL,'970657c68cd507a9d.jpg'),(594,'血压计',0,57,0,'','','',NULL,'1894157c68cd5182da.jpg'),(595,'电子秤/厨房秤',0,57,0,'','','',NULL,'2343457c68cd525082.jpg'),(596,'血糖仪',0,57,0,'','','',NULL,'845057c68cd535193.jpg'),(597,'体温计',0,57,0,'','','',NULL,'1841857c68cd542b30.jpg'),(598,'计步器/脂肪检测仪',0,57,0,'','','',NULL,'3175657c68cd54f900.jpg'),(599,'其它健康电器',0,57,0,'','','',NULL,'3076457c68cd55ea48.jpg'),(600,'卷/直发器',0,57,0,'','','',NULL,'1662357c68cd56e55e.jpg'),(601,'家庭影院',0,58,0,'','','',NULL,'2353357c68cd57af77.jpg'),(602,'迷你音响',0,58,0,'','','',NULL,'2587557c68cd587dc0.jpg'),(603,'DVD/电视盒子',0,58,0,'','','',NULL,'1982857c68cd5974d3.jpg'),(604,'电视影音配件',0,58,0,'','','',NULL,'467957c68cd5a82eb.jpg'),(605,'进口电器',0,59,0,'','','',NULL,'2806257c68cd5b5035.jpg'),(606,'笔记本',0,60,0,'','','',NULL,'1307757c68cd5c20f7.jpg'),(607,'游戏电脑',0,60,0,'','','',NULL,'752557c68cd5ceeae.jpg'),(608,'台式机',0,60,0,'','','',NULL,'1095457c68cd5dcdd9.jpg'),(609,'游戏本',0,60,0,'','','',NULL,'2670657c68cd5e8fe7.jpg'),(610,'一体机',0,60,0,'','','',NULL,'2419757c68cd6034d8.jpg'),(611,'服务器/工作站',0,60,0,'','','',NULL,'402857c68cd60f9c6.jpg'),(612,'笔记本配件',0,60,0,'','','',NULL,'821057c68cd61ebd7.jpg'),(613,'平板电脑',0,60,0,'','','',NULL,'941957c68cd62afbc.jpg'),(614,'平板电脑配件',0,60,0,'','','',NULL,'2057957c68cd638031.jpg'),(615,'显示器',0,61,0,'','','',NULL,'2035657c68cd64434a.jpg'),(616,'组装电脑',0,61,0,'','','',NULL,'3246857c68cd65201f.jpg'),(617,'CPU',0,61,0,'','','',NULL,'498957c68cd6622ce.jpg'),(618,'SSD固态硬盘',0,61,0,'','','',NULL,'1322457c68cd66f084.jpg'),(619,'显卡',0,61,0,'','','',NULL,'995757c68cd67b099.jpg'),(620,'主板',0,61,0,'','','',NULL,'1827557c68cd687959.jpg'),(621,'硬盘',0,61,0,'','','',NULL,'2226957c68cd6943ab.jpg'),(622,'内存',0,61,0,'','','',NULL,'3018057c68cd6a2d11.jpg'),(623,'机箱',0,61,0,'','','',NULL,'338957c68cd6b10fb.jpg'),(624,'电源',0,61,0,'','','',NULL,'498157c68cd6bf187.jpg'),(625,'刻录机/光驱',0,61,0,'','','',NULL,'2527057c68cd6cd91c.jpg'),(626,'散热器',0,61,0,'','','',NULL,'1514257c68cd6dbebe.jpg'),(627,'声卡/扩展卡',0,61,0,'','','',NULL,'2341057c68cd6e83ff.jpg'),(628,'装机配件',0,61,0,'','','',NULL,'1873057c68cd7007bd.jpg'),(629,'键盘',0,62,0,'','','',NULL,'2915057c68cd70ceca.jpg'),(630,'鼠标',0,62,0,'','','',NULL,'1871657c68cd719258.jpg'),(631,'鼠标垫',0,62,0,'','','',NULL,'679057c68cd729902.jpg'),(632,'键鼠套装',0,62,0,'','','',NULL,'3258657c68cd73662f.jpg'),(633,'机械键盘',0,62,0,'','','',NULL,'2730457c68cd7462e1.jpg'),(634,'移动硬盘',0,62,0,'','','',NULL,'1164357c68cd7568f4.jpg'),(635,'U盘',0,62,0,'','','',NULL,'829957c68cd763cd1.jpg'),(636,'摄像头',0,62,0,'','','',NULL,'3041457c68cd770bc4.jpg'),(637,'手写板',0,62,0,'','','',NULL,'44357c68cd77cf9b.jpg'),(638,'硬盘盒',0,62,0,'','','',NULL,'912157c68cd7897ba.jpg'),(639,'插座',0,62,0,'','','',NULL,'2844157c68cd79651a.jpg'),(640,'线缆',0,62,0,'','','',NULL,'1987557c68cd7a4f13.jpg'),(641,'UPS电源',0,62,0,'','','',NULL,'1277257c68cd7b57fa.jpg'),(642,'电脑工具',0,62,0,'','','',NULL,'3212257c68cd7c481b.jpg'),(643,'电脑清洁',0,62,0,'','','',NULL,'252757c68cd7d1e46.jpg'),(644,'网络仪表仪器',0,62,0,'','','',NULL,'2013857c68cd7deadf.jpg'),(645,'路由器',0,63,0,'','','',NULL,'2355957c68cd7ebd07.jpg'),(646,'4G/3G上网',0,63,0,'','','',NULL,'502457c68cd8047a3.jpg'),(647,'网卡',0,63,0,'','','',NULL,'1355857c68cd814a44.jpg'),(648,'网络存储',0,63,0,'','','',NULL,'77157c68cd82112d.jpg'),(649,'网络盒子',0,63,0,'','','',NULL,'905257c68cd82ffc2.jpg'),(650,'网络配件',0,63,0,'','','',NULL,'19857c68cd83e831.jpg'),(651,'交换机',0,63,0,'','','',NULL,'2134057c68cd84b9b5.jpg'),(652,'游戏机',0,64,0,'','','',NULL,'2676357c68cd8594c1.jpg'),(653,'游戏耳机',0,64,0,'','','',NULL,'2299957c68cd866d9d.jpg'),(654,'手柄/方向盘',0,64,0,'','','',NULL,'1135057c68cd87329b.jpg'),(655,'游戏软件',0,64,0,'','','',NULL,'2223957c68cd880058.jpg'),(656,'游戏周边',0,64,0,'','','',NULL,'2909157c68cd88cbd9.jpg'),(657,'多功能一体机',0,65,0,'','','',NULL,'432857c68cd8994bc.jpg'),(658,'打印机',0,65,0,'','','',NULL,'2671357c68cd8a8ae3.jpg'),(659,'投影机',0,65,0,'','','',NULL,'3032857c68cd8b72da.jpg'),(660,'投影配件',0,65,0,'','','',NULL,'1285257c68cd8c4f56.jpg'),(661,'传真设备',0,65,0,'','','',NULL,'880557c68cd8d28ee.jpg'),(662,'验钞/点钞机',0,65,0,'','','',NULL,'988057c68cd8e1e9b.jpg'),(663,'扫描设备',0,65,0,'','','',NULL,'789957c68cd8ee1df.jpg'),(664,'复合机',0,65,0,'','','',NULL,'2404857c68cd906692.jpg'),(665,'碎纸机',0,65,0,'','','',NULL,'1786157c68cd9152d8.jpg'),(666,'考勤机',0,65,0,'','','',NULL,'230457c68cd9219ca.jpg'),(667,'收款/POS机',0,65,0,'','','',NULL,'2081257c68cd92dccb.jpg'),(668,'会议音频视频',0,65,0,'','','',NULL,'3170657c68cd93a674.jpg'),(669,'保险柜',0,65,0,'','','',NULL,'142257c68cd94a858.jpg'),(670,'装订/封装机',0,65,0,'','','',NULL,'2081157c68cd959304.jpg'),(671,'安防监控',0,65,0,'','','',NULL,'2578057c68cd9680b6.jpg'),(672,'办公家具',0,65,0,'','','',NULL,'2944857c68cd97474f.jpg'),(673,'白板',0,65,0,'','','',NULL,'1051257c68cd980bd0.jpg'),(674,'学生文具',0,66,0,'','','',NULL,'2966157c68cd98fa86.jpg'),(675,'纸类',0,66,0,'','','',NULL,'2379657c68cd99deab.jpg'),(676,'硒鼓/墨粉',0,66,0,'','','',NULL,'2167157c68cd9ab0c1.jpg'),(677,'色带',0,66,0,'','','',NULL,'2619657c68cd9b7d6b.jpg'),(678,'墨盒',0,66,0,'','','',NULL,'2097257c68cd9c5887.jpg'),(679,'办公文具',0,66,0,'','','',NULL,'1957757c68cd9d3802.jpg'),(680,'文件管理',0,66,0,'','','',NULL,'185757c68cd9e12e6.jpg'),(681,'财会用品',0,66,0,'','','',NULL,'2875257c68cd9eed64.jpg'),(682,'本册/便签',0,66,0,'','','',NULL,'2429257c68cda0905d.jpg'),(683,'计算器',0,66,0,'','','',NULL,'2971357c68cda159da.jpg'),(684,'激光笔',0,66,0,'','','',NULL,'1413957c68cda2259f.jpg'),(685,'笔类',0,66,0,'','','',NULL,'1366057c68cda2f3de.jpg'),(686,'画具画材',0,66,0,'','','',NULL,'1357857c68cda3cc3e.jpg'),(687,'刻录碟片/附件',0,66,0,'','','',NULL,'537357c68cda4a041.jpg'),(688,'1段',0,67,0,'','','',NULL,'1245057c68cda5666c.jpg'),(689,'2段',0,67,0,'','','',NULL,'2506657c68cda62eb4.jpg'),(690,'3段',0,67,0,'','','',NULL,'2390357c68cda6fc9f.jpg'),(691,'4段',0,67,0,'','','',NULL,'1056757c68cda7c6f1.jpg'),(692,'孕妈奶粉',0,67,0,'','','',NULL,'157557c68cda8960a.jpg'),(693,'特殊配方奶粉',0,67,0,'','','',NULL,'3160157c68cda975a0.jpg'),(694,'有机奶粉',0,67,0,'','','',NULL,'2016757c68cdaa3a4a.jpg'),(695,'益生菌/初乳',0,68,0,'','','',NULL,'3029457c68cdab0559.jpg'),(696,'米粉/菜粉',0,68,0,'','','',NULL,'1059957c68cdabd527.jpg'),(697,'果泥/果汁',0,68,0,'','','',NULL,'1015457c68cdaca9c3.jpg'),(698,'DHA',0,68,0,'','','',NULL,'2673057c68cdad9fe9.jpg'),(699,'宝宝零食',0,68,0,'','','',NULL,'1171157c68cdaee33e.jpg'),(700,'钙铁锌/维生素',0,68,0,'','','',NULL,'2264057c68cdb05fe4.jpg'),(701,'清火/开胃',0,68,0,'','','',NULL,'2969557c68cdb12d59.jpg'),(702,'面条/粥',0,68,0,'','','',NULL,'2748357c68cdb1f2c5.jpg'),(703,'NB',0,69,0,'','','',NULL,'419057c68cdb2ea1b.jpg'),(704,'S',0,69,0,'','','',NULL,'115357c68cdb3db5d.jpg'),(705,'M',0,69,0,'','','',NULL,'1260957c68cdb4bb5d.jpg'),(706,'L',0,69,0,'','','',NULL,'1420057c68cdb59e0a.jpg'),(707,'XL',0,69,0,'','','',NULL,'1834257c68cdb6851e.jpg'),(708,'XXL',0,69,0,'','','',NULL,'565057c68cdb792fa.jpg'),(709,'拉拉裤',0,69,0,'','','',NULL,'1423357c68cdb85ebf.jpg'),(710,'成人尿裤',0,69,0,'','','',NULL,'2036957c68cdb9222d.jpg'),(711,'婴儿湿巾',0,69,0,'','','',NULL,'2693357c68cdb9ea9a.jpg'),(712,'奶瓶奶嘴',0,70,0,'','','',NULL,'1282057c68cdbad059.jpg'),(713,'吸奶器',0,70,0,'','','',NULL,'992157c68cdbb9966.jpg'),(714,'暖奶消毒',0,70,0,'','','',NULL,'2682857c68cdbcb9bd.jpg'),(715,'辅食料理机',0,70,0,'','','',NULL,'2269957c68cdbd79d3.jpg'),(716,'牙胶安抚',0,70,0,'','','',NULL,'2572257c68cdbe708c.jpg'),(717,'食物存储',0,70,0,'','','',NULL,'3032357c68cdbf39b4.jpg'),(718,'儿童餐具',0,70,0,'','','',NULL,'237557c68cdc0c22b.jpg'),(719,'水壶/水杯',0,70,0,'','','',NULL,'3167757c68cdc18817.jpg'),(720,'围兜/防溅衣',0,70,0,'','','',NULL,'2149657c68cdc257b9.jpg'),(721,'宝宝护肤',0,71,0,'','','',NULL,'2742657c68cdc32117.jpg'),(722,'洗发沐浴',0,71,0,'','','',NULL,'3123257c68cdc3eacc.jpg'),(723,'奶瓶清洗',0,71,0,'','','',NULL,'2982957c68cdc4f7c7.jpg'),(724,'驱蚊防晒',0,71,0,'','','',NULL,'2535557c68cdc5fb90.jpg'),(725,'理发器',0,71,0,'','','',NULL,'1712957c68cdc6d001.jpg'),(726,'洗澡用具',0,71,0,'','','',NULL,'408257c68cdc7aeb3.jpg'),(727,'婴儿口腔清洁',0,71,0,'','','',NULL,'2204457c68cdc88619.jpg'),(728,'洗衣液/皂',0,71,0,'','','',NULL,'2514557c68cdc95368.jpg'),(729,'日常护理',0,71,0,'','','',NULL,'1196957c68cdca2403.jpg'),(730,'座便器',0,71,0,'','','',NULL,'422557c68cdcaf21a.jpg'),(731,'婴儿推车',0,72,0,'','','',NULL,'189957c68cdcbb774.jpg'),(732,'餐椅摇椅',0,72,0,'','','',NULL,'1423457c68cdd1cb67.jpg'),(733,'婴儿床',0,72,0,'','','',NULL,'2763857c68cdd29702.jpg'),(734,'学步车',0,72,0,'','','',NULL,'1359257c68cdd4624d.jpg'),(735,'三轮车',0,72,0,'','','',NULL,'1849457c68cdd550be.jpg'),(736,'自行车',0,72,0,'','','',NULL,'808757c68cdd670e2.jpg'),(737,'电动车',0,72,0,'','','',NULL,'457257c68cdd78356.jpg'),(738,'扭扭车',0,72,0,'','','',NULL,'462557c68cdd863bf.jpg'),(739,'滑板车',0,72,0,'','','',NULL,'322657c68cdd93325.jpg'),(740,'婴儿床垫',0,72,0,'','','',NULL,'2737857c68cdda01af.jpg'),(741,'婴儿餐椅',0,72,0,'','','',NULL,'2655857c68cddaca66.jpg'),(742,'婴儿外出服',0,73,0,'','','',NULL,'2581357c68cddb9d74.jpg'),(743,'婴儿内衣',0,73,0,'','','',NULL,'878557c68cddc6a7d.jpg'),(744,'婴儿礼盒',0,73,0,'','','',NULL,'2407157c68cddd4a18.jpg'),(745,'婴儿鞋帽袜',0,73,0,'','','',NULL,'2229557c68cdde7923.jpg'),(746,'安全防护',0,73,0,'','','',NULL,'339657c68cde00bc4.jpg'),(747,'家居床品',0,73,0,'','','',NULL,'2171557c68cde0cc90.jpg'),(748,'睡袋/抱被',0,73,0,'','','',NULL,'545757c68cde18c21.jpg'),(749,'爬行垫',0,73,0,'','','',NULL,'1997257c68cde25bd6.jpg'),(750,'妈咪包/背婴带',0,74,0,'','','',NULL,'1391157c68cde34035.jpg'),(751,'产后塑身',0,74,0,'','','',NULL,'83957c68cde4143b.jpg'),(752,'文胸/内裤',0,74,0,'','','',NULL,'491157c68cde53d56.jpg'),(753,'防辐射服',0,74,0,'','','',NULL,'972257c68cde67b29.jpg'),(754,'孕妈装',0,74,0,'','','',NULL,'2918757c68cde76664.jpg'),(755,'孕期营养',0,74,0,'','','',NULL,'2377157c68cde831f5.jpg'),(756,'孕妇护肤',0,74,0,'','','',NULL,'2327257c68cde8f5ae.jpg'),(757,'待产护理',0,74,0,'','','',NULL,'2526857c68cde9c594.jpg'),(758,'月子装',0,74,0,'','','',NULL,'1955357c68cdea85a6.jpg'),(759,'防溢乳垫',0,74,0,'','','',NULL,'1416857c68cdeb4c35.jpg'),(760,'提篮式',0,75,0,'','','',NULL,'1559757c68cdec39a7.jpg'),(761,'安全座椅',0,75,0,'','','',NULL,'2392057c68cded0cbd.jpg'),(762,'增高垫',0,75,0,'','','',NULL,'666957c68cdee035c.jpg'),(763,'自营童装',0,76,0,'','','',NULL,'1330557c68cdeee434.jpg'),(764,'套装',0,76,0,'','','',NULL,'1443157c68cdf09aee.jpg'),(765,'T恤',0,76,0,'','','',NULL,'1237957c68cdf1671a.jpg'),(766,'裤子',0,76,0,'','','',NULL,'148457c68cdf25e47.jpg'),(767,'裙子',0,76,0,'','','',NULL,'985357c68cdf32567.jpg'),(768,'凉鞋',0,76,0,'','','',NULL,'558557c68cdf3f4b1.jpg'),(769,'品牌童装',0,76,0,'','','',NULL,'3028257c68cdf4ce3d.jpg'),(770,'亲子装',0,76,0,'','','',NULL,'856157c68cdf59a02.jpg'),(771,'儿童配饰',0,76,0,'','','',NULL,'2930757c68cdf68216.jpg'),(772,'学步鞋',0,76,0,'','','',NULL,'801557c68cdf746a8.jpg'),(773,'运动鞋',0,76,0,'','','',NULL,'1297057c68cdf838e7.jpg'),(774,'皮鞋/帆布鞋',0,76,0,'','','',NULL,'3225757c68cdf91cc1.jpg'),(775,'靴子',0,76,0,'','','',NULL,'2123857c68cdfa043c.jpg'),(776,'内衣/家居服',0,76,0,'','','',NULL,'655957c68cdfad643.jpg'),(777,'礼服/演出服',0,76,0,'','','',NULL,'3013857c68cdfb9fd8.jpg'),(778,'户外/运动服',0,76,0,'','','',NULL,'386157c68cdfc7800.jpg'),(779,'书包',0,76,0,'','','',NULL,'1643357c68cdfd5447.png'),(780,'内衣',0,76,0,'','','',NULL,'2528657c68cdfe217e.png'),(781,'儿童保暖',0,76,0,'','','',NULL,'434457c68cdff0ba3.jpg'),(782,'遥控玩具',0,77,0,'','','',NULL,'2393657c68ce008ded.jpg'),(783,'益智玩具',0,77,0,'','','',NULL,'2656457c68ce017a58.jpg'),(784,'积木拼插',0,77,0,'','','',NULL,'2299157c68ce024a94.jpg'),(785,'动漫玩具',0,77,0,'','','',NULL,'2863257c68ce031050.jpg'),(786,'毛绒布艺',0,77,0,'','','',NULL,'1976257c68ce03d466.jpg'),(787,'模型玩具',0,77,0,'','','',NULL,'2737657c68ce04cd39.jpg'),(788,'健身玩具',0,77,0,'','','',NULL,'2963957c68ce05b1be.jpg'),(789,'娃娃玩具',0,77,0,'','','',NULL,'2681257c68ce06c07d.jpg'),(790,'DIY玩具',0,77,0,'','','',NULL,'3132457c68ce078a5a.jpg'),(791,'创意减压',0,77,0,'','','',NULL,'2232057c68ce08536e.jpg'),(792,'钢琴',0,77,0,'','','',NULL,'871657c68ce091aba.jpg'),(793,'电子琴',0,77,0,'','','',NULL,'668957c68ce09f0fb.jpg'),(794,'吉他/尤克里里',0,77,0,'','','',NULL,'2914157c68ce0aea35.jpg'),(795,'西洋管弦',0,77,0,'','','',NULL,'334457c68ce0bf2a8.jpg'),(796,'民族乐器',0,77,0,'','','',NULL,'2810457c68ce0d1a6a.jpg'),(797,'乐器配件',0,77,0,'','','',NULL,'1026257c68ce0ded81.jpg'),(1645,'套件',0,128,0,'','','',NULL,'2735157c68ce66a241.jpg'),(1646,'枕头',0,128,0,'','','',NULL,'2218057c68ce67bbf5.jpg'),(1647,'收纳用品',0,128,0,'','','',NULL,'2203057c68ce688f7b.jpg'),(1648,'雨伞雨具',0,128,0,'','','',NULL,'1428957c68ce6961f8.jpg'),(1649,'台灯',0,128,0,'','','',NULL,'1464357c68ce6a3a0e.jpg'),(1650,'蚊帐',0,128,0,'','','',NULL,'1151957c68ce6b0a93.jpg'),(1651,'凉席',0,128,0,'','','',NULL,'2610357c68ce6c3d3f.jpg'),(1652,'毛巾',0,129,0,'','','',NULL,'1879357c68ce6d52c2.jpg'),(1653,'被子',0,129,0,'','','',NULL,'2091357c68ce6e40dd.jpg'),(1654,'浴巾',0,129,0,'','','',NULL,'1841857c68ce6f0432.jpg'),(1655,'床垫/床褥',0,129,0,'','','',NULL,'78857c68ce7091ce.jpg'),(1656,'床单被罩',0,129,0,'','','',NULL,'2212857c68ce715343.jpg'),(1657,'毯子',0,129,0,'','','',NULL,'2938257c68ce725a76.jpg'),(1658,'抱枕靠垫',0,129,0,'','','',NULL,'1137957c68ce7324f5.jpg'),(1659,'窗帘/窗纱',0,129,0,'','','',NULL,'757357c68ce74038b.jpg'),(1660,'夏被',0,129,0,'','','',NULL,'2076857c68ce750d36.jpg'),(1661,'电热毯',0,129,0,'','','',NULL,'1570357c68ce75e1cd.jpg'),(1662,'布艺软饰',0,129,0,'','','',NULL,'2076657c68ce76d9a6.jpg'),(1663,'冬被',0,129,0,'','','',NULL,'146057c68ce77ac21.jpg'),(1664,'浴室用品',0,130,0,'','','',NULL,'2781157c68ce78a268.jpg'),(1665,'缝纫/针织用品',0,130,0,'','','',NULL,'2776257c68ce796a86.jpg'),(1666,'洗晒/熨烫',0,130,0,'','','',NULL,'1820757c68ce7a4901.jpg'),(1667,'净化除味',0,130,0,'','','',NULL,'25357c68ce7b165a.jpg'),(1668,'桌布/罩件',0,131,0,'','','',NULL,'1155057c68ce7c195c.jpg'),(1669,'地毯地垫',0,131,0,'','','',NULL,'1362857c68ce7d04a2.jpg'),(1670,'沙发垫套/椅垫',0,131,0,'','','',NULL,'2721957c68ce7e3a5a.jpg'),(1671,'相框/照片墙',0,131,0,'','','',NULL,'1892557c68ce7f12df.jpg'),(1672,'装饰字画',0,131,0,'','','',NULL,'1457457c68ce809787.jpg'),(1673,'节庆饰品',0,131,0,'','','',NULL,'2538657c68ce816bd9.jpg'),(1674,'手工/十字绣',0,131,0,'','','',NULL,'2372257c68ce823f95.jpg'),(1675,'装饰摆件',0,131,0,'','','',NULL,'1171157c68ce833765.jpg'),(1676,'保暖防护',0,131,0,'','','',NULL,'2027457c68ce844725.jpg'),(1677,'帘艺隔断',0,131,0,'','','',NULL,'114057c68ce85fa34.jpg'),(1678,'墙贴/装饰贴',0,131,0,'','','',NULL,'2068857c68ce8702b1.jpg'),(1679,'钟饰',0,131,0,'','','',NULL,'1549157c68ce8828e9.jpg'),(1680,'花瓶花艺',0,131,0,'','','',NULL,'192957c68ce88f959.jpg'),(1681,'香薰蜡烛',0,131,0,'','','',NULL,'1504757c68ce89c19a.jpg'),(1682,'创意家居',0,131,0,'','','',NULL,'2663657c68ce8ac0c5.jpg'),(1683,'节能灯',0,132,0,'','','',NULL,'1624057c68ce8bbe67.jpg'),(1684,'装饰灯',0,132,0,'','','',NULL,'1615757c68ce8d7be0.jpg'),(1685,'落地灯',0,132,0,'','','',NULL,'108357c68ce8ea2bb.jpg'),(1686,'应急灯/手电',0,132,0,'','','',NULL,'1008857c68ce903ee2.jpg'),(1687,'台灯',0,132,0,'','','',NULL,'2700357c68ce9145f2.jpg'),(1688,'LED灯',0,132,0,'','','',NULL,'2224057c68ce92aff9.jpg'),(1689,'吸顶灯',0,132,0,'','','',NULL,'422857c68ce93a56e.jpg'),(1690,'五金电器',0,132,0,'','','',NULL,'1845057c68ce948215.jpg'),(1691,'筒灯射灯',0,132,0,'','','',NULL,'3024957c68ce956c79.jpg'),(1692,'吊灯',0,132,0,'','','',NULL,'1000557c68ce963d57.jpg'),(1693,'氛围照明',0,132,0,'','','',NULL,'3031657c68ce9705dd.jpg'),(1694,'炒锅',0,133,0,'','','',NULL,'2637057c68ce97cc93.jpg'),(1695,'保温杯',0,133,0,'','','',NULL,'1091357c68ce98a01f.jpg'),(1696,'餐具套装',0,133,0,'','','',NULL,'1947557c68ce999308.jpg'),(1697,'保温壶',0,134,0,'','','',NULL,'2393757c68ce9a94f8.jpg'),(1698,'玻璃杯',0,134,0,'','','',NULL,'2249357c68ce9bb7f4.jpg'),(1699,'塑料杯',0,134,0,'','','',NULL,'2790957c68ce9c93a2.jpg'),(1700,'运动水壶',0,134,0,'','','',NULL,'1235757c68ce9db7bf.jpg'),(1701,'杯具套装',0,134,0,'','','',NULL,'2868257c68ce9e8d6b.jpg'),(1702,'陶瓷/马克杯',0,134,0,'','','',NULL,'796157c68cea02fe1.jpg'),(1703,'锅具套装',0,135,0,'','','',NULL,'2611457c68cea10aaa.jpg'),(1704,'煲类',0,135,0,'','','',NULL,'3058257c68cea1dace.jpg'),(1705,'蒸锅',0,135,0,'','','',NULL,'1056057c68cea2a689.jpg'),(1706,'煎锅',0,135,0,'','','',NULL,'2237157c68cea36ebe.jpg'),(1707,'压力锅',0,135,0,'','','',NULL,'2474257c68cea474a8.jpg'),(1708,'汤锅',0,135,0,'','','',NULL,'1210757c68cea5da23.jpg'),(1709,'奶锅',0,135,0,'','','',NULL,'2143557c68cea6cd90.jpg'),(1710,'水壶',0,135,0,'','','',NULL,'159757c68cea79958.jpg'),(1711,'火锅',0,135,0,'','','',NULL,'2366657c68cea8604d.jpg'),(1712,'保鲜盒',0,136,0,'','','',NULL,'2689757c68cea9312f.jpg'),(1713,'储物/置物架',0,136,0,'','','',NULL,'1949957c68ceaa01f0.jpg'),(1714,'厨房DIY/小工具',0,136,0,'','','',NULL,'919657c68ceaaeeac.jpg'),(1715,'烘焙/烧烤',0,136,0,'','','',NULL,'145757c68ceabea9c.jpg'),(1716,'茶杯',0,137,0,'','','',NULL,'837757c68ceacf0f2.jpg'),(1717,'茶壶',0,137,0,'','','',NULL,'2362457c68ceae26b8.jpg'),(1718,'茶盘茶托',0,137,0,'','','',NULL,'2318557c68ceaf13d4.jpg'),(1719,'茶叶罐',0,137,0,'','','',NULL,'205657c68ceb09f2f.jpg'),(1720,'茶具配件',0,137,0,'','','',NULL,'540957c68ceb194ef.jpg'),(1721,'茶宠摆件',0,137,0,'','','',NULL,'1690857c68ceb2626d.jpg'),(1722,'咖啡具',0,137,0,'','','',NULL,'1653457c68ceb32e59.jpg'),(1723,'其他',0,137,0,'','','',NULL,'2849357c68ceb40265.jpg'),(1724,'碗/碟/盘',0,138,0,'','','',NULL,'3010257c68ceb4f591.jpg'),(1725,'筷勺/刀叉',0,138,0,'','','',NULL,'1411157c68ceb6427f.jpg'),(1726,'一次性用品',0,138,0,'','','',NULL,'468357c68ceb733eb.jpg'),(1727,'果盘/果篮',0,138,0,'','','',NULL,'271657c68ceb7ff3c.jpg'),(1728,'餐具套装',0,138,0,'','','',NULL,'219857c68ceb8ccdb.jpg'),(1729,'茶具/咖啡具',0,138,0,'','','',NULL,'321957c68ceb99093.jpg'),(1730,'刀具套装',0,139,0,'','','',NULL,'1198557c68ceba5b1c.jpg'),(1731,'砧板',0,139,0,'','','',NULL,'144857c68cebb214c.jpg'),(1732,'菜刀',0,139,0,'','','',NULL,'1225057c68cebc220e.jpg'),(1733,'剪刀',0,139,0,'','','',NULL,'1198557c68cebd0be6.jpg'),(1734,'瓜果刀/刨',0,139,0,'','','',NULL,'2360857c68cebe0548.jpg'),(1735,'多功能刀',0,139,0,'','','',NULL,'1134457c68cebee4bd.jpg'),(1736,'吸顶灯',0,140,0,'','','',NULL,'2805257c68cec0846a.jpg'),(1737,'淋浴花洒',0,140,0,'','','',NULL,'968357c68cec15ede.jpg'),(1738,'马桶/智能马桶盖',0,140,0,'','','',NULL,'586057c68cec263d5.jpg'),(1739,'开关插座',0,140,0,'','','',NULL,'318757c68cec3701a.jpg'),(1740,'沙发',0,140,0,'','','',NULL,'2021357c68cec49025.jpg'),(1741,'床',0,140,0,'','','',NULL,'2600457c68cec5dde4.jpg'),(1742,'床垫',0,140,0,'','','',NULL,'2872557c68cec704e4.jpg'),(1743,'电脑椅',0,140,0,'','','',NULL,'2714057c68cec7db40.jpg'),(1744,'地板',0,140,0,'','','',NULL,'2456257c68cec8a2b2.jpg'),(1745,'淋浴花洒',0,141,0,'','','',NULL,'70957c68cec96b48.jpg'),(1746,'厨卫五金/挂件',0,141,0,'','','',NULL,'1648757c68ceca647d.jpg'),(1747,'龙头',0,141,0,'','','',NULL,'1468957c68cecb2cda.jpg'),(1748,'水槽',0,141,0,'','','',NULL,'314457c68cecbf6aa.jpg'),(1749,'净水软水',0,141,0,'','','',NULL,'813057c68cecd42b3.jpg'),(1750,'马桶',0,141,0,'','','',NULL,'1221457c68cece47ad.jpg'),(1751,'智能马桶盖',0,141,0,'','','',NULL,'508857c68cecf0c56.jpg'),(1752,'浴室柜',0,141,0,'','','',NULL,'454157c68ced0b1c8.jpg'),(1753,'橱柜',0,141,0,'','','',NULL,'966857c68ced1ab8a.jpg'),(1754,'其他配件',0,141,0,'','','',NULL,'2323857c68ced2779f.jpg'),(1755,'陶瓷件组套',0,141,0,'','','',NULL,'2321157c68ced339f1.jpg'),(1756,'淋浴房',0,141,0,'','','',NULL,'2653757c68ced410bb.jpg'),(1757,'沐浴桶',0,141,0,'','','',NULL,'776857c68ced4e7b1.jpg'),(1758,'浴缸',0,141,0,'','','',NULL,'569957c68ced6373b.jpg'),(1759,'吊灯',0,142,0,'','','',NULL,'3169557c68ced730e7.jpg'),(1760,'台灯',0,142,0,'','','',NULL,'1631057c68ced80674.jpg'),(1761,'筒灯/射灯',0,142,0,'','','',NULL,'1665657c68ced8d397.jpg'),(1762,'LED灯',0,142,0,'','','',NULL,'557257c68ced9a6f4.jpg'),(1763,'装饰灯',0,142,0,'','','',NULL,'347157c68ceda6e0b.jpg'),(1764,'节能灯',0,142,0,'','','',NULL,'99657c68cedb303a.jpg'),(1765,'手电筒/应急灯',0,142,0,'','','',NULL,'242457c68cedc2063.jpg'),(1766,'氛围照明',0,142,0,'','','',NULL,'3122257c68cedd1764.jpg'),(1767,'室外/庭院灯',0,142,0,'','','',NULL,'1331057c68cede16da.jpg'),(1768,'落地灯',0,142,0,'','','',NULL,'3016057c68cedeef80.jpg'),(1769,'锁具',0,143,0,'','','',NULL,'2695557c68cee08843.jpg'),(1770,'家用五金',0,143,0,'','','',NULL,'255057c68cee18080.jpg'),(1771,'手动工具',0,143,0,'','','',NULL,'122957c68cee240ee.jpg'),(1772,'电动工具',0,143,0,'','','',NULL,'2130157c68cee30fc3.jpg'),(1773,'测量工具',0,143,0,'','','',NULL,'2736757c68cee401cf.jpg'),(1774,'工具箱/包/车',0,143,0,'','','',NULL,'716657c68cee4e44b.jpg'),(1775,'劳防用品',0,143,0,'','','',NULL,'2390557c68cee5cd47.jpg'),(1776,'智能家居',0,144,0,'','','',NULL,'913957c68cee68e87.jpg'),(1777,'接线板/排插',0,144,0,'','','',NULL,'2252757c68cee75d6a.jpg'),(1778,'电线/电缆',0,144,0,'','','',NULL,'2899657c68cee842bc.jpg'),(1779,'配电箱/断路器',0,144,0,'','','',NULL,'2436057c68cee94629.jpg'),(1780,'开关插座',0,144,0,'','','',NULL,'507157c68ceea339f.jpg'),(1781,'电料配件',0,144,0,'','','',NULL,'1448057c68ceeb3742.jpg'),(1782,'油漆/涂料',0,145,0,'','','',NULL,'233557c68ceec2c24.jpg'),(1783,'瓷砖',0,145,0,'','','',NULL,'158257c68ceed0c13.jpg'),(1784,'地板',0,145,0,'','','',NULL,'31657c68ceee0922.jpg'),(1785,'壁纸',0,145,0,'','','',NULL,'1589457c68ceeee1a9.jpg'),(1786,'涂刷辅料/胶类',0,145,0,'','','',NULL,'1214057c68cef08790.jpg'),(1787,'木材/板材',0,145,0,'','','',NULL,'356357c68cef15c9b.jpg'),(1788,'管材管件',0,145,0,'','','',NULL,'725757c68cef2506c.jpg'),(1789,'浴霸/换气扇',0,146,0,'','','',NULL,'2841557c68cef31ca8.jpg'),(1790,'散热器',0,146,0,'','','',NULL,'1899257c68cef3edd2.jpg'),(1791,'壁炉/壁挂炉/地暖',0,146,0,'','','',NULL,'624057c68cef4d5a3.jpg'),(1792,'吊顶',0,146,0,'','','',NULL,'1714657c68cef5d3c2.jpg'),(1793,'门',0,146,0,'','','',NULL,'982457c68cef7191c.jpg'),(1794,'窗',0,146,0,'','','',NULL,'1087957c68cef7ec89.jpg'),(1795,'移门壁柜',0,146,0,'','','',NULL,'1929857c68cef8e84d.jpg'),(1796,'园艺休闲',0,146,0,'','','',NULL,'3082757c68cef9a9b6.jpg'),(1797,'安装服务',0,147,0,'','','',NULL,'1533557c68cefa9460.jpg'),(1798,'装修设计',0,147,0,'','','',NULL,'2575657c68cefb84d0.jpg'),(1799,'装修施工',0,147,0,'','','',NULL,'2258157c68cefc7fc0.jpg'),(1800,'工程监理',0,147,0,'','','',NULL,'785857c68cefdb103.jpg'),(1801,'水电改造',0,147,0,'','','',NULL,'2664157c68cefebeed.jpg'),(1802,'局部改造',0,147,0,'','','',NULL,'2953757c68cf0054fe.jpg'),(1803,'衣柜',0,148,0,'','','',NULL,'854057c68cf014488.jpg'),(1804,'床头柜',0,148,0,'','','',NULL,'2178157c68cf0235f9.jpg'),(1805,'简易衣柜',0,148,0,'','','',NULL,'1449257c68cf030efc.jpg'),(1806,'斗柜',0,148,0,'','','',NULL,'1097757c68cf03db11.jpg'),(1807,'穿衣镜 ',0,148,0,'','','',NULL,'2936057c68cf04bf7e.jpg'),(1808,'梳妆台/凳',0,148,0,'','','',NULL,'815657c68cf05a00c.jpg'),(1809,'鞋柜',0,149,0,'','','',NULL,'1056057c68cf07118d.jpg'),(1810,'沙发床',0,149,0,'','','',NULL,'1594957c68cf07f776.jpg'),(1811,'休闲椅/凳',0,149,0,'','','',NULL,'3268857c68cf08c520.jpg'),(1812,'电视柜',0,149,0,'','','',NULL,'1570457c68cf099507.jpg'),(1813,'边桌/茶几',0,149,0,'','','',NULL,'1346657c68cf0a59cd.jpg'),(1814,'屏风',0,149,0,'','','',NULL,'2382857c68cf0b2469.jpg'),(1815,'壁炉',0,149,0,'','','',NULL,'719257c68cf0c0fea.jpg'),(1816,'电脑桌',0,150,0,'','','',NULL,'1949257c68cf0d07a1.jpg'),(1817,'儿童学习桌/椅',0,150,0,'','','',NULL,'2903357c68cf0dcea4.jpg'),(1818,'书柜/书架',0,150,0,'','','',NULL,'1108657c68cf0e90fd.jpg'),(1819,'书桌',0,150,0,'','','',NULL,'2526957c68cf100e86.jpg'),(1820,'层架/置物架',0,151,0,'','','',NULL,'989957c68cf10fc80.jpg'),(1821,'储物/收纳用品',0,151,0,'','','',NULL,'409257c68cf11d702.jpg'),(1822,'墙面搁架',0,151,0,'','','',NULL,'649157c68cf12d20f.jpg'),(1823,'鞋架/衣帽架',0,151,0,'','','',NULL,'1599157c68cf13a458.jpg'),(1824,'晒衣架/烫衣板',0,152,0,'','','',NULL,'612257c68cf147faa.jpg'),(1825,'折叠床',0,152,0,'','','',NULL,'1943557c68cf15781c.jpg'),(1826,'家用梯',0,152,0,'','','',NULL,'2426357c68cf16d7dc.jpg'),(1827,'花架/装饰架',0,152,0,'','','',NULL,'250457c68cf180628.jpg'),(1828,'户外家具',0,152,0,'','','',NULL,'1983257c68cf18dce9.jpg'),(1829,'餐椅/吧台椅',0,153,0,'','','',NULL,'973457c68cf1a4428.jpg'),(1830,'餐边柜',0,153,0,'','','',NULL,'728157c68cf1b14dd.jpg'),(1831,'酒柜',0,153,0,'','','',NULL,'1436457c68cf1c0a0f.jpg'),(1832,'会议台/桌',0,154,0,'','','',NULL,'1094757c68cf1cda62.jpg'),(1833,'屏风/办公桌',0,154,0,'','','',NULL,'3137157c68cf1df9b5.jpg'),(1834,'班台/班桌',0,154,0,'','','',NULL,'2711757c68cf1ede3a.jpg'),(1835,'儿童床',0,155,0,'','','',NULL,'1581757c68cf206cff.jpg'),(1836,'儿童床垫',0,155,0,'','','',NULL,'2498857c68cf213c8c.jpg'),(1837,'儿童衣柜',0,155,0,'','','',NULL,'1833257c68cf222161.jpg'),(1838,'儿童书桌',0,155,0,'','','',NULL,'2103057c68cf235715.jpg'),(1839,'儿童椅凳',0,155,0,'','','',NULL,'1077857c68cf24a0aa.jpg'),(1840,'儿童餐椅',0,155,0,'','','',NULL,'2968657c68cf2588c2.jpg'),(1841,'儿童桌椅套装',0,155,0,'','','',NULL,'1431957c68cf26d1cf.jpg'),(1842,'儿童沙发',0,155,0,'','','',NULL,'84057c68cf28284b.jpg'),(1843,'饼干蛋糕',0,156,0,'','','',NULL,'1014257c68cf29222b.jpg'),(1844,'糖果/巧克力',0,156,0,'','','',NULL,'74657c68cf29f2dd.jpg'),(1845,'休闲零食',0,156,0,'','','',NULL,'1786457c68cf2b054f.jpg'),(1846,'冲调饮品',0,156,0,'','','',NULL,'1378957c68cf2be987.jpg'),(1847,'粮油调味',0,156,0,'','','',NULL,'2221457c68cf2cbdfc.png'),(1848,'牛奶',0,156,0,'','','',NULL,'383957c68cf2da1e8.jpg'),(1849,'苹果',0,157,0,'','','',NULL,'259657c68cf2e8126.jpg'),(1850,'橙子',0,157,0,'','','',NULL,'389457c68cf303276.jpg'),(1851,'奇异果/猕猴桃',0,157,0,'','','',NULL,'1399957c68cf312428.jpg'),(1852,'车厘子/樱桃',0,157,0,'','','',NULL,'349757c68cf31e7d8.jpg'),(1853,'芒果',0,157,0,'','','',NULL,'312757c68cf32dcde.jpg'),(1854,'蓝莓',0,157,0,'','','',NULL,'78057c68cf33b553.jpg'),(1855,'火龙果',0,157,0,'','','',NULL,'415757c68cf34bf6e.jpg'),(1856,'葡萄/提子',0,157,0,'','','',NULL,'3073557c68cf358dab.jpg'),(1857,'柚子',0,157,0,'','','',NULL,'949757c68cf365bdb.jpg'),(1858,'香蕉',0,157,0,'','','',NULL,'3082357c68cf373589.jpg'),(1859,'牛油果',0,157,0,'','','',NULL,'599357c68cf38434f.jpg'),(1860,'梨',0,157,0,'','','',NULL,'1409757c68cf392517.jpg'),(1861,'菠萝/凤梨',0,157,0,'','','',NULL,'1938957c68cf39e80c.jpg'),(1862,'桔/橘',0,157,0,'','','',NULL,'1375957c68cf3ab9b2.jpg'),(1863,'柠檬',0,157,0,'','','',NULL,'1404457c68cf3b81a8.jpg'),(1864,'草莓',0,157,0,'','','',NULL,'423457c68cf3c7d7c.jpg'),(1865,'桃/李/杏',0,157,0,'','','',NULL,'2384257c68cf3d45b1.jpg'),(1866,'更多水果',0,157,0,'','','',NULL,'2262557c68cf3e2e8f.jpg'),(1867,'水果礼盒/券',0,157,0,'','','',NULL,'1478057c68cf3f193c.jpg'),(1868,'牛肉',0,158,0,'','','',NULL,'3118657c68cf40b544.jpg'),(1869,'羊肉',0,158,0,'','','',NULL,'1351757c68cf418afd.jpg'),(1870,'猪肉',0,158,0,'','','',NULL,'2331757c68cf428a88.jpg'),(1871,'内脏类',0,158,0,'','','',NULL,'1837457c68cf4379c3.jpg'),(1872,'东北',0,159,0,'','','',NULL,'2957657c68cf4445ca.jpg'),(1873,'华北',0,159,0,'','','',NULL,'1061457c68cf451b10.jpg'),(1874,'西北',0,159,0,'','','',NULL,'2867057c68cf466c49.jpg'),(1875,'华中',0,159,0,'','','',NULL,'2652557c68cf473faa.jpg'),(1876,'华东',0,159,0,'','','',NULL,'2113457c68cf48150e.jpg'),(1877,'华南',0,159,0,'','','',NULL,'1689857c68cf490677.jpg'),(1878,'西南',0,159,0,'','','',NULL,'1273757c68cf49ed29.jpg'),(1879,'虾',0,160,0,'','','',NULL,'3158557c68cf4ad94c.jpg'),(1880,'鱼',0,160,0,'','','',NULL,'674057c68cf4bad07.jpg'),(1881,'蟹',0,160,0,'','','',NULL,'1400157c68cf4c85c6.jpg'),(1882,'贝',0,160,0,'','','',NULL,'2865057c68cf4d78e5.jpg'),(1883,'海参',0,160,0,'','','',NULL,'2752457c68cf4e6a86.jpg'),(1884,'海产干货',0,160,0,'','','',NULL,'1954657c68cf5025dc.jpg'),(1885,'海产礼盒/券',0,160,0,'','','',NULL,'476157c68cf50f378.jpg'),(1886,'大闸蟹',0,160,0,'','','',NULL,'679557c68cf51f9d3.jpg'),(1887,'鸡',0,161,0,'','','',NULL,'2965757c68cf5338e4.jpg'),(1888,'鸭',0,161,0,'','','',NULL,'2072057c68cf543c1f.jpg'),(1889,'特色禽类',0,161,0,'','','',NULL,'238757c68cf556f75.jpg'),(1890,'蛋类',0,161,0,'','','',NULL,'438957c68cf565196.jpg'),(1891,'叶菜类',0,162,0,'','','',NULL,'1815857c68cf5741a6.jpg'),(1892,'茄果瓜类',0,162,0,'','','',NULL,'2387357c68cf5836ed.jpg'),(1893,'根茎类',0,162,0,'','','',NULL,'2174857c68cf5959c9.jpg'),(1894,'鲜菌菇',0,162,0,'','','',NULL,'2273257c68cf5b04ee.jpg'),(1895,'葱姜蒜椒',0,162,0,'','','',NULL,'3164457c68cf5bf99b.jpg'),(1896,'半加工蔬菜',0,162,0,'','','',NULL,'3137557c68cf5da253.jpg'),(1897,'月饼',0,163,0,'','','',NULL,'1235057c68cf5ed282.jpg'),(1898,'休闲零食',0,163,0,'','','',NULL,'3213557c68cf60eecc.jpg'),(1899,'坚果炒货',0,163,0,'','','',NULL,'3094057c68cf61c3ea.jpg'),(1900,'肉干肉脯',0,163,0,'','','',NULL,'480057c68cf62d592.jpg'),(1901,'蜜饯果干',0,163,0,'','','',NULL,'1666457c68cf63e6bc.jpg'),(1902,'糖果/巧克力',0,163,0,'','','',NULL,'895057c68cf64bcb1.jpg'),(1903,'饼干蛋糕',0,163,0,'','','',NULL,'2146857c68cf6595d5.jpg'),(1904,'无糖食品',0,163,0,'','','',NULL,'975457c68cf666f0f.jpg'),(1905,'米面杂粮',0,164,0,'','','',NULL,'185257c68cf6795f6.jpg'),(1906,'食用油',0,164,0,'','','',NULL,'210357c68cf68680a.jpg'),(1907,'调味品',0,164,0,'','','',NULL,'2158757c68cf6943f2.jpg'),(1908,'南北干货',0,164,0,'','','',NULL,'365957c68cf6a1e5c.jpg'),(1909,'方便食品',0,164,0,'','','',NULL,'900857c68cf6b1d94.jpg'),(1910,'有机食品',0,164,0,'','','',NULL,'77757c68cf6bf913.jpg'),(1911,'月饼',0,165,0,'','','',NULL,'488157c68cf6cf0ae.jpg'),(1912,'大闸蟹',0,165,0,'','','',NULL,'2935657c68cf72e9d2.jpg'),(1913,'粽子',0,165,0,'','','',NULL,'242357c68cf742537.jpg'),(1914,'卡券',0,165,0,'','','',NULL,'1387457c68cf74f39c.jpg'),(1915,'其他特产',0,166,0,'','','',NULL,'2633057c68cf75ebae.jpg'),(1916,'新疆',0,166,0,'','','',NULL,'2093457c68cf76ddab.jpg'),(1917,'北京',0,166,0,'','','',NULL,'3021657c68cf77ad01.jpg'),(1918,'山西',0,166,0,'','','',NULL,'182357c68cf78714b.jpg'),(1919,'内蒙古',0,166,0,'','','',NULL,'498057c68cf79445d.jpg'),(1920,'福建',0,166,0,'','','',NULL,'1743057c68cf7a5a30.jpg'),(1921,'湖南',0,166,0,'','','',NULL,'1331157c68cf7b720f.jpg'),(1922,'四川',0,166,0,'','','',NULL,'583557c68cf7c448f.jpg'),(1923,'云南',0,166,0,'','','',NULL,'2841557c68cf7d0b7d.jpg'),(1924,'东北',0,166,0,'','','',NULL,'2356557c68cf7de056.jpg'),(1925,'水饺',0,167,0,'','','',NULL,'347557c68cf7eae4c.jpg'),(1926,'汤圆',0,167,0,'','','',NULL,'1686657c68cf8038f7.jpg'),(1927,'面点',0,167,0,'','','',NULL,'2906157c68cf8106cd.jpg'),(1928,'火锅丸串',0,167,0,'','','',NULL,'1826757c68cf820694.jpg'),(1929,'方便菜',0,167,0,'','','',NULL,'3079257c68cf82f048.jpg'),(1930,'奶酪/黄油',0,167,0,'','','',NULL,'2768557c68cf83e789.jpg'),(1931,'酸奶',0,168,0,'','','',NULL,'2529857c68cf8500b9.jpg'),(1932,'鲜奶',0,168,0,'','','',NULL,'548557c68cf85de5e.jpg'),(1933,'冷冻蛋糕',0,168,0,'','','',NULL,'2083757c68cf8766ed.jpg'),(1934,'冰激凌',0,168,0,'','','',NULL,'692857c68cf885c94.jpg'),(1935,'白酒',0,169,0,'','','',NULL,'679057c68cf895a53.jpg'),(1936,'洋酒',0,169,0,'','','',NULL,'1822857c68cf8a1d2d.jpg'),(1937,'葡萄酒',0,169,0,'','','',NULL,'1604157c68cf8aed6a.jpg'),(1938,'啤酒',0,169,0,'','','',NULL,'914657c68cf8bb2fd.jpg'),(1939,'黄酒/养生酒',0,169,0,'','','',NULL,'164057c68cf8c857b.jpg'),(1940,'收藏酒/陈年老酒',0,169,0,'','','',NULL,'311357c68cf8d5fb4.jpg'),(1941,'饮用水',0,170,0,'','','',NULL,'185057c68cf8e407b.jpg'),(1942,'饮料',0,170,0,'','','',NULL,'2867057c68cf8f2d22.jpg'),(1943,'牛奶乳品',0,170,0,'','','',NULL,'2738957c68cf90ce8e.jpg'),(1944,'咖啡/奶茶',0,170,0,'','','',NULL,'2062257c68cf919d78.jpg'),(1945,'冲饮谷物',0,170,0,'','','',NULL,'3094257c68cf9278ac.jpg'),(1946,'蜂蜜/柚子茶',0,170,0,'','','',NULL,'789657c68cf9364dc.jpg'),(1947,'成人奶粉',0,170,0,'','','',NULL,'469857c68cf9459a2.jpg'),(1948,'铁观音',0,171,0,'','','',NULL,'24657c68cf954f31.jpg'),(1949,'普洱',0,171,0,'','','',NULL,'1162957c68cf961d8f.jpg'),(1950,'龙井',0,171,0,'','','',NULL,'104157c68cf96f092.jpg'),(1951,'绿茶',0,171,0,'','','',NULL,'2386257c68cf97bdf3.jpg'),(1952,'红茶',0,171,0,'','','',NULL,'999157c68cf987fa4.jpg'),(1953,'乌龙茶',0,171,0,'','','',NULL,'1754357c68cf9952d8.jpg'),(1954,'花草茶',0,171,0,'','','',NULL,'1923157c68cf9a1fe9.jpg'),(1955,'花果茶',0,171,0,'','','',NULL,'2720357c68cf9afdaa.jpg'),(1956,'养生茶',0,171,0,'','','',NULL,'1727957c68cf9be4bc.jpg'),(1957,'黑茶',0,171,0,'','','',NULL,'2598657c68cf9cb4d3.jpg'),(1958,'白茶',0,171,0,'','','',NULL,'1671157c68cf9d8370.jpg'),(1959,'其它茶',0,171,0,'','','',NULL,'1836757c68cf9e51aa.jpg'),(1960,'跑步馆',0,172,0,'','','',NULL,'242157c68cf9f1281.jpg'),(1961,'体育馆',0,172,0,'','','',NULL,'759057c68cfa094ce.jpg'),(1962,'游泳馆',0,172,0,'','','',NULL,'282057c68cfa15d48.jpg'),(1963,'足球馆',0,172,0,'','','',NULL,'2541357c68cfa2243d.jpg'),(1964,'健身馆',0,172,0,'','','',NULL,'2429057c68cfa31723.jpg'),(1965,'智能馆',0,172,0,'','','',NULL,'2831757c68cfa40fbb.jpg'),(1966,'篮球馆',0,172,0,'','','',NULL,'1860457c68cfa4e760.jpg'),(1967,'骑行馆',0,172,0,'','','',NULL,'1124257c68cfa5b1f6.jpg'),(1968,'垂钓馆',0,172,0,'','','',NULL,'1801557c68cfa67cda.jpg'),(1969,'跑步鞋',0,173,0,'','','',NULL,'848557c68cfa74d22.jpg'),(1970,'休闲鞋',0,173,0,'','','',NULL,'2824157c68cfa82c1b.jpg'),(1971,'篮球鞋',0,173,0,'','','',NULL,'678957c68cfa8feb4.jpg'),(1972,'帆布鞋',0,173,0,'','','',NULL,'568057c68cfa9cbfb.jpg'),(1973,'拖鞋',0,173,0,'','','',NULL,'1229657c68cfaabb66.jpg'),(1974,'运动包',0,173,0,'','','',NULL,'2122157c68cfab8ea2.jpg'),(1975,'板鞋',0,173,0,'','','',NULL,'519857c68cfac78d9.jpg'),(1976,'足球鞋',0,173,0,'','','',NULL,'832257c68cfad6e57.jpg'),(1977,'训练鞋',0,173,0,'','','',NULL,'2439857c68cfaea62a.jpg'),(1978,'乒羽网鞋',0,173,0,'','','',NULL,'1501057c68cfb079a1.jpg'),(1979,'专项运动鞋',0,173,0,'','','',NULL,'2346757c68cfb1762a.jpg'),(1980,'T恤',0,174,0,'','','',NULL,'1252957c68cfb35131.jpg'),(1981,'套装',0,174,0,'','','',NULL,'2142557c68cfb46bf2.jpg'),(1982,'运动裤',0,174,0,'','','',NULL,'2474557c68cfb59005.jpg'),(1983,'运动配饰',0,174,0,'','','',NULL,'83857c68cfb67680.jpg'),(1984,'运动背心',0,174,0,'','','',NULL,'84557c68cfb76c55.jpg'),(1985,'夹克/风衣',0,174,0,'','','',NULL,'1595357c68cfb85f6a.jpg'),(1986,'卫衣/套头衫',0,174,0,'','','',NULL,'1738657c68cfb93828.jpg'),(1987,'健身服',0,174,0,'','','',NULL,'598757c68cfba2022.jpg'),(1988,'乒羽网服',0,174,0,'','','',NULL,'604657c68cfbb6a7d.jpg'),(1989,'户外风衣',0,175,0,'','','',NULL,'2884157c68cfbc5633.jpg'),(1990,'T恤',0,175,0,'','','',NULL,'1517157c68cfbd1ccd.jpg'),(1991,'速干衣裤',0,175,0,'','','',NULL,'2904157c68cfbde1b3.jpg'),(1992,'休闲衣裤',0,175,0,'','','',NULL,'189357c68cfbee47e.jpg'),(1993,'冲锋衣裤',0,175,0,'','','',NULL,'2784257c68cfc095c0.jpg'),(1994,'军迷服饰',0,175,0,'','','',NULL,'535657c68cfc1639d.jpg'),(1995,'溯溪鞋',0,175,0,'','','',NULL,'2710257c68cfc23528.jpg'),(1996,'沙滩/凉拖',0,175,0,'','','',NULL,'1642157c68cfc31baf.jpg'),(1997,'徒步鞋',0,175,0,'','','',NULL,'1783057c68cfc44535.jpg'),(1998,'登山鞋',0,175,0,'','','',NULL,'1768257c68cfc547f7.jpg'),(1999,'休闲鞋',0,175,0,'','','',NULL,'2360057c68cfc62345.jpg'),(2000,'越野跑鞋',0,175,0,'','','',NULL,'1821057c68cfc71484.jpg'),(2001,'抓绒衣裤',0,175,0,'','','',NULL,'2562457c68cfc865db.jpg'),(2002,'软壳衣裤',0,175,0,'','','',NULL,'2656257c68cfc93000.jpg'),(2003,'滑雪服',0,175,0,'','','',NULL,'1262657c68cfca6f38.jpg'),(2004,'羽绒服/棉服',0,175,0,'','','',NULL,'2724157c68cfcb5747.jpg'),(2005,'功能内衣',0,175,0,'','','',NULL,'89857c68cfcc4d62.jpg'),(2006,'工装鞋',0,175,0,'','','',NULL,'666557c68cfcd3b0a.jpg'),(2007,'雪地靴',0,175,0,'','','',NULL,'2564357c68cfce2b8d.jpg'),(2008,'户外袜',0,175,0,'','','',NULL,'78457c68cfcf01ef.jpg'),(2009,'帐篷/垫子',0,176,0,'','','',NULL,'3153557c68cfd0ab0d.jpg'),(2010,'户外照明',0,176,0,'','','',NULL,'2825057c68cfd17b56.jpg'),(2011,'户外仪表',0,176,0,'','','',NULL,'1342957c68cfd2445f.jpg'),(2012,'便携桌椅床',0,176,0,'','','',NULL,'1145557c68cfd32001.jpg'),(2013,'旅游用品',0,176,0,'','','',NULL,'1017057c68cfd411df.jpg'),(2014,'野餐烧烤',0,176,0,'','','',NULL,'4757c68cfd4edae.jpg'),(2015,'望远镜',0,176,0,'','','',NULL,'3169357c68cfd5cc3e.jpg'),(2016,'背包',0,176,0,'','','',NULL,'574457c68cfd6d78d.jpg'),(2017,'军迷用品',0,176,0,'','','',NULL,'224757c68cfd7c160.jpg'),(2018,'户外工具',0,176,0,'','','',NULL,'2737957c68cfd887a3.jpg'),(2019,'睡袋/吊床',0,176,0,'','','',NULL,'2279057c68cfd95c70.jpg'),(2020,'户外配饰',0,176,0,'','','',NULL,'2059457c68cfda66ce.jpg'),(2021,'登山攀岩',0,176,0,'','','',NULL,'2635257c68cfdb3335.jpg'),(2022,'滑雪装备',0,176,0,'','','',NULL,'1027257c68cfdbfaad.jpg'),(2023,'冲浪潜水',0,176,0,'','','',NULL,'966757c68cfdcc6f5.jpg'),(2024,'救援装备',0,176,0,'','','',NULL,'1528457c68cfddf24b.jpg'),(2025,'极限户外',0,176,0,'','','',NULL,'563557c68cfdeef1e.jpg'),(2026,'山地车/公路车',0,177,0,'','','',NULL,'630957c68cfe083fb.jpg'),(2027,'折叠车',0,177,0,'','','',NULL,'2720557c68cfe14e7e.jpg'),(2028,'电动车',0,177,0,'','','',NULL,'3232057c68cfe21afc.jpg'),(2029,'其他整车',0,177,0,'','','',NULL,'1009057c68cfe2f7a5.jpg'),(2030,'骑行服',0,177,0,'','','',NULL,'1575457c68cfe41380.jpg'),(2031,'骑行装备',0,177,0,'','','',NULL,'1728157c68cfe56a9d.jpg'),(2032,'平衡车',0,177,0,'','','',NULL,'845457c68cfe63569.png'),(2033,'跑步机',0,178,0,'','','',NULL,'842657c68cfe6f18c.jpg'),(2034,'健身车/动感单车',0,178,0,'','','',NULL,'2555857c68cfe7b620.jpg'),(2035,'哑铃',0,178,0,'','','',NULL,'2853457c68cfe8af36.jpg'),(2036,'仰卧板/收腹机',0,178,0,'','','',NULL,'1506757c68cfe9a59b.jpg'),(2037,'运动护具',0,178,0,'','','',NULL,'296157c68cfea786b.jpg'),(2038,'瑜伽舞蹈',0,178,0,'','','',NULL,'1835357c68cfebce31.jpg'),(2039,'武术搏击',0,178,0,'','','',NULL,'2962957c68cfeca699.jpg'),(2040,'综合训练器',0,178,0,'','','',NULL,'1964957c68cfeda549.jpg'),(2041,'其他大型器械',0,178,0,'','','',NULL,'2839357c68cfee6831.jpg'),(2042,'其他中小型器材',0,178,0,'','','',NULL,'2938257c68cfef35bb.jpg'),(2043,'甩脂机',0,178,0,'','','',NULL,'470657c68cff0fd20.png'),(2044,'踏步机',0,178,0,'','','',NULL,'1316157c68cff1bc29.png'),(2045,'羽毛球',0,179,0,'','','',NULL,'318657c68cff27f4e.jpg'),(2046,'乒乓球',0,179,0,'','','',NULL,'2301957c68cff36827.jpg'),(2047,'篮球',0,179,0,'','','',NULL,'24257c68cff512de.jpg'),(2048,'足球',0,179,0,'','','',NULL,'2098257c68cff5e532.jpg'),(2049,'网球',0,179,0,'','','',NULL,'2849557c68cff6d9a7.jpg'),(2050,'排球',0,179,0,'','','',NULL,'3226057c68cff7d487.jpg'),(2051,'高尔夫',0,179,0,'','','',NULL,'558957c68cff89d00.jpg'),(2052,'台球',0,179,0,'','','',NULL,'2304457c68cff9619c.jpg'),(2053,'棋牌麻将',0,179,0,'','','',NULL,'928057c68cffa2d15.jpg'),(2054,'轮滑滑板',0,179,0,'','','',NULL,'515657c68cffafc80.jpg'),(2055,'其他',0,179,0,'','','',NULL,'2454257c68cffbf983.jpg'),(2056,'鱼竿鱼线',0,180,0,'','','',NULL,'2173757c68cffd0e6b.jpg'),(2057,'浮漂鱼饵',0,180,0,'','','',NULL,'1172857c68cffe019b.jpg'),(2058,'钓鱼桌椅',0,180,0,'','','',NULL,'3096657c68cffec7b2.jpg'),(2059,'钓鱼配件',0,180,0,'','','',NULL,'2358557c68d00052e2.jpg'),(2060,'钓箱鱼包',0,180,0,'','','',NULL,'2105057c68d00123a0.jpg'),(2061,'其它',0,180,0,'','','',NULL,'225657c68d0020428.jpg'),(2062,'泳镜',0,181,0,'','','',NULL,'2953257c68d002d946.jpg'),(2063,'泳帽',0,181,0,'','','',NULL,'1587757c68d003fc06.jpg'),(2064,'游泳包防水包',0,181,0,'','','',NULL,'2446657c68d004ceac.jpg'),(2065,'女士泳衣',0,181,0,'','','',NULL,'2176357c68d00599aa.jpg'),(2066,'男士泳衣',0,181,0,'','','',NULL,'264557c68d0065e07.jpg'),(2067,'比基尼',0,181,0,'','','',NULL,'3215457c68d00725e7.jpg'),(2068,'其它',0,181,0,'','','',NULL,'1166257c68d007ee67.jpg'),(2069,'休闲鞋',0,182,0,'','','',NULL,'3023557c68d008ce14.jpg'),(2070,'商务休闲鞋',0,182,0,'','','',NULL,'2922057c68d009c624.jpg'),(2071,'凉鞋沙滩鞋',0,182,0,'','','',NULL,'823657c68d00ab113.jpg'),(2072,'单鞋',0,182,0,'','','',NULL,'156457c68d00b9ec9.jpg'),(2073,'休闲鞋',0,182,0,'','','',NULL,'1661257c68d00c8fa8.jpg'),(2074,'凉鞋',0,182,0,'','','',NULL,'2167957c68d00d8699.jpg'),(2075,'2016新品',0,182,0,'','','',NULL,'2844057c68d00e95c1.jpg'),(2076,'双肩包',0,182,0,'','','',NULL,'3071057c68d0101ab2.jpg'),(2077,'公文包',0,182,0,'','','',NULL,'224057c68d0110cf2.jpg'),(2078,'男士手包',0,182,0,'','','',NULL,'3101357c68d011e72c.JPG'),(2079,'拉杆箱',0,182,0,'','','',NULL,'431857c68d012e02b.jpg'),(2080,'电脑包',0,182,0,'','','',NULL,'2340157c68d0145d70.jpg'),(2081,'休闲鞋',0,183,0,'','','',NULL,'853157c68d015583b.jpg'),(2082,'商务休闲鞋',0,183,0,'','','',NULL,'381157c68d016279c.jpg'),(2083,'凉鞋/沙滩鞋',0,183,0,'','','',NULL,'1445657c68d016f3f9.jpg'),(2084,'正装鞋',0,183,0,'','','',NULL,'521157c68d017ce4f.jpg'),(2085,'帆布鞋',0,183,0,'','','',NULL,'1036757c68d018c9b0.jpg'),(2086,'乐福鞋',0,183,0,'','','',NULL,'808957c68d019aad3.jpg'),(2087,'增高鞋',0,183,0,'','','',NULL,'2429857c68d01b077e.jpg'),(2088,'板鞋',0,183,0,'','','',NULL,'1370857c68d01c8348.jpg'),(2089,'休闲户外鞋',0,183,0,'','','',NULL,'1141157c68d01d42e4.jpg'),(2090,'网面鞋',0,183,0,'','','',NULL,'2781657c68d01e35c1.jpg'),(2091,'工装鞋',0,183,0,'','','',NULL,'1513157c68d01f0d3e.jpg'),(2092,'拖鞋/人字拖',0,183,0,'','','',NULL,'2690857c68d0217738.jpg'),(2093,'男靴',0,183,0,'','','',NULL,'70357c68d02243b3.jpg'),(2094,'定制鞋',0,183,0,'','','',NULL,'1531157c68d0237228.jpg'),(2095,'功能鞋',0,183,0,'','','',NULL,'2761957c68d0246e9d.jpg'),(2096,'传统布鞋',0,183,0,'','','',NULL,'1697457c68d0254653.jpg'),(2097,'雨鞋/雨靴',0,183,0,'','','',NULL,'2503657c68d026171a.jpg'),(2098,'鞋配件',0,183,0,'','','',NULL,'2227957c68d026ef80.jpg'),(2099,'ECCO',0,183,0,'','','',NULL,'214957c68d027bb01.jpg'),(2100,'Clarks',0,183,0,'','','',NULL,'2369157c68d028a0ca.jpg'),(2101,'骆驼',0,183,0,'','','',NULL,'538557c68d0296d92.jpg'),(2102,'奥康',0,183,0,'','','',NULL,'1732357c68d02a37c0.jpg'),(2103,'意尔康',0,183,0,'','','',NULL,'271957c68d02afdab.jpg'),(2104,'红蜻蜓',0,183,0,'','','',NULL,'2756257c68d02bc1fa.jpg'),(2105,'尖头单鞋',0,184,0,'','','',NULL,'2343357c68d02c90ea.jpg'),(2106,'鱼嘴单鞋',0,184,0,'','','',NULL,'2991657c68d02d779c.jpg'),(2107,'圆头单鞋',0,184,0,'','','',NULL,'1849557c68d02e4117.jpg'),(2108,'粗跟单鞋',0,184,0,'','','',NULL,'855857c68d02f0983.jpg'),(2109,'深口单鞋',0,184,0,'','','',NULL,'1831557c68d03094e6.jpg'),(2110,'中跟单鞋',0,184,0,'','','',NULL,'3203657c68d0317a70.jpg'),(2111,'坡跟单鞋',0,184,0,'','','',NULL,'2808857c68d0327230.jpg'),(2112,'高跟鞋',0,184,0,'','','',NULL,'315257c68d0336d00.jpg'),(2113,'休闲鞋',0,184,0,'','','',NULL,'1285857c68d0352bef.jpg'),(2114,'凉鞋',0,184,0,'','','',NULL,'85757c68d03618e1.jpg'),(2115,'帆布鞋',0,184,0,'','','',NULL,'1218257c68d0370ff7.jpg'),(2116,'拖鞋/人字拖',0,184,0,'','','',NULL,'2137557c68d037ec90.jpg'),(2117,'防水台',0,184,0,'','','',NULL,'603957c68d038b9f0.jpg'),(2118,'内增高',0,184,0,'','','',NULL,'3245357c68d0398d28.jpg'),(2119,'乐福鞋',0,184,0,'','','',NULL,'974257c68d03a5cec.jpg'),(2120,'松糕鞋',0,184,0,'','','',NULL,'2973457c68d03b40bd.jpg'),(2121,'厚底鞋',0,184,0,'','','',NULL,'2833957c68d03c2a22.jpg'),(2122,'短靴',0,184,0,'','','',NULL,'3238757c68d03cf3df.jpg'),(2123,'妈妈鞋',0,184,0,'','','',NULL,'175457c68d03dc1eb.jpg'),(2124,'长靴',0,184,0,'','','',NULL,'2558157c68d03e8c9b.jpg'),(2125,'大码鞋',0,184,0,'','','',NULL,'2102557c68d0403ebc.jpg'),(2126,'布鞋/绣花鞋',0,184,0,'','','',NULL,'4457c68d04115f1.jpg'),(2127,'踝靴',0,184,0,'','','',NULL,'1261257c68d041fea4.jpg'),(2128,'马丁靴',0,184,0,'','','',NULL,'1555457c68d042ede2.jpg'),(2129,'婚鞋',0,184,0,'','','',NULL,'324357c68d043df0c.jpg'),(2130,'流苏靴',0,184,0,'','','',NULL,'658057c68d044edcf.jpg'),(2131,'蛋卷鞋',0,184,0,'','','',NULL,'1651257c68d045e431.jpg'),(2132,'雪地靴',0,184,0,'','','',NULL,'2197757c68d046b708.jpg'),(2133,'工作鞋',0,184,0,'','','',NULL,'2413257c68d04798a7.jpg'),(2134,'护士鞋',0,184,0,'','','',NULL,'3137457c68d0487eda.jpg'),(2135,'孕妇鞋',0,184,0,'','','',NULL,'620657c68d049aa49.jpg'),(2136,'舞蹈鞋',0,184,0,'','','',NULL,'2814557c68d04af826.jpg'),(2137,'鞋配件',0,184,0,'','','',NULL,'339057c68d04bd9a5.jpg'),(2138,'雨鞋/雨靴',0,184,0,'','','',NULL,'207157c68d04cbc4b.jpg'),(2139,'鞋垫',0,184,0,'','','',NULL,'806457c68d04df57f.jpg'),(2140,'玖熙',0,184,0,'','','',NULL,'1916257c68d04ec8d7.jpg'),(2141,'斯凯奇',0,184,0,'','','',NULL,'607757c68d0507f23.jpg'),(2142,'百丽',0,184,0,'','','',NULL,'644957c68d0ab12b1.jpg'),(2143,'CharlesKeith',0,184,0,'','','',NULL,'759357c68d0accd5c.jpg'),(2144,'单肩包',0,185,0,'','','',NULL,'2923657c68d0ad9cf7.jpg'),(2145,'手提包',0,185,0,'','','',NULL,'650857c68d0ae96ed.jpg'),(2146,'斜挎包',0,185,0,'','','',NULL,'542257c68d0b02f1f.jpg'),(2147,'帆布包',0,185,0,'','','',NULL,'2811957c68d0b10a7a.jpg'),(2148,'子母包',0,185,0,'','','',NULL,'2444157c68d0b1eed7.jpg'),(2149,'杀手包',0,185,0,'','','',NULL,'1470257c68d0b2e52f.jpg'),(2150,'贝壳包',0,185,0,'','','',NULL,'3121757c68d0b3b83c.jpg'),(2151,'水桶包',0,185,0,'','','',NULL,'3185957c68d0b4b5b4.jpg'),(2152,'复古包',0,185,0,'','','',NULL,'2335857c68d0b5b72f.jpg'),(2153,'链条包',0,185,0,'','','',NULL,'1346457c68d0b68903.jpg'),(2154,'菱格包',0,185,0,'','','',NULL,'340757c68d0b74c6d.jpg'),(2155,'趣味包',0,185,0,'','','',NULL,'1715957c68d0b97324.jpg'),(2156,'小方包',0,185,0,'','','',NULL,'2245357c68d0ba4ea8.jpg'),(2157,'手拿包/晚宴包',0,185,0,'','','',NULL,'2249357c68d0bb424c.jpg'),(2158,'钱包',0,185,0,'','','',NULL,'1580357c68d0bc106a.jpg'),(2159,'ELLE',0,185,0,'','','',NULL,'1390357c68d0bcf1c7.jpg'),(2160,'why',0,185,0,'','','',NULL,'3032757c68d0bdf52b.jpg'),(2161,'VH',0,185,0,'','','',NULL,'3252157c68d0beff55.jpg'),(2162,'DISSONA',0,185,0,'','','',NULL,'3024357c68d0c0ba60.jpg'),(2163,'FION',0,185,0,'','','',NULL,'2318657c68d0c1c82f.jpg'),(2164,'KIPLING',0,185,0,'','','',NULL,'704057c68d0c2e939.jpg'),(2165,'公文包',0,186,0,'','','',NULL,'2757157c68d0c3e191.jpg'),(2166,'商务男包',0,186,0,'','','',NULL,'2690157c68d0c543ce.jpg'),(2167,'单肩包',0,186,0,'','','',NULL,'2923457c68d0c67637.jpg'),(2168,'手提包',0,186,0,'','','',NULL,'1266757c68d0c76244.jpg'),(2169,'双肩包',0,186,0,'','','',NULL,'215657c68d0c8d60e.jpg'),(2170,'长款钱包',0,186,0,'','','',NULL,'592657c68d0c9d151.jpg'),(2171,'日字包',0,186,0,'','','',NULL,'3136357c68d0cb74b0.jpg'),(2172,'男士手包',0,186,0,'','','',NULL,'83357c68d0cc5d5b.jpg'),(2173,'男士腰带',0,186,0,'','','',NULL,'2770957c68d0cd4691.jpg'),(2174,'休闲男包',0,186,0,'','','',NULL,'526857c68d0cea984.jpg'),(2175,'男士零钱包',0,186,0,'','','',NULL,'2735357c68d0d04f45.jpg'),(2176,'短款钱包',0,186,0,'','','',NULL,'2012457c68d0d146c5.jpg'),(2177,'邮差包',0,186,0,'','','',NULL,'1288157c68d0d22a14.jpg'),(2178,'帆布包',0,186,0,'','','',NULL,'2103457c68d0d30624.jpg'),(2179,'男士腰包',0,186,0,'','','',NULL,'2710957c68d0d42f53.jpg'),(2180,'男士胸包',0,186,0,'','','',NULL,'2977657c68d0d554bf.jpg'),(2181,'信封包',0,186,0,'','','',NULL,'3121457c68d0d69d3e.jpg'),(2182,'男士收纳包',0,186,0,'','','',NULL,'2800457c68d0d790e1.jpg'),(2183,'名片夹',0,186,0,'','','',NULL,'2796957c68d0d86870.jpg'),(2184,'钥匙包',0,186,0,'','','',NULL,'2697257c68d0d93267.jpg'),(2185,'钥匙扣',0,186,0,'','','',NULL,'887457c68d0da02a6.jpg'),(2186,'TUMI',0,186,0,'','','',NULL,'1941257c68d0daec71.jpg'),(2187,'皮尔卡丹',0,186,0,'','','',NULL,'3053757c68d0dc14c1.jpg'),(2188,'沙驰',0,186,0,'','','',NULL,'1983757c68d0dd11e7.jpg'),(2189,'金利来',0,186,0,'','','',NULL,'636357c68d0ddf7b0.jpg'),(2190,'稻草人',0,186,0,'','','',NULL,'147657c68d0deee5a.jpg'),(2191,'七匹狼',0,186,0,'','','',NULL,'2641357c68d0e07852.jpg'),(2192,'登机箱',0,187,0,'','','',NULL,'1918857c68d0e13e0f.jpg'),(2193,'女士拉杆箱',0,187,0,'','','',NULL,'1799957c68d0e24a33.jpg'),(2194,'万向轮拉杆箱',0,187,0,'','','',NULL,'2562957c68d0e3465e.jpg'),(2195,'儿童拉杆箱',0,187,0,'','','',NULL,'390857c68d0e41036.jpg'),(2196,'铝框拉杆箱',0,187,0,'','','',NULL,'909757c68d0e512f4.jpg'),(2197,'拉杆包',0,187,0,'','','',NULL,'3154957c68d0e5f0dc.jpg'),(2198,'双肩电脑包',0,187,0,'','','',NULL,'3008857c68d0e6b957.jpg'),(2199,'手提电脑包',0,187,0,'','','',NULL,'144357c68d0e77d62.jpg'),(2200,'旅行包',0,187,0,'','','',NULL,'379257c68d0e84726.jpg'),(2201,'双肩包',0,187,0,'','','',NULL,'2546857c68d0e91ff6.jpg'),(2202,'登山包',0,187,0,'','','',NULL,'3246657c68d0e9f5f4.jpg'),(2203,'相机包',0,187,0,'','','',NULL,'2532757c68d0eafaf8.jpg'),(2204,'幼儿书包',0,187,0,'','','',NULL,'1988357c68d0ebdc50.jpg'),(2205,'学生书包',0,187,0,'','','',NULL,'2353957c68d0ecb285.jpg'),(2206,'腰包/胸包',0,187,0,'','','',NULL,'1909357c68d0ed9597.jpg'),(2207,'洗漱包',0,187,0,'','','',NULL,'2545557c68d0ee6ce7.jpg'),(2208,'箱套',0,187,0,'','','',NULL,'590457c68d0ef338b.jpg'),(2209,'妈咪包',0,187,0,'','','',NULL,'1544157c68d0f0bbbf.jpg'),(2210,'新秀丽',0,187,0,'','','',NULL,'718957c68d0f18c37.jpg'),(2211,'美旅',0,187,0,'','','',NULL,'778157c68d0f25526.jpg'),(2212,'法国大使',0,187,0,'','','',NULL,'1690857c68d0f31e18.jpg'),(2213,'GUESS',0,187,0,'','','',NULL,'2687857c68d0f3eac0.jpg'),(2214,'COACH',0,188,0,'','','',NULL,'1879257c68d0f4c7d2.jpg'),(2215,'MK',0,188,0,'','','',NULL,'1833557c68d0f5c4e2.jpg'),(2216,'施华洛世奇',0,188,0,'','','',NULL,'2074457c68d0f6c057.jpg'),(2217,'GUCCI',0,188,0,'','','',NULL,'1672157c68d0f794ec.jpg'),(2218,'Ray-Ban',0,188,0,'','','',NULL,'1660257c68d0f8615c.jpg'),(2219,'Burberry',0,188,0,'','','',NULL,'1210557c68d0f9b332.jpg'),(2220,'BALLY',0,188,0,'','','',NULL,'1697257c68d0fa8022.jpg'),(2221,'Victoria\'s Secret',0,188,0,'','','',NULL,'1587557c68d0fb46d2.jpg'),(2222,'ARMANI-JEANS',0,188,0,'','','',NULL,'3214357c68d0fc100d.jpg'),(2223,'BV',0,188,0,'','','',NULL,'2970157c68d0fce0b4.jpg'),(2224,'DIOR',0,188,0,'','','',NULL,'1888157c68d0fde9d6.jpg'),(2225,'Ferragamo',0,188,0,'','','',NULL,'2147557c68d0fed231.jpg'),(2226,'HUGO-BOSS',0,188,0,'','','',NULL,'1213857c68d100549c.jpg'),(2227,'Lapalette',0,188,0,'','','',NULL,'697457c68d10121ac.jpg'),(2228,'MCM',0,188,0,'','','',NULL,'2252357c68d101f3fd.jpg'),(2229,'MontBlanc',0,188,0,'','','',NULL,'2836457c68d102c272.jpg'),(2230,'PRADA',0,188,0,'','','',NULL,'670257c68d103ab2c.jpg'),(2231,'Rimowa',0,188,0,'','','',NULL,'95257c68d104c3c2.jpg'),(2232,'Tod\'s',0,188,0,'','','',NULL,'472657c68d105a656.jpg'),(2233,'Tory burch',0,188,0,'','','',NULL,'635657c68d106a380.jpg'),(2234,'OAKLEY',0,188,0,'','','',NULL,'2864357c68d107808a.jpg'),(2235,'PANDORA',0,188,0,'','','',NULL,'2622057c68d108628f.jpg'),(2236,'路易十三',0,188,0,'','','',NULL,'848057c68d1092c82.jpg'),(2237,'fendi',0,188,0,'','','',NULL,'864757c68d109f20a.jpg'),(2238,'Miumiu',0,188,0,'','','',NULL,'1087657c68d10abef1.jpg'),(2239,'j.estina',0,188,0,'','','',NULL,'2293257c68d10b854d.jpg'),(2240,'DOLCE&GABBANA',0,188,0,'','','',NULL,'2997657c68d10c4946.jpg'),(2241,'范思哲',0,188,0,'','','',NULL,'2325257c68d10d0f9a.jpg'),(2242,'芙拉',0,188,0,'','','',NULL,'1042257c68d10dd940.jpg'),(2243,'华伦天奴',0,188,0,'','','',NULL,'256257c68d10f1ff1.jpg'),(2244,'箱包',0,189,0,'','','',NULL,'2783057c68d110d1c9.jpg'),(2245,'钱包',0,189,0,'','','',NULL,'1498157c68d111dbf3.jpg'),(2246,'服饰',0,189,0,'','','',NULL,'467557c68d112a043.jpg'),(2247,'腰带',0,189,0,'','','',NULL,'786157c68d1136635.jpg'),(2248,'太阳镜/眼镜框',0,189,0,'','','',NULL,'3092357c68d1142a36.jpg'),(2249,'配件',0,189,0,'','','',NULL,'3198957c68d1152481.jpg'),(2250,'鞋靴',0,189,0,'','','',NULL,'1821657c68d1163048.jpg'),(2251,'饰品',0,189,0,'','','',NULL,'3140657c68d1177243.jpg'),(2252,'名品腕表',0,189,0,'','','',NULL,'1002657c68d118469c.jpg'),(2253,'高档化妆品',0,189,0,'','','',NULL,'518157c68d1193ed0.jpg'),(2254,'火机烟具',0,190,0,'','','',NULL,'2416457c68d11a06e2.jpg'),(2255,'收藏品',0,190,0,'','','',NULL,'2073657c68d11ad1fa.jpg'),(2256,'古董文玩',0,190,0,'','','',NULL,'1392757c68d11bc423.jpg'),(2257,'创意礼品',0,190,0,'','','',NULL,'3204757c68d11cc318.jpg'),(2258,'鲜花',0,190,0,'','','',NULL,'3067457c68d11dc76b.jpg'),(2259,'工艺礼品',0,190,0,'','','',NULL,'1616757c68d11e97c9.jpg'),(2260,'礼盒礼券',0,190,0,'','','',NULL,'585457c68d12045d7.jpg'),(2261,'美妆礼品',0,190,0,'','','',NULL,'1952757c68d1210c5f.jpg'),(2262,'军刀军具',0,190,0,'','','',NULL,'2593657c68d121d17f.jpg'),(2263,'礼品文具',0,190,0,'','','',NULL,'2498657c68d122a6af.jpg'),(2264,'礼品定制',0,190,0,'','','',NULL,'3199157c68d12375dd.jpg'),(2265,'京东福卡',0,190,0,'','','',NULL,'175857c68d1243cf7.jpg'),(2266,'婚庆',0,190,0,'','','',NULL,'2844957c68d1258dca.jpg'),(2267,'绿植',0,190,0,'','','',NULL,'579657c68d1266b6b.jpg'),(2268,'家庭鲜花',0,190,0,'','','',NULL,'2679357c68d1275022.jpg'),(2269,'项链',0,191,0,'','','',NULL,'732957c68d128330f.jpg'),(2270,'手链/脚链',0,191,0,'','','',NULL,'1422457c68d1290a95.jpg'),(2271,'时尚戒指',0,191,0,'','','',NULL,'2545557c68d129f492.jpg'),(2272,'耳饰',0,191,0,'','','',NULL,'1798157c68d12aee57.jpg'),(2273,'发饰/发卡',0,191,0,'','','',NULL,'544257c68d12bbe4f.jpg'),(2274,'胸针',0,191,0,'','','',NULL,'47057c68d12c8cd8.jpg'),(2275,'婚庆饰品',0,191,0,'','','',NULL,'1213057c68d12d6579.jpg'),(2276,'饰品配件',0,191,0,'','','',NULL,'315757c68d12e671e.jpg'),(2277,'韩国饰品馆',0,191,0,'','','',NULL,'1802957c68d13031ca.jpg'),(2278,'瑞表',0,192,0,'','','',NULL,'2463857c68d130f925.jpg'),(2279,'国表',0,192,0,'','','',NULL,'1886057c68d131ca88.jpg'),(2280,'日韩表',0,192,0,'','','',NULL,'3153257c68d1329b72.jpg'),(2281,'儿童手表',0,192,0,'','','',NULL,'972657c68d133b0ac.jpg'),(2282,'欧美表',0,192,0,'','','',NULL,'346357c68d1348459.jpg'),(2283,'智能手表',0,192,0,'','','',NULL,'2793757c68d1357e49.jpg'),(2284,'座钟挂钟',0,192,0,'','','',NULL,'2486357c68d1366440.jpg'),(2285,'德表',0,192,0,'','','',NULL,'318557c68d13729f0.jpg'),(2286,'闹钟',0,192,0,'','','',NULL,'3009057c68d137eada.jpg'),(2287,'钟表配件',0,192,0,'','','',NULL,'1389457c68d138bba9.jpg'),(2288,'黄金吊坠',0,193,0,'','','',NULL,'215757c68d139a16f.jpg'),(2289,'黄金手镯/手链/脚链',0,193,0,'','','',NULL,'3164157c68d13affd2.jpg'),(2290,'黄金项链',0,193,0,'','','',NULL,'1257357c68d13bdd28.jpg'),(2291,'纯金K金戒指',0,193,0,'','','',NULL,'1629557c68d13cc5bd.jpg'),(2292,'黄金转运珠',0,193,0,'','','',NULL,'1285957c68d13d9a93.jpg'),(2293,'黄金耳饰',0,193,0,'','','',NULL,'1576557c68d13e7080.jpg'),(2294,'银吊坠/项链',0,194,0,'','','',NULL,'3103057c68d1400832.jpg'),(2295,'银手镯/手链/脚链',0,194,0,'','','',NULL,'2264157c68d140ddb2.jpg'),(2296,'银戒指',0,194,0,'','','',NULL,'1711557c68d141b197.jpg'),(2297,'宝宝银饰',0,194,0,'','','',NULL,'2867357c68d142755b.jpg'),(2298,'足银手镯',0,194,0,'','','',NULL,'2184457c68d1437854.jpg'),(2299,'小叶紫檀',0,195,0,'','','',NULL,'236457c68d14451a4.jpg'),(2300,'黄花梨',0,195,0,'','','',NULL,'84557c68d1452439.jpg'),(2301,'沉香木',0,195,0,'','','',NULL,'2032957c68d1462fdd.jpg'),(2302,'金丝楠',0,195,0,'','','',NULL,'233057c68d14712a0.jpg'),(2303,'菩提',0,195,0,'','','',NULL,'2333757c68d147defa.jpg'),(2304,'其他',0,195,0,'','','',NULL,'717457c68d148b36d.jpg'),(2305,'橄榄核/核桃',0,195,0,'','','',NULL,'2227557c68d1497e22.jpg'),(2306,'檀香',0,195,0,'','','',NULL,'134157c68d14a4907.jpg'),(2307,'项链/吊坠',0,196,0,'','','',NULL,'542157c68d14b36d5.jpg'),(2308,'手镯/手串',0,196,0,'','','',NULL,'1150557c68d14c068d.jpg'),(2309,'翡翠玉石戒指',0,196,0,'','','',NULL,'220557c68d14cd222.jpg'),(2310,'耳饰',0,196,0,'','','',NULL,'2448157c68d14dc9ce.jpg'),(2311,'挂件/摆件/把件',0,196,0,'','','',NULL,'2551657c68d14ec1e3.jpg'),(2312,'玉石孤品',0,196,0,'','','',NULL,'990857c68d15074b6.jpg'),(2313,'缅甸珠宝馆',0,196,0,'','','',NULL,'2888457c68d1517853.jpg'),(2314,'项链/吊坠',0,197,0,'','','',NULL,'582357c68d1524654.jpg'),(2315,'耳饰',0,197,0,'','','',NULL,'775457c68d153077b.jpg'),(2316,'手镯/手链/脚链',0,197,0,'','','',NULL,'1874057c68d153d165.jpg'),(2317,'水晶玛瑙戒指',0,197,0,'','','',NULL,'1523957c68d154cbeb.jpg'),(2318,'头饰/胸针',0,197,0,'','','',NULL,'929057c68d155b886.jpg'),(2319,'摆件/挂件',0,197,0,'','','',NULL,'819057c68d156ac31.jpg'),(2320,'尼日利亚珠宝馆',0,197,0,'','','',NULL,'2748357c68d1579883.jpg'),(2321,'裸钻',0,198,0,'','','',NULL,'2778757c68d1589241.jpg'),(2322,'钻石戒指',0,198,0,'','','',NULL,'897857c68d1595db9.jpg'),(2323,'钻石项链/吊坠',0,198,0,'','','',NULL,'2596057c68d15a29b5.jpg'),(2324,'钻石耳饰',0,198,0,'','','',NULL,'2869757c68d15af418.jpg'),(2325,'钻石手镯/手链',0,198,0,'','','',NULL,'425657c68d15bc0ad.jpg'),(2326,'以色列珠宝馆',0,198,0,'','','',NULL,'311257c68d15c9175.jpg'),(2327,'珍珠项链',0,199,0,'','','',NULL,'2595657c68d15d59b8.jpg'),(2328,'珍珠吊坠',0,199,0,'','','',NULL,'324057c68d15e2e39.jpg'),(2329,'珍珠耳饰',0,199,0,'','','',NULL,'3139657c68d15f04d6.jpg'),(2330,'珍珠手链',0,199,0,'','','',NULL,'2029157c68d16092cf.jpg'),(2331,'珍珠戒指',0,199,0,'','','',NULL,'2249557c68d16191cd.jpg'),(2332,'珍珠胸针',0,199,0,'','','',NULL,'1742957c68d1626617.jpg'),(2333,'大溪地珍珠馆',0,199,0,'','','',NULL,'2483957c68d163498f.jpg'),(2334,'项链/吊坠',0,200,0,'','','',NULL,'1904257c68d1648185.jpg'),(2335,'耳饰',0,200,0,'','','',NULL,'2429757c68d165632f.jpg'),(2336,'手镯/手链',0,200,0,'','','',NULL,'1535657c68d166414d.jpg'),(2337,'彩宝戒指',0,200,0,'','','',NULL,'2854357c68d1674739.jpg'),(2338,'俄罗斯珠宝馆',0,200,0,'','','',NULL,'2577957c68d16cd477.jpg'),(2339,'K金吊坠',0,201,0,'','','',NULL,'1793257c68d16dcc01.jpg'),(2340,'K金项链',0,201,0,'','','',NULL,'2011557c68d16ebdfd.jpg'),(2341,'K金手镯/手链/脚链',0,201,0,'','','',NULL,'844557c68d170973e.jpg'),(2342,'K金戒指',0,201,0,'','','',NULL,'2066057c68d171da21.jpg'),(2343,'K金耳饰',0,201,0,'','','',NULL,'1942057c68d1730105.jpg'),(2344,'铂金项链/吊坠',0,202,0,'','','',NULL,'3223357c68d173d989.jpg'),(2345,'铂金手镯/手链/脚链',0,202,0,'','','',NULL,'3017557c68d174d408.jpg'),(2346,'铂金戒指',0,202,0,'','','',NULL,'1474457c68d1759f50.jpg'),(2347,'铂金耳饰',0,202,0,'','','',NULL,'1070457c68d176966f.jpg'),(2348,'投资金',0,203,0,'','','',NULL,'1137657c68d1778fd2.jpg'),(2349,'投资银',0,203,0,'','','',NULL,'2314357c68d1789faa.jpg'),(2350,'投资收藏',0,203,0,'','','',NULL,'2455657c68d1799e59.jpg'),(2351,'天梭',0,204,0,'','','',NULL,'2004857c68d17a96e1.jpg'),(2352,'浪琴',0,204,0,'','','',NULL,'1605857c68d17b65c4.jpg'),(2353,'欧米茄',0,204,0,'','','',NULL,'2084457c68d17c5ef4.jpg'),(2354,'卡地亚',0,204,0,'','','',NULL,'2700257c68d17d4dfd.jpg'),(2355,'劳力士',0,204,0,'','','',NULL,'3201557c68d17e356c.jpg'),(2356,'IWC',0,204,0,'','','',NULL,'268857c68d17f2086.jpg'),(2357,'美度',0,204,0,'','','',NULL,'1415957c68d180d00d.jpg'),(2358,'泰格豪雅',0,204,0,'','','',NULL,'2673457c68d181a728.jpg'),(2359,'汉米尔顿',0,204,0,'','','',NULL,'1884357c68d1827594.jpg'),(2360,'卡西欧',0,204,0,'','','',NULL,'1405657c68d183544d.jpg'),(2361,'精工',0,204,0,'','','',NULL,'1259357c68d18414c3.jpg'),(2362,'西铁城',0,204,0,'','','',NULL,'2399157c68d184dcf8.jpg'),(2363,'ck',0,204,0,'','','',NULL,'824357c68d185a5f7.jpg'),(2364,'斯沃琪',0,204,0,'','','',NULL,'2919157c68d1867010.jpg'),(2365,'李维斯',0,204,0,'','','',NULL,'726757c68d18737af.jpg'),(2366,'天王',0,204,0,'','','',NULL,'1502457c68d1880737.jpg'),(2367,'飞亚达',0,204,0,'','','',NULL,'2069657c68d18990ea.jpg'),(2368,'罗西尼',0,204,0,'','','',NULL,'810157c68d18a6364.jpg'),(2369,'海鸥',0,204,0,'','','',NULL,'463857c68d18b5db4.jpg'),(2370,'依波',0,204,0,'','','',NULL,'972857c68d18c495a.jpg'),(2371,'金仕盾',0,204,0,'','','',NULL,'2064657c68d18d195f.jpg'),(2372,'颂拓',0,204,0,'','','',NULL,'2592157c68d18e093d.jpg'),(2373,'佳明',0,204,0,'','','',NULL,'2136557c68d18f2ca5.jpg'),(2374,'宜准',0,204,0,'','','',NULL,'198357c68d190c81a.jpg'),(2375,'0-6个月',0,205,0,'','','',NULL,'957357c68d191bebd.jpg'),(2376,'6-12个月',0,205,0,'','','',NULL,'1416557c68d1928b1b.jpg'),(2377,'1-3岁',0,205,0,'','','',NULL,'1267957c68d193556d.jpg'),(2378,'3-6岁',0,205,0,'','','',NULL,'841057c68d1941d75.jpg'),(2379,'6-14岁',0,205,0,'','','',NULL,'1212457c68d1953331.jpg'),(2380,'14岁以上',0,205,0,'','','',NULL,'1942057c68d19618db.jpg'),(2381,'早教启智',0,206,0,'','','',NULL,'1791357c68d19807cf.jpg'),(2382,'健身架',0,206,0,'','','',NULL,'1272857c68d198d7df.jpg'),(2383,'摇铃/床铃',0,206,0,'','','',NULL,'1776557c68d199ccd5.jpg'),(2384,'拖拉玩具',0,206,0,'','','',NULL,'564857c68d19a9e58.jpg'),(2385,'遥控车',0,207,0,'','','',NULL,'400457c68d19bae3f.jpg'),(2386,'遥控飞机',0,207,0,'','','',NULL,'2972557c68d19ca5df.jpg'),(2387,'遥控船',0,207,0,'','','',NULL,'2234357c68d19d850a.jpg'),(2388,'机器人',0,207,0,'','','',NULL,'1215257c68d19e945a.jpg'),(2389,'轨道/助力',0,207,0,'','','',NULL,'1831457c68d1a047d7.jpg'),(2390,'立体拼插',0,208,0,'','','',NULL,'2772757c68d1a115b1.jpg'),(2391,'积木',0,208,0,'','','',NULL,'262357c68d1a20c35.jpg'),(2392,'拼图',0,208,0,'','','',NULL,'2102657c68d1a2d548.jpg'),(2393,'磁力棒',0,208,0,'','','',NULL,'52757c68d1a3975d.jpg'),(2394,'毛绒/布艺',0,209,0,'','','',NULL,'2188057c68d1a466c7.jpg'),(2395,'靠垫/抱枕',0,209,0,'','','',NULL,'99257c68d1a5399d.jpg'),(2396,'爬行垫/毯',0,210,0,'','','',NULL,'1847857c68d1a628ea.jpg'),(2397,'户外玩具',0,210,0,'','','',NULL,'2877457c68d1a710eb.jpg'),(2398,'戏水玩具',0,210,0,'','','',NULL,'1159657c68d1a888e8.jpg'),(2399,'炫舞毯',0,210,0,'','','',NULL,'2230257c68d1a95a55.jpg'),(2400,'芭比娃娃',0,211,0,'','','',NULL,'2983657c68d1aa2722.jpg'),(2401,'卡通娃娃',0,211,0,'','','',NULL,'2208957c68d1aaf447.jpg'),(2402,'智能娃娃',0,211,0,'','','',NULL,'893957c68d1ac12c1.jpg'),(2403,'仿真模型',0,212,0,'','','',NULL,'1834157c68d1acdfd1.jpg'),(2404,'拼插模型',0,212,0,'','','',NULL,'2278957c68d1ada35e.jpg'),(2405,'收藏爱好',0,212,0,'','','',NULL,'202957c68d1aead08.jpg'),(2406,'电影周边',0,213,0,'','','',NULL,'2791357c68d1b02f45.jpg'),(2407,'卡通周边',0,213,0,'','','',NULL,'2238357c68d1b0f511.jpg'),(2408,'网游周边',0,213,0,'','','',NULL,'1574457c68d1b1bac8.jpg'),(2409,'情景玩具',0,214,0,'','','',NULL,'107757c68d1b28556.jpg'),(2410,'绘画工具',0,214,0,'','','',NULL,'1927657c68d1b36856.jpg'),(2411,'手工彩泥',0,214,0,'','','',NULL,'2114157c68d1b4678c.jpg'),(2412,'减压玩具',0,215,0,'','','',NULL,'2367857c68d1b58153.jpg'),(2413,'创意玩具',0,215,0,'','','',NULL,'3255057c68d1b67ef4.jpg'),(2414,'钢琴',0,216,0,'','','',NULL,'1406957c68d1b76be0.jpg'),(2415,'电子琴/电钢琴',0,216,0,'','','',NULL,'1981357c68d1b83b9d.jpg'),(2416,'手风琴',0,216,0,'','','',NULL,'1456857c68d1b9321b.jpg'),(2417,'吉他/尤克里里',0,216,0,'','','',NULL,'2882757c68d1be151c.jpg'),(2418,'民族管弦乐器',0,216,0,'','','',NULL,'173157c68d1beeeb9.jpg'),(2419,'西洋管弦',0,216,0,'','','',NULL,'1861457c68d1c0b9b6.jpg'),(2420,'口琴/口风琴/竖笛',0,216,0,'','','',NULL,'26657c68d1c18480.jpg'),(2421,'打击乐器',0,216,0,'','','',NULL,'3154557c68d1c24c21.jpg'),(2422,'乐器配件',0,216,0,'','','',NULL,'258057c68d1c31a6d.jpg'),(2423,'电脑音乐',0,216,0,'','','',NULL,'2879257c68d1c3e8c7.jpg'),(2424,'工艺礼品乐器',0,216,0,'','','',NULL,'892757c68d1c4b004.jpg'),(2425,'超值内衣',0,217,0,'','','',NULL,'1629457c68d1c5b044.jpg'),(2426,'自营内衣',0,217,0,'','','',NULL,'2439857c68d1c67f8f.jpg'),(2427,'大牌眼镜周',0,217,0,'','','',NULL,'1038357c68d1c784d2.jpg'),(2428,'文胸',0,218,0,'','','',NULL,'3009557c68d1c85574.jpg'),(2429,'无钢圈文胸',0,218,0,'','','',NULL,'2866257c68d1c91e70.jpg'),(2430,'聚拢文胸',0,218,0,'','','',NULL,'242957c68d1c9e2e1.jpg'),(2431,'光面文胸',0,218,0,'','','',NULL,'2352257c68d1caaa9c.jpg'),(2432,'少女文胸',0,218,0,'','','',NULL,'722257c68d1cb7826.jpg'),(2433,'运动文胸',0,218,0,'','','',NULL,'1418257c68d1cc430f.jpg'),(2434,'女士睡衣',0,218,0,'','','',NULL,'236657c68d1cd3669.jpg'),(2435,'男士睡衣',0,218,0,'','','',NULL,'1681457c68d1ce1412.jpg'),(2436,'真丝睡衣',0,218,0,'','','',NULL,'151157c68d1cee5ee.jpg'),(2437,'睡裙',0,218,0,'','','',NULL,'1902157c68d1d0889f.jpg'),(2438,'睡袍',0,218,0,'','','',NULL,'3196357c68d1d17773.jpg'),(2439,'情侣睡衣',0,218,0,'','','',NULL,'336157c68d1d26b0c.jpg'),(2440,'男士内裤',0,218,0,'','','',NULL,'1201757c68d1d333f2.jpg'),(2441,'女士内裤',0,218,0,'','','',NULL,'1287957c68d1d423d1.jpg'),(2442,'无痕内裤',0,218,0,'','','',NULL,'299957c68d1d4f617.jpg'),(2443,'莫代尔内裤',0,218,0,'','','',NULL,'1514057c68d1d5c47d.jpg'),(2444,'纯棉内裤',0,218,0,'','','',NULL,'188857c68d1d68803.jpg'),(2445,'蕾丝内裤',0,218,0,'','','',NULL,'1096457c68d1d75503.jpg'),(2446,'丝袜',0,218,0,'','','',NULL,'842957c68d1d81581.jpg'),(2447,'船袜',0,218,0,'','','',NULL,'2930457c68d1d8e570.jpg'),(2448,'运动袜',0,218,0,'','','',NULL,'890357c68d1d9aa12.jpg'),(2449,'男袜',0,218,0,'','','',NULL,'863257c68d1da9bfe.jpg'),(2450,'女袜',0,218,0,'','','',NULL,'1464457c68d1dba903.jpg'),(2451,'连裤袜',0,218,0,'','','',NULL,'1075657c68d1dc7fd0.jpg'),(2452,'背心',0,218,0,'','','',NULL,'543757c68d1dd84e9.jpg'),(2453,'泳衣',0,218,0,'','','',NULL,'1235757c68d1de8412.png'),(2454,'塑身衣',0,218,0,'','','',NULL,'1843857c68d1e06323.jpg'),(2455,'保暖内衣',0,218,0,'','','',NULL,'241357c68d1e19802.jpg'),(2456,'秋衣秋裤',0,218,0,'','','',NULL,'861457c68d1e2635c.jpg'),(2457,'保暖套装',0,218,0,'','','',NULL,'828657c68d1e337df.jpg'),(2458,'腰间时尚',0,219,0,'','','',NULL,'3072157c68d1e405c9.jpg'),(2459,'轻便晴雨伞',0,219,0,'','','',NULL,'1431257c68d1e4dacf.jpg'),(2460,'配饰自营',0,219,0,'','','',NULL,'747657c68d1e5ae62.jpg'),(2461,'太阳镜',0,220,0,'','','',NULL,'2098857c68d1e6992d.jpg'),(2462,'运动太阳镜',0,220,0,'','','',NULL,'1908557c68d1e7b4ac.jpg'),(2463,'隐形眼镜',0,220,0,'','','',NULL,'340457c68d1e8adaf.jpg'),(2464,'镜架',0,220,0,'','','',NULL,'1130957c68d1e9c9e4.jpg'),(2465,'偏光太阳镜',0,220,0,'','','',NULL,'534357c68d1ea949b.jpg'),(2466,'彩膜太阳镜',0,220,0,'','','',NULL,'2323157c68d1eb6085.jpg'),(2467,'近视太阳镜',0,220,0,'','','',NULL,'2289257c68d1ec36bc.jpg'),(2468,'防辐射眼镜',0,220,0,'','','',NULL,'1534257c68d1ed00f0.jpg'),(2469,'老花镜',0,220,0,'','','',NULL,'1906957c68d1edc500.jpg'),(2470,'复古眼镜',0,220,0,'','','',NULL,'1830157c68d1ee9b18.jpg'),(2471,'遮阳伞/雨伞',0,220,0,'','','',NULL,'1373157c68d1f06432.jpg'),(2472,'遮阳帽',0,220,0,'','','',NULL,'2411257c68d1f13246.jpg'),(2473,'男士腰带/礼盒',0,220,0,'','','',NULL,'2566357c68d1f1fa65.jpg'),(2474,'女士腰带/礼盒',0,220,0,'','','',NULL,'227557c68d1f2c54f.jpg'),(2475,'帆布腰带',0,220,0,'','','',NULL,'529657c68d1f390b1.jpg'),(2476,'棒球帽',0,220,0,'','','',NULL,'2701857c68d1f4d128.jpg'),(2477,'礼帽',0,220,0,'','','',NULL,'458857c68d1f5a8a0.jpg'),(2478,'真丝丝巾',0,220,0,'','','',NULL,'1354257c68d1f71104.jpg'),(2479,'丝巾',0,220,0,'','','',NULL,'122057c68d1f7e93d.jpg'),(2480,'大方巾',0,220,0,'','','',NULL,'82357c68d1f8b2df.jpg'),(2481,'羊毛围巾',0,220,0,'','','',NULL,'1341357c68d1f97c81.jpg'),(2482,'羊绒围巾',0,220,0,'','','',NULL,'3051957c68d1fa42c6.jpg'),(2483,'男士丝巾/围巾',0,220,0,'','','',NULL,'2249057c68d1fb120e.jpg'),(2484,'格子围巾',0,220,0,'','','',NULL,'3023457c68d1fbe435.jpg'),(2485,'纯色围巾',0,220,0,'','','',NULL,'2677257c68d1fcaada.jpg'),(2486,'棉麻围巾',0,220,0,'','','',NULL,'1649057c68d1fd94d0.jpg'),(2487,'羊绒手套',0,220,0,'','','',NULL,'979957c68d1fe5722.jpg'),(2488,'帽子手套套装',0,220,0,'','','',NULL,'3148757c68d2002acd.jpg'),(2489,'真皮手套',0,220,0,'','','',NULL,'1603157c68d201290e.jpg'),(2490,'领带/领结/领带夹',0,220,0,'','','',NULL,'2876057c68d202122b.jpg'),(2491,'毛线/布面料',0,220,0,'','','',NULL,'2446657c68d202edf2.jpg'),(2492,'假领',0,220,0,'','','',NULL,'2205257c68d203cbc0.jpg'),(2493,'汽车座垫',0,221,0,'','','',NULL,'2902557c68d20498c7.jpg'),(2494,'行车记录仪',0,221,0,'','','',NULL,'3270657c68d205766c.jpg'),(2495,'机油',0,221,0,'','','',NULL,'2394157c68d20666fc.jpg'),(2496,'洗车水枪',0,221,0,'','','',NULL,'2815257c68d207353d.jpg'),(2497,'应急救援',0,221,0,'','','',NULL,'1282657c68d2084114.png'),(2498,'轮胎',0,221,0,'','','',NULL,'2795957c68d209065a.jpg'),(2499,'京东车管家',0,222,0,'','','',NULL,'1165257c68d209cb2a.jpg'),(2500,'加油充值',0,222,0,'','','',NULL,'1616257c68d20abb55.jpg'),(2501,'爱车生活',0,222,0,'','','',NULL,'2365357c68d20b8297.jpg'),(2502,'微型车',0,223,0,'','','',NULL,'2898357c68d20c4cec.jpg'),(2503,'小型车',0,223,0,'','','',NULL,'105457c68d20d121f.jpg'),(2504,'紧凑型车',0,223,0,'','','',NULL,'2093357c68d20ded0a.jpg'),(2505,'中型车',0,223,0,'','','',NULL,'983557c68d20edadb.jpg'),(2506,'中大型车',0,223,0,'','','',NULL,'1576857c68d2109964.jpg'),(2507,'豪华车',0,223,0,'','','',NULL,'381057c68d21199ab.jpg'),(2508,'SUV',0,223,0,'','','',NULL,'512257c68d2126a3c.jpg'),(2509,'MPV',0,223,0,'','','',NULL,'853557c68d21359fa.jpg'),(2510,'跑车',0,223,0,'','','',NULL,'1949757c68d214b8d6.jpg'),(2511,'面包车',0,223,0,'','','',NULL,'626057c68d2158e5e.jpg'),(2512,'二手车',0,223,0,'','','',NULL,'1580757c68d2165f7f.png'),(2513,'导航仪',0,224,0,'','','',NULL,'769057c68d2171f39.jpg'),(2514,'安全预警仪',0,224,0,'','','',NULL,'15057c68d217e459.jpg'),(2515,'行车记录仪',0,224,0,'','','',NULL,'1302457c68d218d172.jpg'),(2516,'倒车雷达',0,224,0,'','','',NULL,'861557c68d219a0bc.jpg'),(2517,'蓝牙设备',0,224,0,'','','',NULL,'1895957c68d21a688b.jpg'),(2518,'车载影音',0,224,0,'','','',NULL,'858757c68d21b43fd.jpg'),(2519,'净化器',0,224,0,'','','',NULL,'2359757c68d21c340c.jpg'),(2520,'电源',0,224,0,'','','',NULL,'395457c68d21cfa97.jpg'),(2521,'智能驾驶',0,224,0,'','','',NULL,'635357c68d21dce54.jpg'),(2522,'冰箱',0,224,0,'','','',NULL,'2793257c68d21ebd96.jpg'),(2523,'车载电台',0,224,0,'','','',NULL,'2079057c68d2204494.jpg'),(2524,'车载电器配件',0,224,0,'','','',NULL,'1111157c68d2211875.jpg'),(2525,'吸尘器',0,224,0,'','','',NULL,'1972357c68d221e15d.jpg'),(2526,'智能车机',0,224,0,'','','',NULL,'1955757c68d222a9fa.jpg'),(2527,'汽车音响',0,224,0,'','','',NULL,'69357c68d2236c6b.jpg'),(2528,'车载生活电器',0,224,0,'','','',NULL,'2435157c68d224338b.jpg'),(2529,'机油',0,225,0,'','','',NULL,'1395357c68d22501ec.jpg'),(2530,'添加剂',0,225,0,'','','',NULL,'2724557c68d225cb9c.jpg'),(2531,'汽车喇叭',0,225,0,'','','',NULL,'2473757c68d2269a7a.jpg'),(2532,'防冻液',0,225,0,'','','',NULL,'1831557c68d22764dc.jpg'),(2533,'滤清器',0,225,0,'','','',NULL,'3070257c68d22854d4.jpg'),(2534,'火花塞',0,225,0,'','','',NULL,'1288157c68d22920ff.jpg'),(2535,'柴机油/辅助油',0,225,0,'','','',NULL,'2860257c68d22a4554.jpg'),(2536,'雨刷',0,225,0,'','','',NULL,'1746557c68d22b57a4.jpg'),(2537,'车灯',0,225,0,'','','',NULL,'2694157c68d22c3c40.jpg'),(2538,'后视镜',0,225,0,'','','',NULL,'3087857c68d22d1c4c.jpg'),(2539,'轮胎',0,225,0,'','','',NULL,'2390657c68d22dfe7c.jpg'),(2540,'轮毂',0,225,0,'','','',NULL,'302657c68d22ef294.jpg'),(2541,'刹车片/盘',0,225,0,'','','',NULL,'2713157c68d2307c92.jpg'),(2542,'维修配件',0,225,0,'','','',NULL,'2150257c68d231b2fb.jpg'),(2543,'蓄电池',0,225,0,'','','',NULL,'145457c68d232a718.jpg'),(2544,'底盘装甲/护板',0,225,0,'','','',NULL,'2711257c68d2336e2a.jpg'),(2545,'贴膜',0,225,0,'','','',NULL,'1434957c68d2344eb4.jpg'),(2546,'汽修工具',0,225,0,'','','',NULL,'2690357c68d2352912.jpg'),(2547,'改装配件',0,225,0,'','','',NULL,'812557c68d235fbb0.jpg'),(2548,'车蜡',0,226,0,'','','',NULL,'254257c68d236cd5a.jpg'),(2549,'补漆笔',0,226,0,'','','',NULL,'783857c68d237965c.jpg'),(2550,'玻璃水',0,226,0,'','','',NULL,'1169657c68d2389115.jpg'),(2551,'清洁剂',0,226,0,'','','',NULL,'109657c68d2397d73.jpg'),(2552,'洗车工具',0,226,0,'','','',NULL,'2957657c68d23a438d.jpg'),(2553,'镀晶镀膜',0,226,0,'','','',NULL,'444457c68d23b11ee.jpg'),(2554,'打蜡机',0,226,0,'','','',NULL,'2638957c68d23c302c.jpg'),(2555,'洗车配件',0,226,0,'','','',NULL,'1701957c68d23d70c8.jpg'),(2556,'洗车机',0,226,0,'','','',NULL,'717457c68d23e3af9.jpg'),(2557,'洗车水枪',0,226,0,'','','',NULL,'202057c68d23f0baf.jpg'),(2558,'毛巾掸子',0,226,0,'','','',NULL,'2655757c68d240a975.jpg'),(2559,'脚垫',0,227,0,'','','',NULL,'3046757c68d241a276.jpg'),(2560,'座垫',0,227,0,'','','',NULL,'1258657c68d242682f.jpg'),(2561,'座套',0,227,0,'','','',NULL,'1164257c68d243744f.jpg'),(2562,'后备箱垫',0,227,0,'','','',NULL,'2052357c68d244f304.jpg'),(2563,'头枕腰靠',0,227,0,'','','',NULL,'650557c68d245cab1.jpg'),(2564,'方向盘套',0,227,0,'','','',NULL,'30657c68d246bdf7.jpg'),(2565,'香水',0,227,0,'','','',NULL,'1459057c68d247f7e0.jpg'),(2566,'空气净化',0,227,0,'','','',NULL,'2229057c68d248d853.jpg'),(2567,'挂件摆件',0,227,0,'','','',NULL,'1321457c68d249a871.jpg'),(2568,'功能小件',0,227,0,'','','',NULL,'923457c68d24a7962.jpg'),(2569,'车身装饰件',0,227,0,'','','',NULL,'28357c68d24b95a1.jpg'),(2570,'车衣',0,227,0,'','','',NULL,'2374057c68d24c5aa6.jpg'),(2571,'安全座椅',0,228,0,'','','',NULL,'1429557c68d24d2465.jpg'),(2572,'胎压监测',0,228,0,'','','',NULL,'1894657c68d24def6f.jpg'),(2573,'防盗设备',0,228,0,'','','',NULL,'838657c68d24ebae0.jpg'),(2574,'应急救援',0,228,0,'','','',NULL,'1988457c68d2503718.jpg'),(2575,'保温箱',0,228,0,'','','',NULL,'2677857c68d2511d13.jpg'),(2576,'摩托车',0,228,0,'','','',NULL,'2130457c68d2520fad.jpg'),(2577,'充气泵',0,228,0,'','','',NULL,'1634357c68d252d60a.jpg'),(2578,'储物箱',0,228,0,'','','',NULL,'627557c68d253f75d.jpg'),(2579,'自驾野营',0,228,0,'','','',NULL,'181757c68d254f77c.jpg'),(2580,'摩托车装备',0,228,0,'','','',NULL,'536757c68d255dca3.jpg'),(2581,'清洗美容',0,229,0,'','','',NULL,'2154657c68d256fa44.png'),(2582,'功能升级',0,229,0,'','','',NULL,'1513657c68d257f480.png'),(2583,'保养维修',0,229,0,'','','',NULL,'1529657c68d258eb8a.png'),(2584,'加油卡',0,229,0,'','','',NULL,'2861657c68d259a787.jpg'),(2585,'油卡充值',0,229,0,'','','',NULL,'2832857c68d25a6a6b.jpg'),(2586,'内地男歌手',0,230,0,'','','',NULL,'1101957c68d25b3a1a.jpg'),(2587,'内地女歌手',0,230,0,'','','',NULL,'2791457c68d25c8dfe.jpg'),(2588,'欧美女歌手',0,230,0,'','','',NULL,'692057c68d25d9488.jpg'),(2589,'日韩组合',0,230,0,'','','',NULL,'2683557c68d25e5ea6.jpg'),(2590,'汽车音乐',0,230,0,'','','',NULL,'744457c68d2600cf3.jpg'),(2591,'HIFI流行',0,230,0,'','','',NULL,'3087257c68d260de8b.jpg'),(2592,'HIFI民族',0,230,0,'','','',NULL,'1885057c68d261df17.jpg'),(2593,'进口音乐会',0,230,0,'','','',NULL,'164757c68d262ac04.jpg'),(2594,'古典合辑',0,230,0,'','','',NULL,'2872757c68d263b4b4.jpg'),(2595,'班德瑞',0,230,0,'','','',NULL,'64457c68d264e85f.jpg'),(2596,'轻音乐',0,230,0,'','','',NULL,'310257c68d265c197.jpg'),(2597,'佛教音乐',0,230,0,'','','',NULL,'2444657c68d266888b.jpg'),(2598,'文化创意',0,231,0,'','','',NULL,'1632357c68d2678032.jpg'),(2599,'文房用品/文具',0,231,0,'','','',NULL,'2021157c68d2678cfa.jpg'),(2600,'居家日用',0,231,0,'','','',NULL,'508357c68d2679777.jpg'),(2601,'书法/绘画',0,231,0,'','','',NULL,'983957c68d267a299.jpg'),(2602,'时尚娱乐',0,231,0,'','','',NULL,'2476457c68d267afc8.jpg'),(2603,'其他文娱周边',0,231,0,'','','',NULL,'2301757c68d267bfec.jpg'),(2604,'影视/娱乐节目同款',0,231,0,'','','',NULL,'1525657c68d267cb8e.jpg'),(2605,'文化生活',0,231,0,'','','',NULL,'782757c68d267d3f9.jpg'),(2606,'形象设计',0,231,0,'','','',NULL,'2009357c68d267dfa5.jpg'),(2607,'创意DIY',0,231,0,'','','',NULL,'854657c68d267e894.jpg'),(2608,'明星代言',0,231,0,'','','',NULL,'3103357c68d267f0f9.jpg'),(2609,'组合/乐队',0,232,0,'','','',NULL,'2222457c68d267fb33.jpg'),(2610,'合集',0,232,0,'','','',NULL,'1910557c68d2680b2c.jpg'),(2611,'男歌手',0,233,0,'','','',NULL,'2191857c68d26813b3.jpg'),(2612,'女歌手',0,233,0,'','','',NULL,'736857c68d2681ce1.jpg'),(2613,'组合/乐队',0,233,0,'','','',NULL,'3189757c68d26828dd.jpg'),(2614,'合集',0,233,0,'','','',NULL,'1334857c68d2683f65.jpg'),(2615,'男歌手',0,234,0,'','','',NULL,'2553257c68d268551f.jpg'),(2616,'组合/乐队',0,234,0,'','','',NULL,'18757c68d2685f13.jpg'),(2617,'合集',0,234,0,'','','',NULL,'2332557c68d26867f6.jpg'),(2618,'男歌手',0,235,0,'','','',NULL,'2298257c68d2687088.jpg'),(2619,'女歌手',0,235,0,'','','',NULL,'372257c68d26878c9.jpg'),(2620,'合集',0,235,0,'','','',NULL,'395757c68d26881ef.jpg'),(2621,'HiFi试音',0,236,0,'','','',NULL,'2323157c68d2688e42.jpg'),(2622,'纯音乐',0,236,0,'','','',NULL,'1937657c68d2689703.jpg'),(2623,'古典',0,236,0,'','','',NULL,'246057c68d268a1fe.jpg'),(2624,'爵士',0,236,0,'','','',NULL,'1691157c68d268ac37.jpg'),(2625,'舞曲',0,236,0,'','','',NULL,'531957c68d268bc68.jpg'),(2626,'休闲',0,236,0,'','','',NULL,'2876257c68d268d282.jpg'),(2627,'其他',0,236,0,'','','',NULL,'1909957c68d268de6a.jpg'),(2628,'交响乐',0,237,0,'','','',NULL,'3183157c68d268e74d.jpg'),(2629,'室内乐',0,237,0,'','','',NULL,'2031157c68d268f068.jpg'),(2630,'协奏曲',0,237,0,'','','',NULL,'2474857c68d268f8d1.jpg'),(2631,'奏鸣曲',0,237,0,'','','',NULL,'124857c68d269017f.jpg'),(2632,'芭蕾/舞剧',0,237,0,'','','',NULL,'2716157c68d2690c74.jpg'),(2633,'歌剧/声乐',0,237,0,'','','',NULL,'3011257c68d2691561.jpg'),(2634,'Newage新世纪音乐',0,237,0,'','','',NULL,'2032457c68d2691db8.jpg'),(2635,'爵士',0,237,0,'','','',NULL,'83357c68d2692741.jpg'),(2636,'流行',0,237,0,'','','',NULL,'1679857c68d2692fed.jpg'),(2637,'拉丁',0,237,0,'','','',NULL,'2466157c68d2693acf.jpg'),(2638,'摇滚',0,237,0,'','','',NULL,'3269557c68d26945bf.jpg'),(2639,'民族音乐',0,237,0,'','','',NULL,'2154757c68d2694f40.jpg'),(2640,'休闲音乐',0,237,0,'','','',NULL,'395557c68d26956de.jpg'),(2641,'影视原声',0,237,0,'','','',NULL,'60857c68d2696260.jpg'),(2642,'宗教音乐',0,237,0,'','','',NULL,'389957c68d2696b72.jpg'),(2643,'其他',0,237,0,'','','',NULL,'3173057c68d269744a.jpg'),(2644,'音乐会',0,238,0,'','','',NULL,'2852357c68d2697bb1.jpg'),(2645,'交响乐',0,238,0,'','','',NULL,'1992557c68d26982af.jpg'),(2646,'室内乐',0,238,0,'','','',NULL,'589257c68d2698c41.jpg'),(2647,'协奏曲',0,238,0,'','','',NULL,'854857c68d2699455.jpg'),(2648,'管弦乐',0,238,0,'','','',NULL,'2224757c68d2699b8b.jpg'),(2649,'奏鸣曲',0,238,0,'','','',NULL,'2589257c68d269a2f7.jpg'),(2650,'独奏曲',0,238,0,'','','',NULL,'2663757c68d269aba3.jpg'),(2651,'芭蕾/舞剧',0,238,0,'','','',NULL,'2678857c68d269b593.jpg'),(2652,'歌剧/声乐',0,238,0,'','','',NULL,'2158957c68d269c205.jpg'),(2653,'其他',0,238,0,'','','',NULL,'2779457c68d269cb55.jpg'),(2654,'爵士',0,239,0,'','','',NULL,'2633057c68d269d43e.jpg'),(2655,'蓝调',0,239,0,'','','',NULL,'2872657c68d269dbdd.jpg'),(2656,'Newage新世纪音乐',0,240,0,'','','',NULL,'2661557c68d269e2ff.jpg'),(2657,'养生放松',0,240,0,'','','',NULL,'407457c68d269ea4e.jpg'),(2658,'风潮音乐',0,240,0,'','','',NULL,'1903657c68d269f246.jpg'),(2659,'瑜伽音乐',0,240,0,'','','',NULL,'930257c68d269fb32.jpg'),(2660,'神秘园',0,240,0,'','','',NULL,'2301457c68d26a033d.jpg'),(2661,'星座音乐',0,240,0,'','','',NULL,'420757c68d26a0cb7.jpg'),(2662,'世界音乐',0,240,0,'','','',NULL,'1691757c68d26a15cb.jpg'),(2663,'聆听大自然',0,240,0,'','','',NULL,'2369457c68d26a21d5.jpg'),(2664,'其他',0,240,0,'','','',NULL,'1263057c68d26a2ea7.jpg'),(2665,'民歌',0,241,0,'','','',NULL,'2843857c68d26a409f.jpg'),(2666,'民乐',0,241,0,'','','',NULL,'1830157c68d26a4ba2.jpg'),(2667,'红歌',0,241,0,'','','',NULL,'3059957c68d26a631f.jpg'),(2668,'军旅音乐',0,241,0,'','','',NULL,'1257157c68d26a8b6d.jpg'),(2669,'其他',0,241,0,'','','',NULL,'177857c68d26aa173.jpg'),(2670,'中国摇滚',0,242,0,'','','',NULL,'784357c68d26ab511.jpg'),(2671,'流行摇滚',0,242,0,'','','',NULL,'2691257c68d26ac871.jpg'),(2672,'英式',0,242,0,'','','',NULL,'3210957c68d26ad755.jpg'),(2673,'朋克',0,242,0,'','','',NULL,'1124857c68d26ae53b.jpg'),(2674,'重金属/硬摇滚',0,242,0,'','','',NULL,'1896757c68d26af16f.jpg'),(2675,'前卫摇滚',0,242,0,'','','',NULL,'2834957c68d26bc995.jpg'),(2676,'雷鬼',0,242,0,'','','',NULL,'2020057c68d26bf216.jpg'),(2677,'灵魂摇滚',0,242,0,'','','',NULL,'864457c68d26c04f8.jpg'),(2678,'古典摇滚',0,242,0,'','','',NULL,'3021657c68d26c1c00.jpg'),(2679,'曲艺',0,243,0,'','','',NULL,'2403357c68d26c51d9.jpg'),(2680,'特色分类',0,243,0,'','','',NULL,'2223057c68d26c8bf5.jpg'),(2681,'戏曲',0,243,0,'','','',NULL,'3254757c68d26cc5ab.jpg'),(2682,'相声',0,243,0,'','','',NULL,'785057c68d26cf3de.jpg'),(2683,'珍藏套装',0,243,0,'','','',NULL,'1664057c68d26d0446.jpg'),(2684,'电视原声',0,244,0,'','','',NULL,'1451357c68d26d35c2.jpg'),(2685,'电影原声',0,244,0,'','','',NULL,'2078757c68d26d5048.jpg'),(2686,'动漫音乐',0,244,0,'','','',NULL,'3017057c68d26d67ba.jpg'),(2687,'影视音乐合集',0,244,0,'','','',NULL,'1396657c68d26d76ce.jpg'),(2688,'其他',0,244,0,'','','',NULL,'1558857c68d26d8842.jpg'),(2689,'器乐',0,245,0,'','','',NULL,'492857c68d26debf0.jpg'),(2690,'声乐',0,245,0,'','','',NULL,'1946157c68d26e11b2.jpg'),(2691,'音乐考级',0,245,0,'','','',NULL,'1801257c68d26e5844.jpg'),(2692,'百科',0,246,0,'','','',NULL,'840257c68d26e78d6.jpg'),(2693,'国学',0,246,0,'','','',NULL,'2014457c68d26e888b.jpg'),(2694,'诗歌',0,246,0,'','','',NULL,'7057c68d26e9407.jpg'),(2695,'小说',0,246,0,'','','',NULL,'848457c68d26e9de2.jpg'),(2696,'其他',0,246,0,'','','',NULL,'1026557c68d26eade2.jpg'),(2697,'基督教音乐',0,247,0,'','','',NULL,'3052157c68d26eb79f.jpg'),(2698,'其他宗教音乐',0,247,0,'','','',NULL,'1531057c68d26ec080.jpg'),(2699,'庆典音乐',0,247,0,'','','',NULL,'3235557c68d26ec9e6.jpg'),(2700,'补肾壮阳',0,248,0,'','','',NULL,'2127257c68d26ed286.jpg'),(2701,'补气养血',0,248,0,'','','',NULL,'2235357c68d2705515.jpg'),(2702,'肠胃消化',0,248,0,'','','',NULL,'3188157c68d2711f0c.jpg'),(2703,'风湿骨外伤',0,248,0,'','','',NULL,'317457c68d271f6ec.jpg'),(2704,'维矿物质',0,248,0,'','','',NULL,'2423957c68d2730ee7.jpg'),(2705,'皮肤用药',0,248,0,'','','',NULL,'842257c68d27426fe.jpg'),(2706,'男科/泌尿',0,248,0,'','','',NULL,'1305557c68d27512fc.jpg'),(2707,'妇科用药',0,248,0,'','','',NULL,'989657c68d2763d72.jpg'),(2708,'儿科用药',0,248,0,'','','',NULL,'2899757c68d276fa21.jpg'),(2709,'眼科用药',0,248,0,'','','',NULL,'3028857c68d277c80b.jpg'),(2710,'耳鼻喉用药',0,248,0,'','','',NULL,'3058457c68d278939a.jpg'),(2711,'口腔用药',0,248,0,'','','',NULL,'1801157c68d279560e.jpg'),(2712,'感冒咳嗽',0,248,0,'','','',NULL,'641657c68d27a2175.jpg'),(2713,'避孕用药',0,248,0,'','','',NULL,'3264457c68d27b3b22.jpg'),(2714,'止痛镇痛',0,248,0,'','','',NULL,'675557c68d27c0450.jpg'),(2715,'心脑血管',0,248,0,'','','',NULL,'2490157c68d27cffb3.jpg'),(2716,'肝胆用药',0,248,0,'','','',NULL,'3265657c68d27de0cd.jpg'),(2717,'蛋白质',0,249,0,'','','',NULL,'2445857c68d27f06e4.jpg'),(2718,'玛咖',0,249,0,'','','',NULL,'511257c68d280be30.jpg'),(2719,'胶原蛋白',0,249,0,'','','',NULL,'1095757c68d281b31d.jpg'),(2720,'葡萄籽',0,249,0,'','','',NULL,'3030157c68d282754e.png'),(2721,'左旋肉碱',0,249,0,'','','',NULL,'772957c68d2835cfe.png'),(2722,'酵素',0,249,0,'','','',NULL,'591757c68d284338b.jpg'),(2723,'益生菌',0,249,0,'','','',NULL,'2747857c68d285fbab.png'),(2724,'维生素/矿物质',0,249,0,'','','',NULL,'1667557c68d287170e.jpg'),(2725,'鱼油/磷脂',0,249,0,'','','',NULL,'2304157c68d287e52a.jpg'),(2726,'美容养颜',0,250,0,'','','',NULL,'1933457c68d288adb0.jpg'),(2727,'调节免疫',0,250,0,'','','',NULL,'2503557c68d2899b2a.jpg'),(2728,'骨骼健康',0,250,0,'','','',NULL,'1661957c68d28a890c.jpg'),(2729,'调节三高',0,250,0,'','','',NULL,'2212957c68d28b54a2.jpg'),(2730,'肠胃养护',0,250,0,'','','',NULL,'2947357c68d28c43fc.jpg'),(2731,'肝肾养护',0,250,0,'','','',NULL,'2546757c68d28d384a.jpg'),(2732,'美体塑身',0,250,0,'','','',NULL,'2575657c68d28e4f66.jpg'),(2733,'缓解疲劳',0,250,0,'','','',NULL,'1493857c68d28f24d0.jpg'),(2734,'改善睡眠',0,250,0,'','','',NULL,'3243357c68d290d760.jpg'),(2735,'孕期营养',0,250,0,'','','',NULL,'1181657c68d291a23b.png'),(2736,'口罩',0,251,0,'','','',NULL,'70557c68d2926045.jpg'),(2737,'眼罩/耳塞',0,251,0,'','','',NULL,'478057c68d2935383.jpg'),(2738,'跌打损伤',0,251,0,'','','',NULL,'2194457c68d29465b7.jpg'),(2739,'暖贴',0,251,0,'','','',NULL,'828257c68d29593ae.jpg'),(2740,'体重秤',0,251,0,'','','',NULL,'14057c68d2968ce9.jpg'),(2741,'鼻喉护理',0,251,0,'','','',NULL,'2800057c68d29764e7.jpg'),(2742,'眼部保健',0,251,0,'','','',NULL,'2191557c68d29829ad.jpg'),(2743,'美体护理',0,251,0,'','','',NULL,'1944957c68d298f655.jpg'),(2744,'护理液',0,251,0,'','','',NULL,'2716357c68d299ce85.jpg'),(2745,'血压计',0,252,0,'','','',NULL,'836557c68d29aa319.jpg'),(2746,'血糖仪',0,252,0,'','','',NULL,'1945757c68d29b7553.jpg'),(2747,'血氧仪',0,252,0,'','','',NULL,'591557c68d29c3da4.jpg'),(2748,'体温计',0,252,0,'','','',NULL,'2457157c68d29d1a66.jpg'),(2749,'隐形眼镜',0,252,0,'','','',NULL,'473557c68d29de61c.jpg'),(2750,'胎心仪',0,252,0,'','','',NULL,'2879657c68d29eaf98.jpg'),(2751,'理疗仪',0,252,0,'','','',NULL,'2434757c68d2a04473.jpg'),(2752,'呼吸制氧',0,252,0,'','','',NULL,'3223557c68d2a13410.jpg'),(2753,'雾化器',0,252,0,'','','',NULL,'515757c68d2a207be.jpg'),(2754,'轮椅',0,252,0,'','','',NULL,'855557c68d2a2db63.jpg'),(2755,'拐杖',0,252,0,'','','',NULL,'2097157c68d2a3b4e8.jpg'),(2756,'中医保健',0,252,0,'','','',NULL,'790657c68d2a4bdc3.jpg'),(2757,'养生器械',0,252,0,'','','',NULL,'980157c68d2a59af4.jpg'),(2758,'家庭护理',0,252,0,'','','',NULL,'2665557c68d2a670c8.jpg'),(2759,'智能健康',0,252,0,'','','',NULL,'2909957c68d2a74f64.jpg'),(2760,'阿胶',0,253,0,'','','',NULL,'878757c68d2a824f3.jpg'),(2761,'冬虫夏草',0,253,0,'','','',NULL,'1463057c68d2a8ed91.jpg'),(2762,'人参/西洋参',0,253,0,'','','',NULL,'210857c68d2a9b735.jpg'),(2763,'燕窝',0,253,0,'','','',NULL,'3033057c68d2aa7f62.jpg'),(2764,'海参',0,253,0,'','','',NULL,'580757c68d2ab4802.jpg'),(2765,'灵芝/孢子粉',0,253,0,'','','',NULL,'1560557c68d2ac85e8.jpg'),(2766,'蜂蜜/蜂产品',0,253,0,'','','',NULL,'777857c68d2ae55de.jpg'),(2767,'枸杞',0,253,0,'','','',NULL,'65257c68d2af279f.jpg'),(2768,'三七',0,253,0,'','','',NULL,'2794857c68d2b0c5e0.jpg'),(2769,'石斛/枫斗',0,253,0,'','','',NULL,'580057c68d2b1bfde.jpg'),(2770,'养生茶饮',0,253,0,'','','',NULL,'462157c68d2b285a8.jpg'),(2771,'药食同源',0,253,0,'','','',NULL,'2367657c68d2b35b4e.jpg'),(2772,'杜蕾斯',0,254,0,'','','',NULL,'685357c68d2b44bc1.jpg'),(2773,'冈本',0,254,0,'','','',NULL,'1967557c68d2b53d67.jpg'),(2774,'杰士邦',0,254,0,'','','',NULL,'2425057c68d2b660d9.jpg'),(2775,'漫渺',0,254,0,'','','',NULL,'918857c68d2b76ea4.jpg'),(2776,'LELO',0,254,0,'','','',NULL,'1907357c68d2b84009.jpg'),(2777,'TENGA',0,254,0,'','','',NULL,'26457c68d2b909e0.jpg'),(2778,'超薄',0,255,0,'','','',NULL,'3079657c68d2b9d533.jpg'),(2779,'持久',0,255,0,'','','',NULL,'1335657c68d2ba9f72.jpg'),(2780,'小号',0,255,0,'','','',NULL,'127357c68d2bb6dbc.jpg'),(2781,'螺纹',0,255,0,'','','',NULL,'229857c68d2bceab8.jpg'),(2782,'果味',0,255,0,'','','',NULL,'2014157c68d2bdc9dc.jpg'),(2783,'大颗粒',0,255,0,'','','',NULL,'1065557c68d2be9436.jpg'),(2784,'飞机杯',0,256,0,'','','',NULL,'2894857c68d2c02d39.jpg'),(2785,'名器',0,256,0,'','','',NULL,'1549257c68d2c0ff2d.jpg'),(2786,'震动环',0,256,0,'','','',NULL,'1349657c68d2c1c6d0.jpg'),(2787,'男用按摩器',0,256,0,'','','',NULL,'1555657c68d2c28e48.jpg'),(2788,'狼牙套',0,256,0,'','','',NULL,'463057c68d2c35c63.jpg'),(2789,'充气娃娃',0,256,0,'','','',NULL,'1931457c68d2c4974f.jpg'),(2790,'震动棒',0,257,0,'','','',NULL,'1186357c68d2c55fba.jpg'),(2791,'AV棒',0,257,0,'','','',NULL,'2660357c68d2c62fef.jpg'),(2792,'跳蛋',0,257,0,'','','',NULL,'994557c68d2c6fa4d.jpg'),(2793,'缩阴球',0,257,0,'','','',NULL,'1222457c68d2c7bac8.jpg'),(2794,'硅胶棒',0,257,0,'','','',NULL,'2711257c68d2c885bb.jpg'),(2795,'转珠棒',0,257,0,'','','',NULL,'282257c68d2c94efe.jpg'),(2796,'热感',0,258,0,'','','',NULL,'367357c68d2ca0fe9.jpg'),(2797,'冰感',0,258,0,'','','',NULL,'410657c68d2cad821.jpg'),(2798,'水溶',0,258,0,'','','',NULL,'2685457c68d2cba292.jpg'),(2799,'连体衣',0,259,0,'','','',NULL,'44257c68d2cc6f01.jpg'),(2800,'吊带裙',0,259,0,'','','',NULL,'2187957c68d2cd642f.jpg'),(2801,'丁字裤',0,259,0,'','','',NULL,'979657c68d2ce3fc7.jpg'),(2802,'排卵试纸',0,260,0,'','','',NULL,'710957c68d2cf1310.jpg'),(2803,'早孕试纸',0,260,0,'','','',NULL,'2450257c68d2d0c20c.jpg'),(2804,'电子验孕棒',0,260,0,'','','',NULL,'2098257c68d2d18e50.jpg'),(2805,'大象',0,261,0,'','','',NULL,'3242757c68d2d2661b.jpg'),(2806,'诺丝',0,261,0,'','','',NULL,'2998157c68d2d32d4c.jpg'),(2807,'GENMU',0,261,0,'','','',NULL,'1824457c68d2d3f697.jpg'),(2808,'诺兰',0,261,0,'','','',NULL,'2836257c68d2d4e467.jpg'),(2809,'EVO',0,261,0,'','','',NULL,'895557c68d2d69100.jpg'),(2810,'COB',0,261,0,'','','',NULL,'1434757c68d2d78742.jpg'),(2811,'春水堂',0,261,0,'','','',NULL,'361357c68d2d8671b.jpg'),(2812,'谜姬',0,261,0,'','','',NULL,'347457c68d2d92dd6.jpg'),(2813,'雷霆',0,261,0,'','','',NULL,'150757c68d2da2199.jpg'),(2814,'观花植物',0,262,0,'','','',NULL,'149357c68d2db71ee.jpg'),(2815,'观叶植物',0,262,0,'','','',NULL,'934657c68d2dc3aae.jpg'),(2816,'多肉植物',0,262,0,'','','',NULL,'854757c68d2dd4bb3.jpg'),(2817,'苗木',0,262,0,'','','',NULL,'1707857c68d2de2fc6.jpg'),(2818,'大田作物类',0,263,0,'','','',NULL,'2836457c68d2df1bc5.jpg'),(2819,'瓜果类',0,263,0,'','','',NULL,'2932057c68d2e0b50a.jpg'),(2820,'蔬菜/菌类',0,263,0,'','','',NULL,'2631157c68d2e18081.jpg'),(2821,'花草林木类',0,263,0,'','','',NULL,'137957c68d2e2460b.jpg'),(2822,'花盆花架',0,264,0,'','','',NULL,'267957c68d2e30abd.jpg'),(2823,'资材',0,264,0,'','','',NULL,'811657c68d2e3d566.jpg'),(2824,'园林机械/工具',0,264,0,'','','',NULL,'2381357c68d2e4ca64.jpg'),(2825,'基质',0,264,0,'','','',NULL,'1194357c68d2e5aeaf.jpg'),(2826,'农机整机',0,264,0,'','','',NULL,'2327757c68d2e68e57.jpg'),(2827,'农技服务',0,264,0,'','','',NULL,'3091957c68d2e771dc.jpg'),(2828,'小型农机具',0,264,0,'','','',NULL,'2576357c68d2e84c96.png'),(2829,'农机配件',0,264,0,'','','',NULL,'217757c68d2e95f05.png'),(2830,'狗粮',0,265,0,'','','',NULL,'3264357c68d2ea73f5.jpg'),(2831,'猫粮',0,265,0,'','','',NULL,'2658757c68d2eb603f.jpg'),(2832,'猫狗罐头',0,265,0,'','','',NULL,'1002657c68d2ec27b2.jpg'),(2833,'猫狗妙鲜包',0,265,0,'','','',NULL,'791157c68d2ece93b.jpg'),(2834,'鱼粮/小宠',0,265,0,'','','',NULL,'3139957c68d2edb507.jpg'),(2835,'肉类零食',0,266,0,'','','',NULL,'1297557c68d2f0595d.jpg'),(2836,'磨牙/洁齿',0,266,0,'','','',NULL,'1130557c68d2f14405.jpg'),(2837,'饼干奶酪',0,266,0,'','','',NULL,'427957c68d2f21304.jpg'),(2838,'猫零食',0,266,0,'','','',NULL,'385257c68d2f2de20.jpg'),(2839,'小宠零食',0,266,0,'','','',NULL,'2950457c68d2f3d26e.jpg'),(2840,'猫狗窝',0,267,0,'','','',NULL,'1625257c68d2f500ea.jpg'),(2841,'食具水具',0,267,0,'','','',NULL,'2788857c68d2f5f178.jpg'),(2842,'猫狗厕所',0,267,0,'','','',NULL,'3072857c68d2f6d61a.jpg'),(2843,'猫砂/尿布',0,267,0,'','','',NULL,'3240957c68d2f7dbbf.jpg'),(2844,'清洁除味',0,267,0,'','','',NULL,'327857c68d2f8a9a9.jpg'),(2845,'笼子/围栏',0,267,0,'','','',NULL,'2870657c68d2f97a7e.jpg'),(2846,'水族世界',0,267,0,'','','',NULL,'31457c68d2fa4df8.jpg'),(2847,'水族世界',0,267,0,'','','',NULL,'1175557c68d2fb6667.jpg'),(2848,'浴液',0,268,0,'','','',NULL,'521357c68d2fcca56.jpg'),(2849,'护毛素',0,268,0,'','','',NULL,'1385957c68d2fdac98.jpg'),(2850,'美容用具',0,268,0,'','','',NULL,'1675157c68d2fe9689.jpg'),(2851,'美容电器',0,268,0,'','','',NULL,'1584057c68d300513a.jpg'),(2852,'发育补钙',0,269,0,'','','',NULL,'2380557c68d3013d31.jpg'),(2853,'护肤美毛',0,269,0,'','','',NULL,'1331657c68d3022802.jpg'),(2854,'肠胃调理',0,269,0,'','','',NULL,'3194257c68d3032064.jpg'),(2855,'奶粉',0,269,0,'','','',NULL,'1438157c68d303f9e1.jpg'),(2856,'宠物驱虫',0,269,0,'','','',NULL,'188857c68d304f3bd.jpg'),(2857,'口/耳/眼清洁',0,269,0,'','','',NULL,'365157c68d30633ee.jpg'),(2858,'皮肤病防治',0,269,0,'','','',NULL,'2920357c68d3072129.jpg'),(2859,'毛绒.绳结',0,270,0,'','','',NULL,'701557c68d307f8a7.jpg'),(2860,'训导玩具',0,270,0,'','','',NULL,'987657c68d308e582.jpg'),(2861,'橡胶玩具',0,270,0,'','','',NULL,'800257c68d309ad68.jpg'),(2862,'猫爬架/猫抓板',0,270,0,'','','',NULL,'601857c68d30ab014.jpg'),(2863,'宠物牵引',0,271,0,'','','',NULL,'1359157c68d30b7ddd.jpg'),(2864,'便携包/笼',0,271,0,'','','',NULL,'46157c68d30c44b2.jpg'),(2865,'服饰',0,271,0,'','','',NULL,'1688857c68d30d3b30.jpg'),(2866,'外出用品',0,271,0,'','','',NULL,'268557c68d30e1fb8.jpg'),(2867,'除草剂',0,272,0,'','','',NULL,'2510457c68d30f0473.jpg'),(2868,'杀菌剂',0,272,0,'','','',NULL,'906157c68d310a84e.jpg'),(2869,'杀虫剂',0,272,0,'','','',NULL,'1354357c68d3118187.jpg'),(2870,'杀螨剂',0,272,0,'','','',NULL,'1403157c68d31250a7.jpg'),(2871,'杀螺剂',0,272,0,'','','',NULL,'1049657c68d313418d.jpg'),(2872,'杀线虫剂',0,272,0,'','','',NULL,'2281757c68d3143a1a.jpg'),(2873,'植物生长调节剂',0,272,0,'','','',NULL,'1057457c68d3152cca.jpg'),(2874,'助剂',0,272,0,'','','',NULL,'3098557c68d315f9e9.png'),(2875,'氮/磷/钾肥',0,273,0,'','','',NULL,'2541457c68d316ba07.jpg'),(2876,'复合肥',0,273,0,'','','',NULL,'248657c68d31780c1.jpg'),(2877,'有机肥',0,273,0,'','','',NULL,'2115157c68d3184ade.jpg'),(2878,'生物菌肥',0,273,0,'','','',NULL,'1642057c68d31911cc.jpg'),(2879,'水溶/叶面肥',0,273,0,'','','',NULL,'2662757c68d31a047c.jpg'),(2880,'全价料',0,274,0,'','','',NULL,'90857c68d31acc54.jpg'),(2881,'浓缩料',0,274,0,'','','',NULL,'261157c68d31bd6c7.jpg'),(2882,'预混料',0,274,0,'','','',NULL,'2928957c68d31caa61.jpg'),(2883,'饲料添加剂',0,274,0,'','','',NULL,'2802057c68d31dbf50.jpg'),(2884,'中兽药',0,275,0,'','','',NULL,'1043357c68d31eab1d.jpg'),(2885,'西兽药',0,275,0,'','','',NULL,'2335757c68d32068f2.jpg'),(2886,'兽医器具',0,276,0,'','','',NULL,'654257c68d32137ad.jpg'),(2887,'生产/运输器具',0,276,0,'','','',NULL,'524757c68d3220ba0.jpg'),(2888,'热门品牌',0,6,0,'','','',NULL,NULL),(2889,'手机通讯',0,6,0,'','','',NULL,NULL),(2890,'运营商',0,6,0,'','','',NULL,NULL),(2891,'手机配件',0,6,0,'','','',NULL,NULL),(2892,'摄影摄像',0,6,0,'','','',NULL,NULL),(2893,'影音娱乐',0,6,0,'','','',NULL,NULL),(2894,'数码配件',0,6,0,'','','',NULL,NULL),(2895,'智能设备',0,6,0,'','','',NULL,NULL),(2896,'电子教育',0,6,0,'','','',NULL,NULL),(2897,'iPhone',0,2888,0,'','','',NULL,'1785057c6a2f0632b1.jpg'),(2898,'小米 ',0,2888,0,'','','',NULL,'1565457c6a2f0734cd.png'),(2899,'荣耀',0,2888,0,'','','',NULL,'847557c6a2f07f46a.jpg'),(2900,'华为',0,2888,0,'','','',NULL,'2835557c6a2f08b76c.jpg'),(2901,'乐视',0,2888,0,'','','',NULL,'2064657c6a2f099953.png'),(2902,'魅族',0,2888,0,'','','',NULL,'2562857c6a2f0a5983.jpg'),(2903,'三星',0,2888,0,'','','',NULL,'2900357c6a2f0b2964.png'),(2904,'OPPO',0,2888,0,'','','',NULL,'2310257c6a2f0be78d.png'),(2905,'360手机',0,2888,0,'','','',NULL,'3080657c6a2f0cac32.jpg'),(2906,'努比亚',0,2888,0,'','','',NULL,'1329257c6a2f0d82d1.jpg'),(2907,'vivo',0,2888,0,'','','',NULL,'754857c6a2f0e738b.png'),(2908,'中兴',0,2888,0,'','','',NULL,'1280057c6a2f0f329c.jpg'),(2909,'手机',0,2889,0,'','','',NULL,'2003857c6a2f10db39.png'),(2910,'对讲机',0,2889,0,'','','',NULL,'1732657c6a2f1195a8.jpg'),(2911,'以旧换新',0,2889,0,'','','',NULL,'1580257c6a2f125e99.jpg'),(2912,'京东维修',0,2889,0,'','','',NULL,'2201157c6a2f1331d2.jpg'),(2913,'合约机',0,2890,0,'','','',NULL,'3135357c6a2f13fd30.png'),(2914,'选号卡',0,2890,0,'','','',NULL,'100757c6a2f14b4be.png'),(2915,'京东网厅',0,2890,0,'','','',NULL,'170957c6a2f156b76.jpg'),(2916,'170靓号',0,2890,0,'','','',NULL,'2182957c6a2f165f34.png'),(2917,'办套餐',0,2890,0,'','','',NULL,'216657c6a2f171f4f.jpg'),(2918,'蓝牙耳机',0,2891,0,'','','',NULL,'2653457c6a2f18a25b.jpg'),(2919,'移动电源',0,2891,0,'','','',NULL,'786957c6a2f197566.jpg'),(2920,'苹果周边',0,2891,0,'','','',NULL,'3243557c6a2f1a3e3b.jpg'),(2921,'手机耳机',0,2891,0,'','','',NULL,'142557c6a2f1b0893.jpg'),(2922,'充电器',0,2891,0,'','','',NULL,'650557c6a2f1bf3da.jpg'),(2923,'手机贴膜',0,2891,0,'','','',NULL,'2008957c6a2f1cb914.jpg'),(2924,'数据线',0,2891,0,'','','',NULL,'2448957c6a2f1d7c55.jpg'),(2925,'手机存储卡',0,2891,0,'','','',NULL,'2161157c6a2f1e4149.jpg'),(2926,'手机电池',0,2891,0,'','','',NULL,'432157c6a2f1f0b36.jpg'),(2927,'手机保护套',0,2891,0,'','','',NULL,'415457c6a2f20a45c.jpg'),(2928,'车载配件',0,2891,0,'','','',NULL,'952057c6a2f2181cd.jpg'),(2929,'创意配件',0,2891,0,'','','',NULL,'2297257c6a2f226543.jpg'),(2930,'手机饰品',0,2891,0,'','','',NULL,'729257c6a2f232bff.jpg'),(2931,'拍照配件',0,2891,0,'','','',NULL,'1715557c6a2f243ad8.jpg'),(2932,'手机支架',0,2891,0,'','','',NULL,'493757c6a2f251846.jpg'),(2933,'单反相机',0,2892,0,'','','',NULL,'2619257c6a2f26109b.jpg'),(2934,'单电/微单相机',0,2892,0,'','','',NULL,'1315357c6a2f27049b.jpg'),(2935,'拍立得',0,2892,0,'','','',NULL,'119657c6a2f27cf42.jpg'),(2936,'数码相机',0,2892,0,'','','',NULL,'166657c6a2f28ce73.jpg'),(2937,'摄像机',0,2892,0,'','','',NULL,'59257c6a2f29b50d.jpg'),(2938,'运动相机',0,2892,0,'','','',NULL,'912957c6a2f2a8276.jpg'),(2939,'镜头',0,2892,0,'','','',NULL,'3052857c6a2f2b5184.jpg'),(2940,'户外器材',0,2892,0,'','','',NULL,'1325457c6a2f2c164f.jpg'),(2941,'影棚器材',0,2892,0,'','','',NULL,'3219557c6a2f2d03d3.jpg'),(2942,'冲印服务',0,2892,0,'','','',NULL,'2887657c6a2f2dcd76.png'),(2943,'耳机/耳麦',0,2893,0,'','','',NULL,'3011557c6a2f2e8a4c.jpg'),(2944,'音箱/音响',0,2893,0,'','','',NULL,'677757c6a2f301c3f.jpg'),(2945,'MP3/MP4',0,2893,0,'','','',NULL,'2722057c6a2f312029.jpg'),(2946,'便携/无线音箱',0,2893,0,'','','',NULL,'3029757c6a2f3203d8.jpg'),(2947,'收音机',0,2893,0,'','','',NULL,'3160857c6a2f330fab.jpg'),(2948,'麦克风',0,2893,0,'','','',NULL,'2374957c6a2f33e2be.jpg'),(2949,'专业音频',0,2893,0,'','','',NULL,'2517457c6a2f34d4e1.jpg'),(2950,'存储卡',0,2894,0,'','','',NULL,'893957c6a2f35b7e5.jpg'),(2951,'读卡器',0,2894,0,'','','',NULL,'1747357c6a2f36975c.jpg'),(2952,'滤镜',0,2894,0,'','','',NULL,'2923057c6a2f379275.jpg'),(2953,'闪光灯/手柄',0,2894,0,'','','',NULL,'1664557c6a2f38a0a4.jpg'),(2954,'相机包',0,2894,0,'','','',NULL,'2440857c6a2f397423.jpg'),(2955,'三脚架/云台',0,2894,0,'','','',NULL,'2605657c6a2f3a469b.jpg'),(2956,'相机清洁/贴膜',0,2894,0,'','','',NULL,'2673357c6a2f3b2ab1.jpg'),(2957,'相机贴膜',0,2894,0,'','','',NULL,'1230357c6a2f3bf892.jpg'),(2958,'机身附件',0,2894,0,'','','',NULL,'3025157c6a2f3cc597.jpg'),(2959,'镜头附件',0,2894,0,'','','',NULL,'2707157c6a2f3d92fc.jpg'),(2960,'电池/充电器',0,2894,0,'','','',NULL,'985157c6a2f3e6403.jpg'),(2961,'数码支架',0,2894,0,'','','',NULL,'1185957c6a2f3f25b2.jpg'),(2962,'智能手环',0,2895,0,'','','',NULL,'392557c6a2f40b548.jpg'),(2963,'智能手表',0,2895,0,'','','',NULL,'1091557c6a2f417c1f.jpg'),(2964,'健康监测',0,2895,0,'','','',NULL,'2609257c6a2f4244e9.jpg'),(2965,'智能家居',0,2895,0,'','','',NULL,'2967257c6a2f430b13.jpg'),(2966,'体感车',0,2895,0,'','','',NULL,'515157c6a2f43d002.jpg'),(2967,'智能眼镜',0,2895,0,'','','',NULL,'3069457c6a2f449729.jpg'),(2968,'运动跟踪器',0,2895,0,'','','',NULL,'2214257c6a2f4563d0.jpg'),(2969,'智能配饰',0,2895,0,'','','',NULL,'2236957c6a2f46348b.jpg'),(2970,'其他配件',0,2895,0,'','','',NULL,'393957c6a2f46f7a9.jpg'),(2971,'智能机器人',0,2895,0,'','','',NULL,'1774057c6a2f47e249.jpg'),(2972,'无人机',0,2895,0,'','','',NULL,'817857c6a2f48c319.jpg'),(2973,'电子词典',0,2896,0,'','','',NULL,'622357c6a2f49c671.jpg'),(2974,'电纸书',0,2896,0,'','','',NULL,'2406057c6a2f4a9c5c.jpg'),(2975,'录音笔',0,2896,0,'','','',NULL,'2703057c6a2f4b8a20.jpg'),(2976,'复读机',0,2896,0,'','','',NULL,'1385057c6a2f4c510b.jpg'),(2977,'点读机/笔',0,2896,0,'','','',NULL,'1306457c6a2f4d5064.jpg'),(2978,'学生平板',0,2896,0,'','','',NULL,'1727557c6a2f4e5b32.jpg'),(2979,'早教益智',0,2896,0,'','','',NULL,'1238257c6a2f4f23ed.jpg');
/*!40000 ALTER TABLE `ms_mall_goods_class` ENABLE KEYS */;
UNLOCK TABLES;

--
-- Table structure for table `ms_mall_goods_class_copy`
--

DROP TABLE IF EXISTS `ms_mall_goods_class_copy`;
/*!40101 SET @saved_cs_client     = @@character_set_client */;
/*!40101 SET character_set_client = utf8 */;
CREATE TABLE `ms_mall_goods_class_copy` (
  `gc_id` int(10) unsigned NOT NULL AUTO_INCREMENT COMMENT '索引ID',
  `gc_name` varchar(100) NOT NULL COMMENT '分类名称',
  `mid` int(10) unsigned NOT NULL COMMENT '模型id',
  `gc_parent_id` int(10) unsigned NOT NULL DEFAULT '0' COMMENT '父ID',
  `gc_sort` tinyint(1) unsigned NOT NULL DEFAULT '0' COMMENT '排序',
  `gc_title` varchar(200) NOT NULL COMMENT '名称',
  `gc_keywords` varchar(255) NOT NULL DEFAULT '' COMMENT '关键词',
  `gc_description` varchar(255) NOT NULL DEFAULT '' COMMENT '描述',
  `gc_icon` char(10) DEFAULT NULL COMMENT 'icon字体图标',
  `gc_icon_img` text,
  PRIMARY KEY (`gc_id`),
  KEY `store_id` (`gc_parent_id`)
) ENGINE=InnoDB AUTO_INCREMENT=2980 DEFAULT CHARSET=utf8 COMMENT='商品分类表';
/*!40101 SET character_set_client = @saved_cs_client */;

--
-- Dumping data for table `ms_mall_goods_class_copy`
--

LOCK TABLES `ms_mall_goods_class_copy` WRITE;
/*!40000 ALTER TABLE `ms_mall_goods_class_copy` DISABLE KEYS */;
INSERT INTO `ms_mall_goods_class_copy` VALUES (1,'潮流女装',0,0,0,'','','',NULL,NULL),(2,'品牌男装',0,0,0,'','','',NULL,NULL),(3,'个护化妆',0,0,0,'','','',NULL,NULL),(4,'家用电器',0,0,0,'','','',NULL,NULL),(5,'电脑办公',0,0,0,'','','',NULL,NULL),(6,'手机数码',0,0,0,'','','',NULL,NULL),(7,'母婴童装',0,0,0,'','','',NULL,NULL),(8,'图书',0,0,0,'','','',NULL,NULL),(9,'家居家纺',0,0,0,'','','',NULL,NULL),(10,'居家生活',0,0,0,'','','',NULL,NULL),(11,'家具建材',0,0,0,'','','',NULL,NULL),(12,'食品生鲜',0,0,0,'','','',NULL,NULL),(13,'酒水饮料',0,0,0,'','','',NULL,NULL),(14,'运动户外',0,0,0,'','','',NULL,NULL),(15,'鞋靴箱包',0,0,0,'','','',NULL,NULL),(16,'奢品礼品',0,0,0,'','','',NULL,NULL),(17,'钟表珠宝',0,0,0,'','','',NULL,NULL),(18,'玩具乐器',0,0,0,'','','',NULL,NULL),(19,'内衣配饰',0,0,0,'','','',NULL,NULL),(20,'汽车用品',0,0,0,'','','',NULL,NULL),(21,'音像制品',0,0,0,'','','',NULL,NULL),(22,'医药保健',0,0,0,'','','',NULL,NULL),(23,'计生情趣',0,0,0,'','','',NULL,NULL),(24,'宠物农资',0,0,0,'','','',NULL,NULL),(25,'推荐品牌',0,1,0,'','','',NULL,NULL),(26,'热点导购',0,1,0,'','','',NULL,NULL),(27,'热卖品类',0,1,0,'','','',NULL,NULL),(28,'裙装',0,1,0,'','','',NULL,NULL),(29,'上装',0,1,0,'','','',NULL,NULL),(30,'下装',0,1,0,'','','',NULL,NULL),(31,'特色类目',0,1,0,'','','',NULL,NULL),(32,'热卖品牌',0,1,0,'','','',NULL,NULL),(33,'热卖选购',0,2,0,'','','',NULL,NULL),(34,'专场推荐',0,2,0,'','','',NULL,NULL),(35,'夹克',0,2,0,'','','',NULL,NULL),(36,'衬衫',0,2,0,'','','',NULL,NULL),(37,'男士内搭',0,2,0,'','','',NULL,NULL),(38,'男士外套',0,2,0,'','','',NULL,NULL),(39,'男士裤装',0,2,0,'','','',NULL,NULL),(40,'特色男装',0,2,0,'','','',NULL,NULL),(41,'热卖品牌',0,2,0,'','','',NULL,NULL),(42,'面部护肤',0,3,0,'','','',NULL,NULL),(43,'身体护理',0,3,0,'','','',NULL,NULL),(44,'口腔护理',0,3,0,'','','',NULL,NULL),(45,'香水彩妆',0,3,0,'','','',NULL,NULL),(46,'洗发护发',0,3,0,'','','',NULL,NULL),(47,'女性护理',0,3,0,'','','',NULL,NULL),(48,'清洁用品 ',0,3,0,'','','',NULL,NULL),(49,'推荐品牌',0,4,0,'','','',NULL,NULL),(50,'电视',0,4,0,'','','',NULL,NULL),(51,'空调',0,4,0,'','','',NULL,NULL),(52,'洗衣机',0,4,0,'','','',NULL,NULL),(53,'冰箱',0,4,0,'','','',NULL,NULL),(54,'厨卫大电',0,4,0,'','','',NULL,NULL),(55,'厨房小电',0,4,0,'','','',NULL,NULL),(56,'生活电器',0,4,0,'','','',NULL,NULL),(57,'个护健康',0,4,0,'','','',NULL,NULL),(58,'家庭影音',0,4,0,'','','',NULL,NULL),(59,'进口电器',0,4,0,'','','',NULL,NULL),(60,'电脑整机',0,5,0,'','','',NULL,NULL),(61,'电脑配件',0,5,0,'','','',NULL,NULL),(62,'外设产品',0,5,0,'','','',NULL,NULL),(63,'网络产品',0,5,0,'','','',NULL,NULL),(64,'游戏设备',0,5,0,'','','',NULL,NULL),(65,'办公设备',0,5,0,'','','',NULL,NULL),(66,'文具耗材',0,5,0,'','','',NULL,NULL),(67,'奶粉',0,7,0,'','','',NULL,NULL),(68,'营养辅食',0,7,0,'','','',NULL,NULL),(69,'尿裤湿巾',0,7,0,'','','',NULL,NULL),(70,'喂养用品',0,7,0,'','','',NULL,NULL),(71,'洗护用品',0,7,0,'','','',NULL,NULL),(72,'童车童床',0,7,0,'','','',NULL,NULL),(73,'寝居服饰',0,7,0,'','','',NULL,NULL),(74,'妈妈专区',0,7,0,'','','',NULL,NULL),(75,'安全座椅',0,7,0,'','','',NULL,NULL),(76,'童装童鞋',0,7,0,'','','',NULL,NULL),(77,'玩具乐器',0,7,0,'','','',NULL,NULL),(78,'热卖品牌',0,7,0,'','','',NULL,NULL),(79,'热门分类',0,8,0,'','','',NULL,NULL),(80,'电子书',0,8,0,'','','',NULL,NULL),(81,'中小学教辅',0,8,0,'','','',NULL,NULL),(82,'外语学习',0,8,0,'','','',NULL,NULL),(83,'考试',0,8,0,'','','',NULL,NULL),(84,'大中专教材教辅',0,8,0,'','','',NULL,NULL),(85,'字典词典工具书',0,8,0,'','','',NULL,NULL),(86,'童书',0,8,0,'','','',NULL,NULL),(87,'文学',0,8,0,'','','',NULL,NULL),(88,'小说',0,8,0,'','','',NULL,NULL),(89,'男士外套',0,8,0,'','','',NULL,NULL),(90,'传记',0,8,0,'','','',NULL,NULL),(91,'青春文学',0,8,0,'','','',NULL,NULL),(92,'动漫',0,8,0,'','','',NULL,NULL),(93,'管理',0,8,0,'','','',NULL,NULL),(94,'经济',0,8,0,'','','',NULL,NULL),(95,'金融与投资',0,8,0,'','','',NULL,NULL),(96,'励志与成功',0,8,0,'','','',NULL,NULL),(97,'历史',0,8,0,'','','',NULL,NULL),(98,'政治军事',0,8,0,'','','',NULL,NULL),(99,'哲学宗教',0,8,0,'','','',NULL,NULL),(100,'国学古籍',0,8,0,'','','',NULL,NULL),(101,'心理学',0,8,0,'','','',NULL,NULL),(102,'法律',0,8,0,'','','',NULL,NULL),(103,'文化',0,8,0,'','','',NULL,NULL),(104,'社会科学',0,8,0,'','','',NULL,NULL),(105,'艺术',0,8,0,'','','',NULL,NULL),(106,'绘画',0,8,0,'','','',NULL,NULL),(107,'摄影',0,8,0,'','','',NULL,NULL),(108,'育儿家教',0,8,0,'','','',NULL,NULL),(109,'健身与保健',0,8,0,'','','',NULL,NULL),(110,'旅游地图',0,8,0,'','','',NULL,NULL),(111,'娱乐休闲',0,8,0,'','','',NULL,NULL),(112,'家居',0,8,0,'','','',NULL,NULL),(113,'烹饪美食',0,8,0,'','','',NULL,NULL),(114,'时尚美妆',0,8,0,'','','',NULL,NULL),(115,'婚恋与两性',0,8,0,'','','',NULL,NULL),(116,'体育运动',0,8,0,'','','',NULL,NULL),(117,'计算机与互联网',0,8,0,'','','',NULL,NULL),(118,'科普读物',0,8,0,'','','',NULL,NULL),(119,'工业技术',0,8,0,'','','',NULL,NULL),(120,'建筑',0,8,0,'','','',NULL,NULL),(121,'医学',0,8,0,'','','',NULL,NULL),(122,'电子与通信',0,8,0,'','','',NULL,NULL),(123,'科学与自然',0,8,0,'','','',NULL,NULL),(124,'农业林业',0,8,0,'','','',NULL,NULL),(125,'港台图书',0,8,0,'','','',NULL,NULL),(126,'杂志期刊',0,8,0,'','','',NULL,NULL),(127,'文化用品',0,8,0,'','','',NULL,NULL),(128,'热卖推荐',0,9,0,'','','',NULL,NULL),(129,'家纺',0,9,0,'','','',NULL,NULL),(130,'生活日用',0,9,0,'','','',NULL,NULL),(131,'家装软饰',0,9,0,'','','',NULL,NULL),(132,'灯具',0,9,0,'','','',NULL,NULL),(133,'应季热销',0,10,0,'','','',NULL,NULL),(134,'水具酒具',0,10,0,'','','',NULL,NULL),(135,'烹饪锅具',0,10,0,'','','',NULL,NULL),(136,'厨房配件',0,10,0,'','','',NULL,NULL),(137,'茶具咖啡具',0,10,0,'','','',NULL,NULL),(138,'餐具',0,10,0,'','','',NULL,NULL),(139,'刀剪菜板',0,10,0,'','','',NULL,NULL),(140,'热卖推荐',0,11,0,'','','',NULL,NULL),(141,'厨房卫浴',0,11,0,'','','',NULL,NULL),(142,'灯饰照明',0,11,0,'','','',NULL,NULL),(143,'五金工具',0,11,0,'','','',NULL,NULL),(144,'电工电料',0,11,0,'','','',NULL,NULL),(145,'墙地面材料',0,11,0,'','','',NULL,NULL),(146,'装饰材料',0,11,0,'','','',NULL,NULL),(147,'装修服务',0,11,0,'','','',NULL,NULL),(148,'卧室家具',0,11,0,'','','',NULL,NULL),(149,'客厅家具',0,11,0,'','','',NULL,NULL),(150,'书房家具',0,11,0,'','','',NULL,NULL),(151,'储物家具',0,11,0,'','','',NULL,NULL),(152,'阳台户外',0,11,0,'','','',NULL,NULL),(153,'餐厅家具',0,11,0,'','','',NULL,NULL),(154,'商业办公',0,11,0,'','','',NULL,NULL),(155,'儿童家具',0,11,0,'','','',NULL,NULL),(156,'进口食品',0,12,0,'','','',NULL,NULL),(157,'新鲜水果',0,12,0,'','','',NULL,NULL),(158,'猪牛羊肉',0,12,0,'','','',NULL,NULL),(159,'地方特产',0,12,0,'','','',NULL,NULL),(160,'海鲜水产',0,12,0,'','','',NULL,NULL),(161,'禽类蛋品',0,12,0,'','','',NULL,NULL),(162,'新鲜蔬菜',0,12,0,'','','',NULL,NULL),(163,'休闲食品',0,12,0,'','','',NULL,NULL),(164,'粮油调味',0,12,0,'','','',NULL,NULL),(165,'食品礼券',0,12,0,'','','',NULL,NULL),(166,'产品直供',0,12,0,'','','',NULL,NULL),(167,'速冻食品',0,12,0,'','','',NULL,NULL),(168,'饮品甜品',0,12,0,'','','',NULL,NULL),(169,'中外名酒',0,13,0,'','','',NULL,NULL),(170,'饮料冲调',0,13,0,'','','',NULL,NULL),(171,'茗茶',0,13,0,'','','',NULL,NULL),(172,'运动热门购',0,14,0,'','','',NULL,NULL),(173,'运动鞋包',0,14,0,'','','',NULL,NULL),(174,'运动服饰',0,14,0,'','','',NULL,NULL),(175,'户外鞋服',0,14,0,'','','',NULL,NULL),(176,'户外装备',0,14,0,'','','',NULL,NULL),(177,'骑行运动',0,14,0,'','','',NULL,NULL),(178,'健身训练',0,14,0,'','','',NULL,NULL),(179,'体育用品',0,14,0,'','','',NULL,NULL),(180,'垂钓用品',0,14,0,'','','',NULL,NULL),(181,'游泳用品',0,14,0,'','','',NULL,NULL),(182,'热门分类',0,15,0,'','','',NULL,NULL),(183,'流行男鞋',0,15,0,'','','',NULL,NULL),(184,'时尚女鞋',0,15,0,'','','',NULL,NULL),(185,'潮流女包',0,15,0,'','','',NULL,NULL),(186,'精品男包',0,15,0,'','','',NULL,NULL),(187,'功能箱包',0,15,0,'','','',NULL,NULL),(188,'热门推荐',0,16,0,'','','',NULL,NULL),(189,'奢侈品',0,16,0,'','','',NULL,NULL),(190,'礼品',0,16,0,'','','',NULL,NULL),(191,'时尚饰品',0,17,0,'','','',NULL,NULL),(192,'钟表',0,17,0,'','','',NULL,NULL),(193,'黄金',0,17,0,'','','',NULL,NULL),(194,'银饰',0,17,0,'','','',NULL,NULL),(195,'木手串把件',0,17,0,'','','',NULL,NULL),(196,'翡翠玉石',0,17,0,'','','',NULL,NULL),(197,'水晶玛瑙',0,17,0,'','','',NULL,NULL),(198,'钻石',0,17,0,'','','',NULL,NULL),(199,'珍珠',0,17,0,'','','',NULL,NULL),(200,'彩宝',0,17,0,'','','',NULL,NULL),(201,'K金饰品',0,17,0,'','','',NULL,NULL),(202,'铂金',0,17,0,'','','',NULL,NULL),(203,'金银投资',0,17,0,'','','',NULL,NULL),(204,'热销大牌',0,17,0,'','','',NULL,NULL),(205,'适用年龄',0,18,0,'','','',NULL,NULL),(206,'益智玩具',0,18,0,'','','',NULL,NULL),(207,'遥控电动',0,18,0,'','','',NULL,NULL),(208,'积木拼插',0,18,0,'','','',NULL,NULL),(209,'毛绒布艺',0,18,0,'','','',NULL,NULL),(210,'健身玩具',0,18,0,'','','',NULL,NULL),(211,'娃娃玩具',0,18,0,'','','',NULL,NULL),(212,'模型玩具',0,18,0,'','','',NULL,NULL),(213,'动漫玩具',0,18,0,'','','',NULL,NULL),(214,'DIY玩具',0,18,0,'','','',NULL,NULL),(215,'创意减压',0,18,0,'','','',NULL,NULL),(216,'乐器',0,18,0,'','','',NULL,NULL),(217,'热点推荐',0,19,0,'','','',NULL,NULL),(218,'内衣',0,19,0,'','','',NULL,NULL),(219,'热门推荐',0,19,0,'','','',NULL,NULL),(220,'服饰配件',0,19,0,'','','',NULL,NULL),(221,'热卖推荐',0,20,0,'','','',NULL,NULL),(222,'特色推荐',0,20,0,'','','',NULL,NULL),(223,'全新整车',0,20,0,'','','',NULL,NULL),(224,'车载电器',0,20,0,'','','',NULL,NULL),(225,'维修保养',0,20,0,'','','',NULL,NULL),(226,'美容清洗',0,20,0,'','','',NULL,NULL),(227,'汽车装饰',0,20,0,'','','',NULL,NULL),(228,'安全自驾',0,20,0,'','','',NULL,NULL),(229,'汽车服务',0,20,0,'','','',NULL,NULL),(230,'热门推荐',0,21,0,'','','',NULL,NULL),(231,'文娱艺人周边',0,21,0,'','','',NULL,NULL),(232,'内地流行',0,21,0,'','','',NULL,NULL),(233,'华语流行',0,21,0,'','','',NULL,NULL),(234,'欧美流行',0,21,0,'','','',NULL,NULL),(235,'日韩流行',0,21,0,'','','',NULL,NULL),(236,'HIFI发烧碟',0,21,0,'','','',NULL,NULL),(237,'进口CD',0,21,0,'','','',NULL,NULL),(238,'古典',0,21,0,'','','',NULL,NULL),(239,'爵士蓝调',0,21,0,'','','',NULL,NULL),(240,'休闲音乐',0,21,0,'','','',NULL,NULL),(241,'民歌民乐',0,21,0,'','','',NULL,NULL),(242,'摇滚',0,21,0,'','','',NULL,NULL),(243,'相声戏曲曲艺',0,21,0,'','','',NULL,NULL),(244,'影视音乐',0,21,0,'','','',NULL,NULL),(245,'音乐教育',0,21,0,'','','',NULL,NULL),(246,'有声读物',0,21,0,'','','',NULL,NULL),(247,'宗教庆典音乐',0,21,0,'','','',NULL,NULL),(248,'中西药品',0,22,0,'','','',NULL,NULL),(249,'营养成分',0,22,0,'','','',NULL,NULL),(250,'营养健康',0,22,0,'','','',NULL,NULL),(251,'护理护具',0,22,0,'','','',NULL,NULL),(252,'保健器械',0,22,0,'','','',NULL,NULL),(253,'传统滋补',0,22,0,'','','',NULL,NULL),(254,'大品牌',0,23,0,'','','',NULL,NULL),(255,'安全避孕',0,23,0,'','','',NULL,NULL),(256,'男用器具',0,23,0,'','','',NULL,NULL),(257,'女用器具',0,23,0,'','','',NULL,NULL),(258,'人体润滑',0,23,0,'','','',NULL,NULL),(259,'情趣内衣',0,23,0,'','','',NULL,NULL),(260,'验孕测孕',0,23,0,'','','',NULL,NULL),(261,'更多品牌',0,23,0,'','','',NULL,NULL),(262,'盆栽苗木',0,24,0,'','','',NULL,NULL),(263,'种子',0,24,0,'','','',NULL,NULL),(264,'园林农耕',0,24,0,'','','',NULL,NULL),(265,'宠物主粮',0,24,0,'','','',NULL,NULL),(266,'宠物零食',0,24,0,'','','',NULL,NULL),(267,'水族世界',0,24,0,'','','',NULL,NULL),(268,'宠物浴液',0,24,0,'','','',NULL,NULL),(269,'宠物医疗',0,24,0,'','','',NULL,NULL),(270,'宠物玩具',0,24,0,'','','',NULL,NULL),(271,'出行装备',0,24,0,'','','',NULL,NULL),(272,'农药',0,24,0,'','','',NULL,NULL),(273,'肥料',0,24,0,'','','',NULL,NULL),(274,'饲料',0,24,0,'','','',NULL,NULL),(275,'兽药',0,24,0,'','','',NULL,NULL),(276,'兽用器具',0,24,0,'','','',NULL,NULL),(277,'欧时力',0,25,0,'','','',NULL,'3095057c68cc2ac8f9.jpg'),(278,'雅莹',0,25,0,'','','',NULL,'1810457c68cc2b8d8e.jpg'),(279,'MO&Co.',0,25,0,'','','',NULL,'2344457c68cc2c5271.jpg'),(280,'ONLY',0,25,0,'','','',NULL,'1445657c68cc2d3df6.jpg'),(281,'VERO MODA',0,25,0,'','','',NULL,'1947757c68cc2e2175.jpg'),(282,'DAZZLE',0,25,0,'','','',NULL,'2363257c68cc2efa90.jpg'),(283,'太平鸟',0,25,0,'','','',NULL,'1141457c68cc3082ac.jpg'),(284,'伊芙丽',0,25,0,'','','',NULL,'2107057c68cc315560.jpg'),(285,'哥弟',0,25,0,'','','',NULL,'441157c68cc3236d0.jpg'),(286,'自营女装',0,26,0,'','','',NULL,'1053357c68cc33199f.jpg'),(287,'JD FOR HER',0,26,0,'','','',NULL,'2982457c68cc33ea75.jpg'),(288,'精品女装',0,26,0,'','','',NULL,'2600657c68cc34bf6d.jpg'),(289,'新品连衣裙',0,27,0,'','','',NULL,'1319957c68cc3584bc.jpg'),(290,'针织开衫',0,27,0,'','','',NULL,'2198857c68cc3678ec.jpg'),(291,'长袖衬衫',0,27,0,'','','',NULL,'1493957c68cc3751f4.jpg'),(292,'时尚T恤',0,27,0,'','','',NULL,'666357c68cc3830b8.jpg'),(293,'雪纺衫',0,27,0,'','','',NULL,'1779257c68cc390164.jpg'),(294,'小脚牛仔裤',0,27,0,'','','',NULL,'2010657c68cc39d119.jpg'),(295,'连帽卫衣',0,27,0,'','','',NULL,'415457c68cc3ad331.jpg'),(296,'棒球衫',0,27,0,'','','',NULL,'3051157c68cc3bbae4.jpg'),(297,'蕾丝裙',0,27,0,'','','',NULL,'1406257c68cc3c8558.jpg'),(298,'秋季连衣裙',0,28,0,'','','',NULL,'2861957c68cc3d8049.jpg'),(299,'长袖连衣裙',0,28,0,'','','',NULL,'693457c68cc3e431e.jpg'),(300,'针织连衣裙',0,28,0,'','','',NULL,'742357c68cc3f17ae.jpg'),(301,'雪纺连衣裙',0,28,0,'','','',NULL,'1525757c68cc409748.jpg'),(302,'棉麻连衣裙',0,28,0,'','','',NULL,'914157c68cc415bd5.jpg'),(303,'性感连衣裙',0,28,0,'','','',NULL,'1966957c68cc422d12.jpg'),(304,'蕾丝连衣裙',0,28,0,'','','',NULL,'2599457c68cc43189e.jpg'),(305,'牛仔裙',0,28,0,'','','',NULL,'3017057c68cc44385f.jpg'),(306,'套装裙',0,28,0,'','','',NULL,'1268957c68cc454421.jpg'),(307,'针织衫',0,29,0,'','','',NULL,'119657c68cc4631e8.jpg'),(308,'衬衫',0,29,0,'','','',NULL,'2151457c68cc46fb2c.jpg'),(309,'T恤',0,29,0,'','','',NULL,'1473757c68cc47c6a2.jpg'),(310,'卫衣',0,29,0,'','','',NULL,'1767457c68cc48a592.jpg'),(311,'小西装',0,29,0,'','','',NULL,'247157c68cc4997e2.jpg'),(312,'气质风衣',0,29,0,'','','',NULL,'2998857c68cc4a5e3a.jpg'),(313,'雪纺衫',0,29,0,'','','',NULL,'3158257c68cc4b2480.jpg'),(314,'打底衫',0,29,0,'','','',NULL,'2881757c68cc4be6c4.jpg'),(315,'针织外套',0,29,0,'','','',NULL,'499857c68cc4cc39c.jpg'),(316,'短外套',0,29,0,'','','',NULL,'522957c68cc4d8d3a.jpg'),(317,'羊绒衫',0,29,0,'','','',NULL,'1640457c68cc4e5240.jpg'),(318,'皮衣',0,29,0,'','','',NULL,'1203157c68cc4f1667.jpg'),(319,'牛仔裤',0,30,0,'','','',NULL,'2196357c68cc509ce7.jpg'),(320,'休闲裤',0,30,0,'','','',NULL,'2743657c68cc516270.jpg'),(321,'短裤',0,30,0,'','','',NULL,'829857c68cc522756.jpg'),(322,'小脚裤',0,30,0,'','','',NULL,'1036457c68cc53104a.jpg'),(323,'哈伦裤',0,30,0,'','','',NULL,'1665757c68cc53ea49.jpg'),(324,'连体裤',0,30,0,'','','',NULL,'1136257c68cc550529.jpg'),(325,'九分裤',0,30,0,'','','',NULL,'1355657c68cc55e7cd.jpg'),(326,'正装裤',0,30,0,'','','',NULL,'1603257c68cc56b534.jpg'),(327,'半身裙',0,30,0,'','','',NULL,'2831957c68cc5782e9.jpg'),(328,'大码女装',0,31,0,'','','',NULL,'461557c68cc584e87.jpg'),(329,'妈妈装',0,31,0,'','','',NULL,'3233857c68cc591f2c.jpg'),(330,'婚纱',0,31,0,'','','',NULL,'917757c68cc5a0f52.jpg'),(331,'旗袍/唐装',0,31,0,'','','',NULL,'2719757c68cc5adafd.jpg'),(332,'礼服',0,31,0,'','','',NULL,'2037557c68cc5bed81.jpg'),(333,'设计师/潮牌',0,31,0,'','','',NULL,'759257c68cc5cd53b.jpg'),(334,'韩都衣舍',0,32,0,'','','',NULL,'52557c68cc5de9a3.jpg'),(335,'妖精的口袋',0,32,0,'','','',NULL,'2003957c68cc5ed799.jpg'),(336,'茵曼',0,32,0,'','','',NULL,'353357c68cc605f7b.jpg'),(337,'拉夏贝尔',0,32,0,'','','',NULL,'2900657c68cc6129ee.jpg'),(338,'LILY',0,32,0,'','','',NULL,'2982457c68cc61fedd.jpg'),(339,'TeeniWeenie',0,32,0,'','','',NULL,'2611157c68cc62c7a8.jpg'),(340,'AMII',0,32,0,'','','',NULL,'2142257c68cc63b075.jpg'),(341,'百图',0,32,0,'','','',NULL,'2708057c68cc64a2cb.jpg'),(342,'季候风',0,32,0,'','','',NULL,'2277557c68cc65721e.jpg'),(343,'圣迪奥',0,32,0,'','','',NULL,'1898357c68cc663c26.jpg'),(344,'Lagogo',0,32,0,'','','',NULL,'20257c68cc66fbe2.jpg'),(345,'阿依莲',0,32,0,'','','',NULL,'1100057c68cc67e9cd.jpg'),(346,'歌莉娅',0,32,0,'','','',NULL,'1539057c68cc68c4e2.jpg'),(347,'欧莎',0,32,0,'','','',NULL,'1121657c68cc698c2a.jpg'),(348,'阿卡',0,32,0,'','','',NULL,'1555157c68cc6a5411.jpg'),(349,'森宿',0,32,0,'','','',NULL,'1985857c68cc6b1b42.jpg'),(350,'七格格',0,32,0,'','','',NULL,'2589557c68cc6bef62.jpg'),(351,'洛诗琳',0,32,0,'','','',NULL,'1674957c68cc6cc46a.jpg'),(352,'红袖',0,32,0,'','','',NULL,'3276657c68cc6da7ee.jpg'),(353,'粉红大布娃娃',0,32,0,'','','',NULL,'2171357c68cc6eee8c.jpg'),(354,'鄂尔多斯',0,32,0,'','','',NULL,'1758857c68cc707ab0.jpg'),(355,'玛汐',0,32,0,'','','',NULL,'260357c68cc716e3f.jpg'),(356,'颜域',0,32,0,'','','',NULL,'661057c68cc723959.jpg'),(357,'烟花烫',0,32,0,'','','',NULL,'1136857c68cc731121.jpg'),(358,'初语',0,32,0,'','','',NULL,'1919157c68cc741657.jpg'),(359,'熙世界',0,32,0,'','','',NULL,'2342957c68cc74e1ec.jpg'),(360,'音儿',0,32,0,'','','',NULL,'2243057c68cc75adfa.jpg'),(361,'宝姿',0,32,0,'','','',NULL,'1708457c68cc7842c2.jpg'),(362,'朗姿',0,32,0,'','','',NULL,'2690357c68cc790d39.jpg'),(363,'诗篇',0,32,0,'','','',NULL,'2792257c68cc79dcee.jpg'),(364,'Five Plus',0,32,0,'','','',NULL,'1264657c68cc7aec09.jpg'),(365,'恩裳',0,32,0,'','','',NULL,'494457c68cc7bd1ff.jpg'),(366,'糖力',0,32,0,'','','',NULL,'1685457c68cc7ca3bf.jpg'),(367,'夹克',0,33,0,'','','',NULL,'2217857c68cc7d6dac.jpg'),(368,'衬衫',0,33,0,'','','',NULL,'808057c68cc7e38a1.jpg'),(369,'卫衣',0,33,0,'','','',NULL,'1369657c68cc7f0166.jpg'),(370,'牛仔裤',0,33,0,'','','',NULL,'1982657c68cc80942d.jpg'),(371,'T恤',0,33,0,'','','',NULL,'1345057c68cc816664.jpg'),(372,'休闲裤',0,33,0,'','','',NULL,'3223657c68cc8236b8.jpg'),(373,'针织衫',0,33,0,'','','',NULL,'1726757c68cc83471b.jpg'),(374,'西服',0,33,0,'','','',NULL,'2989657c68cc844da6.jpg'),(375,'风衣',0,33,0,'','','',NULL,'2617257c68cc854ad3.jpg'),(376,'国际品牌',0,34,0,'','','',NULL,'817957c68cc863dfd.png'),(377,'男装馆',0,34,0,'','','',NULL,'1159557c68cc8703a2.jpg'),(378,'自营男装',0,34,0,'','','',NULL,'2655957c68cc87f916.jpg'),(379,'轻薄夹克',0,35,0,'','','',NULL,'693957c68cc88c228.jpg'),(380,'棒球夹克',0,35,0,'','','',NULL,'3130857c68cc898a14.png'),(381,'短款夹克',0,35,0,'','','',NULL,'1961457c68cc8a47ba.jpg'),(382,'机车夹克',0,35,0,'','','',NULL,'1302857c68cc8b381a.jpg'),(383,'飞行夹克',0,35,0,'','','',NULL,'858957c68cc8c0634.jpg'),(384,'迷彩夹克',0,35,0,'','','',NULL,'142957c68cc8cc934.jpg'),(385,'中老年夹克',0,35,0,'','','',NULL,'1949857c68cc8d8f0d.jpg'),(386,'皮夹克',0,35,0,'','','',NULL,'2261057c68cc8e5866.jpg'),(387,'立领夹克',0,35,0,'','','',NULL,'1134557c68cc8f1b0d.jpg'),(388,'长袖衬衫',0,36,0,'','','',NULL,'1596757c68cc90c740.jpg'),(389,'牛仔衬衫',0,36,0,'','','',NULL,'1427657c68cc91b11e.jpg'),(390,'纯棉衬衫',0,36,0,'','','',NULL,'2862957c68cc928873.jpg'),(391,'短袖衬衫',0,36,0,'','','',NULL,'53157c68cc93c2fe.jpg'),(392,'花色衬衫',0,36,0,'','','',NULL,'2623457c68cc94b311.jpg'),(393,'免烫衬衫',0,36,0,'','','',NULL,'1857857c68cc958819.jpg'),(394,'拼接衬衫',0,36,0,'','','',NULL,'468757c68cc965604.jpg'),(395,'纯色衬衫',0,36,0,'','','',NULL,'1926157c68cc971a39.jpg'),(396,'法兰绒衬衫',0,36,0,'','','',NULL,'2750857c68cc97e824.jpg'),(397,'长袖T恤',0,37,0,'','','',NULL,'1676257c68cc98a89b.jpg'),(398,'长袖衬衫',0,37,0,'','','',NULL,'521057c68cc996f6d.jpg'),(399,'短袖衬衫',0,37,0,'','','',NULL,'2920157c68cc9a474c.jpg'),(400,'卫衣',0,37,0,'','','',NULL,'572457c68cc9b25a1.jpg'),(401,'针织衫',0,37,0,'','','',NULL,'2863457c68cc9c1a60.jpg'),(402,'毛衣',0,37,0,'','','',NULL,'2155057c68cc9cda91.jpg'),(403,'POLO衫',0,37,0,'','','',NULL,'1867757c68cc9da228.jpg'),(404,'羊绒衫',0,37,0,'','','',NULL,'2682757c68cc9e7e2e.jpg'),(405,'短袖T恤',0,37,0,'','','',NULL,'933857c68cca02134.jpg'),(406,'夹克',0,38,0,'','','',NULL,'787857c68cca0fe5d.jpg'),(407,'风衣',0,38,0,'','','',NULL,'2740557c68cca22fbe.jpg'),(408,'单西',0,38,0,'','','',NULL,'1923857c68cca34821.jpg'),(409,'真皮皮衣',0,38,0,'','','',NULL,'1452757c68cca436b3.jpg'),(410,'西服套装',0,38,0,'','','',NULL,'2873457c68cca5027d.jpg'),(411,'棉服',0,38,0,'','','',NULL,'283157c68cca5c8c6.jpg'),(412,'羽绒服',0,38,0,'','','',NULL,'2870157c68cca68e1f.jpg'),(413,'毛呢大衣',0,38,0,'','','',NULL,'2972957c68cca751ab.jpg'),(414,'马甲',0,38,0,'','','',NULL,'499257c68cca81597.jpg'),(415,'牛仔裤',0,39,0,'','','',NULL,'929957c68cca8f36b.jpg'),(416,'休闲裤',0,39,0,'','','',NULL,'447157c68ccaa4160.jpg'),(417,'工装裤',0,39,0,'','','',NULL,'2607857c68ccab1f25.jpg'),(418,'西裤',0,39,0,'','','',NULL,'2588757c68ccac3d46.jpg'),(419,'运动裤',0,39,0,'','','',NULL,'1693857c68ccad36b3.jpg'),(420,'阔腿裤',0,39,0,'','','',NULL,'2715457c68ccadff18.jpg'),(421,'加绒裤',0,39,0,'','','',NULL,'177657c68ccaecbe1.jpg'),(422,'棉裤',0,39,0,'','','',NULL,'1574757c68ccb051b8.jpg'),(423,'皮裤',0,39,0,'','','',NULL,'2084957c68ccb131d7.jpg'),(424,'大码男装',0,40,0,'','','',NULL,'438957c68ccb1f8fb.jpg'),(425,'设计师/潮牌',0,40,0,'','','',NULL,'1439757c68ccb2cf89.jpg'),(426,'中老年男装',0,40,0,'','','',NULL,'1799157c68ccb38f11.jpg'),(427,'唐装/中山装',0,40,0,'','','',NULL,'1239057c68ccb45809.jpg'),(428,'工装',0,40,0,'','','',NULL,'685757c68ccb5232b.png'),(429,'沙滩裤',0,40,0,'','','',NULL,'2894357c68ccb5e6dc.jpg'),(430,'皮裤',0,40,0,'','','',NULL,'1609557c68ccb6ac3d.jpg'),(431,'棒球衫',0,40,0,'','','',NULL,'2885857c68ccb773c1.jpg'),(432,'印花卫衣',0,40,0,'','','',NULL,'863257c68ccb84ecb.jpg'),(433,'GXG',0,41,0,'','','',NULL,'1273957c68ccb92385.jpg'),(434,'海澜之家',0,41,0,'','','',NULL,'2982257c68ccb9e318.jpg'),(435,'卡宾',0,41,0,'','','',NULL,'3274357c68ccbadbd5.jpg'),(436,'JackJones',0,41,0,'','','',NULL,'776457c68ccbbb102.jpg'),(437,'Y-3',0,41,0,'','','',NULL,'378157c68ccbc819a.jpg'),(438,'Dickies',0,41,0,'','','',NULL,'2898257c68ccbd5049.jpg'),(439,'美特斯邦威',0,41,0,'','','',NULL,'1069157c68ccbe2624.jpg'),(440,'森马',0,41,0,'','','',NULL,'1201157c68ccbf3425.jpg'),(441,'A21',0,41,0,'','','',NULL,'2655657c68ccc0cb4a.jpg'),(442,'劲霸',0,41,0,'','','',NULL,'982657c68ccc196a4.jpg'),(443,'七匹狼',0,41,0,'','','',NULL,'1058157c68ccc265a8.jpg'),(444,'杉杉',0,41,0,'','','',NULL,'1362557c68ccc37866.jpg'),(445,'马克华菲',0,41,0,'','','',NULL,'793757c68ccc4afad.jpg'),(446,'太平鸟',0,41,0,'','','',NULL,'569757c68ccc59f81.jpg'),(447,'gxg.geans',0,41,0,'','','',NULL,'1533657c68ccc666d1.jpg'),(448,'SELECTED',0,41,0,'','','',NULL,'2795057c68ccc72c8a.jpg'),(449,'TOMMY HILFIGER',0,41,0,'','','',NULL,'2594257c68ccc7f02f.jpg'),(450,'HAZZYS',0,41,0,'','','',NULL,'1661157c68ccc8d480.jpg'),(451,'佐丹奴',0,41,0,'','','',NULL,'2723157c68ccc9b05d.jpg'),(452,'真维斯',0,41,0,'','','',NULL,'2481857c68ccca95c3.jpg'),(453,'班尼路',0,41,0,'','','',NULL,'2811757c68cccb6f6a.jpg'),(454,'柒牌',0,41,0,'','','',NULL,'2260157c68cccc414b.jpg'),(455,'九牧王',0,41,0,'','','',NULL,'3194457c68cccd0aca.jpg'),(456,'红豆',0,41,0,'','','',NULL,'2410357c68cccdd2c9.jpg'),(457,'威可多',0,41,0,'','','',NULL,'771857c68ccce9d11.jpg'),(458,'AK',0,41,0,'','','',NULL,'3271257c68ccd02350.jpg'),(459,'潮流前线',0,41,0,'','','',NULL,'1950857c68ccd12c9d.jpg'),(460,'卸妆',0,42,0,'','','',NULL,'2059057c68ccd23f36.jpg'),(461,'洁面',0,42,0,'','','',NULL,'382957c68ccd32069.jpg'),(462,'爽肤水',0,42,0,'','','',NULL,'683057c68ccd4033d.jpg'),(463,'乳液面霜',0,42,0,'','','',NULL,'2630957c68ccd4ddff.jpg'),(464,'精华',0,42,0,'','','',NULL,'951657c68ccd5af06.jpg'),(465,'眼霜',0,42,0,'','','',NULL,'2883557c68ccd67da0.jpg'),(466,'防晒',0,42,0,'','','',NULL,'2820057c68ccd76c29.jpg'),(467,'面膜',0,42,0,'','','',NULL,'1485657c68ccd83af0.jpg'),(468,'剃须',0,42,0,'','','',NULL,'731057c68ccd91177.jpg'),(469,'套装',0,42,0,'','','',NULL,'1030057c68ccd9ea87.jpg'),(470,'沐浴',0,43,0,'','','',NULL,'675557c68ccdab647.jpg'),(471,'润肤',0,43,0,'','','',NULL,'1421357c68ccdb8352.jpg'),(472,'精油',0,43,0,'','','',NULL,'1121057c68ccdc681e.jpg'),(473,'颈部',0,43,0,'','','',NULL,'1450657c68ccdd4709.jpg'),(474,'手足',0,43,0,'','','',NULL,'1201857c68ccde14ed.jpg'),(475,'纤体塑形',0,43,0,'','','',NULL,'1013357c68ccdee6dd.jpg'),(476,'美胸',0,43,0,'','','',NULL,'2167257c68cce08171.jpg'),(477,'套装',0,43,0,'','','',NULL,'1949657c68cce1567d.jpg'),(478,'牙膏/牙粉',0,44,0,'','','',NULL,'2417657c68cce227e4.jpg'),(479,'牙刷/牙线',0,44,0,'','','',NULL,'779657c68cce30f36.jpg'),(480,'漱口水',0,44,0,'','','',NULL,'569857c68cce42efe.jpg'),(481,'套装',0,44,0,'','','',NULL,'2917757c68cce549e4.jpg'),(482,'女士香水',0,45,0,'','','',NULL,'547857c68cce621ea.jpg'),(483,'男士香水',0,45,0,'','','',NULL,'1832757c68cce6e40c.jpg'),(484,'底妆',0,45,0,'','','',NULL,'2330357c68cce7a6f7.jpg'),(485,'眉笔',0,45,0,'','','',NULL,'2568957c68cce8697f.jpg'),(486,'睫毛膏',0,45,0,'','','',NULL,'3083057c68cce931cc.jpg'),(487,'眼线',0,45,0,'','','',NULL,'3155257c68ccea0604.jpg'),(488,'眼影',0,45,0,'','','',NULL,'205457c68cceaf7ba.jpg'),(489,'唇部',0,45,0,'','','',NULL,'2731657c68ccebc917.jpg'),(490,'腮红',0,45,0,'','','',NULL,'348157c68ccec9b09.jpg'),(491,'美甲',0,45,0,'','','',NULL,'2107157c68cced6fb7.jpg'),(492,'美妆工具',0,45,0,'','','',NULL,'445857c68ccee3674.jpg'),(493,'套装',0,45,0,'','','',NULL,'1128657c68ccef19fe.jpg'),(494,'洗发',0,46,0,'','','',NULL,'539157c68ccf0b757.jpg'),(495,'护发',0,46,0,'','','',NULL,'1135557c68ccf18c29.jpg'),(496,'染发',0,46,0,'','','',NULL,'1440057c68ccf282f0.jpg'),(497,'造型',0,46,0,'','','',NULL,'150757c68ccf370b5.jpg'),(498,'假发',0,46,0,'','','',NULL,'2174957c68ccf45ce5.jpg'),(499,'套装',0,46,0,'','','',NULL,'2355357c68ccf538fd.jpg'),(500,'卫生巾',0,47,0,'','','',NULL,'2188957c68ccf6053d.jpg'),(501,'卫生护垫',0,47,0,'','','',NULL,'1504857c68ccf6cc7a.jpg'),(502,'私密护理',0,47,0,'','','',NULL,'2370057c68ccf79d3c.jpg'),(503,'脱毛膏',0,47,0,'','','',NULL,'2802857c68ccf85da1.jpg'),(504,'纸品湿巾',0,48,0,'','','',NULL,'2209257c68ccf92af3.jpg'),(505,'衣物清洁',0,48,0,'','','',NULL,'356957c68ccfa1b2c.jpg'),(506,'清洁工具',0,48,0,'','','',NULL,'69557c68ccfb0ab0.jpg'),(507,'家庭清洁',0,48,0,'','','',NULL,'1522257c68ccfbe012.jpg'),(508,'一次性用品',0,48,0,'','','',NULL,'1982757c68ccfd71ab.jpg'),(509,'驱虫用品',0,48,0,'','','',NULL,'780457c68ccfe6a04.jpg'),(510,'皮具护理',0,48,0,'','','',NULL,'904457c68cd00089b.jpg'),(511,'微鲸',0,49,0,'','','',NULL,'1795057c68cd00d428.jpg'),(512,'三星',0,49,0,'','','',NULL,'1592957c68cd01bd34.jpg'),(513,'美的',0,49,0,'','','',NULL,'593457c68cd028792.jpg'),(514,'海尔',0,49,0,'','','',NULL,'2468757c68cd036103.jpg'),(515,'飞利浦',0,49,0,'','','',NULL,'12357c68cd04461a.jpg'),(516,'西门子',0,49,0,'','','',NULL,'111457c68cd051c40.jpg'),(517,'海信',0,49,0,'','','',NULL,'163757c68cd05e8b9.jpg'),(518,'九阳',0,49,0,'','','',NULL,'2719657c68cd06ab46.jpg'),(519,'格力',0,49,0,'','','',NULL,'204857c68cd079c33.jpg'),(520,'合资品牌电视',0,50,0,'','','',NULL,'3207657c68cd087e00.jpg'),(521,'国产品牌电视',0,50,0,'','','',NULL,'2926257c68cd0a14ca.jpg'),(522,'互联网品牌电视',0,50,0,'','','',NULL,'474057c68cd0aedf3.jpg'),(523,'壁挂式空调',0,51,0,'','','',NULL,'3132857c68cd0bbdad.jpg'),(524,'柜式空调',0,51,0,'','','',NULL,'2221357c68cd0ca847.jpg'),(525,'空调配件',0,51,0,'','','',NULL,'3208857c68cd0d68fe.jpg'),(526,'滚筒洗衣机',0,52,0,'','','',NULL,'1210557c68cd0e2cff.jpg'),(527,'洗烘一体机',0,52,0,'','','',NULL,'2397257c68cd0ef687.jpg'),(528,'波轮洗衣机',0,52,0,'','','',NULL,'985357c68cd10ac79.jpg'),(529,'迷你洗衣机',0,52,0,'','','',NULL,'1200957c68cd11898b.jpg'),(530,'洗衣机配件',0,52,0,'','','',NULL,'426957c68cd1284b2.jpg'),(531,'多门冰箱',0,53,0,'','','',NULL,'2009057c68cd13af95.jpg'),(532,'对开门冰箱',0,53,0,'','','',NULL,'1208557c68cd14aaf6.jpg'),(533,'三门冰箱',0,53,0,'','','',NULL,'1339157c68cd1579c8.jpg'),(534,'双门冰箱',0,53,0,'','','',NULL,'360057c68cd165863.jpg'),(535,'冷柜/冰吧',0,53,0,'','','',NULL,'2683257c68cd174bac.jpg'),(536,'酒柜',0,53,0,'','','',NULL,'3045657c68cd183db1.jpg'),(537,'冰箱配件',0,53,0,'','','',NULL,'1176957c68cd191057.jpg'),(538,'油烟机',0,54,0,'','','',NULL,'2828157c68cd1a08f2.jpg'),(539,'燃气灶',0,54,0,'','','',NULL,'784157c68cd1b11e2.jpg'),(540,'烟灶套装',0,54,0,'','','',NULL,'476957c68cd1c019a.jpg'),(541,'消毒柜',0,54,0,'','','',NULL,'2378357c68cd1cc85f.jpg'),(542,'洗碗机',0,54,0,'','','',NULL,'1234357c68cd1d9439.jpg'),(543,'嵌入式厨电',0,54,0,'','','',NULL,'2894357c68cd1e5a88.jpg'),(544,'电热水器',0,54,0,'','','',NULL,'1910157c68cd1f1c9c.jpg'),(545,'燃气热水器',0,54,0,'','','',NULL,'1750357c68cd20b93d.jpg'),(546,'料理机',0,55,0,'','','',NULL,'2964057c68cd217d76.jpg'),(547,'豆浆机',0,55,0,'','','',NULL,'1630757c68cd226c8c.jpg'),(548,'榨汁机',0,55,0,'','','',NULL,'3198657c68cd233aed.jpg'),(549,'电饭煲',0,55,0,'','','',NULL,'509057c68cd241450.jpg'),(550,'电压力锅',0,55,0,'','','',NULL,'357757c68cd24eca5.jpg'),(551,'面包机',0,55,0,'','','',NULL,'875357c68cd25c265.jpg'),(552,'咖啡机',0,55,0,'','','',NULL,'2470457c68cd268999.jpg'),(553,'微波炉',0,55,0,'','','',NULL,'2799857c68cd27502e.jpg'),(554,'电烤箱',0,55,0,'','','',NULL,'135957c68cd28140a.jpg'),(555,'电磁炉',0,55,0,'','','',NULL,'1557c68cd28db05.jpg'),(556,'电饼铛',0,55,0,'','','',NULL,'346357c68cd29aa97.jpg'),(557,'煮蛋器',0,55,0,'','','',NULL,'2346157c68cd2a998f.jpg'),(558,'酸奶机',0,55,0,'','','',NULL,'3242257c68cd2b8bfa.jpg'),(559,'电炖锅',0,55,0,'','','',NULL,'2323957c68cd2c5b2b.jpg'),(560,'电水壶/热水瓶',0,55,0,'','','',NULL,'2852257c68cd2d2562.jpg'),(561,'多用途锅',0,55,0,'','','',NULL,'335857c68cd2def07.jpg'),(562,'果蔬解毒机',0,55,0,'','','',NULL,'2383257c68cd2ec5a9.jpg'),(563,'电烧烤炉',0,55,0,'','','',NULL,'3228257c68cd3051ef.jpg'),(564,'其它厨房电器',0,55,0,'','','',NULL,'94757c68cd318258.jpg'),(565,'养生壶/煎药壶',0,55,0,'','','',NULL,'991457c68cd32701f.jpg'),(566,'电热饭盒',0,55,0,'','','',NULL,'643257c68cd334a2e.jpg'),(567,'取暖电器',0,56,0,'','','',NULL,'272857c68cd3416d3.jpg'),(568,'电风扇',0,56,0,'','','',NULL,'264657c68cd35216f.jpg'),(569,'冷风扇',0,56,0,'','','',NULL,'1719457c68cd3636c0.jpg'),(570,'净化器',0,56,0,'','','',NULL,'486357c68cd37192e.jpg'),(571,'饮水机',0,56,0,'','','',NULL,'377457c68cd37defd.jpg'),(572,'净水器',0,56,0,'','','',NULL,'287457c68cd38caf1.jpg'),(573,'挂烫机/熨斗',0,56,0,'','','',NULL,'2926457c68cd398fb9.jpg'),(574,'吸尘器',0,56,0,'','','',NULL,'2569557c68cd3a54c5.jpg'),(575,'电话机',0,56,0,'','','',NULL,'855957c68cd3b1a6b.jpg'),(576,'插座',0,56,0,'','','',NULL,'2174957c68cd3bf6b2.jpg'),(577,'收录/音机',0,56,0,'','','',NULL,'1969957c68cd3cc49e.jpg'),(578,'清洁机',0,56,0,'','','',NULL,'3000757c68cd3dce78.jpg'),(579,'加湿器',0,56,0,'','','',NULL,'1328657c68cd3e987b.jpg'),(580,'除湿机',0,56,0,'','','',NULL,'2274457c68cd401adb.jpg'),(581,'其它生活电器',0,56,0,'','','',NULL,'2885457c68cd410ea3.jpg'),(582,'扫地机器人',0,56,0,'','','',NULL,'2251057c68cd41d5e6.jpg'),(583,'干衣机',0,56,0,'','','',NULL,'332257c68cd42a236.jpg'),(584,'生活电器配件',0,56,0,'','','',NULL,'209157c68cd436be9.jpg'),(585,'剃须刀',0,57,0,'','','',NULL,'3079557c68cd4443da.jpg'),(586,'剃/脱毛器',0,57,0,'','','',NULL,'1248357c68cd4531ed.jpg'),(587,'口腔护理',0,57,0,'','','',NULL,'896357c68cd462eb4.jpg'),(588,'电吹风',0,57,0,'','','',NULL,'581757c68cd46fb53.jpg'),(589,'美容器',0,57,0,'','','',NULL,'1738057c68cd47f5d6.jpg'),(590,'理发器',0,57,0,'','','',NULL,'1137257c68cd48f3b6.jpg'),(591,'按摩椅',0,57,0,'','','',NULL,'1841257c68cd4dda02.jpg'),(592,'按摩器',0,57,0,'','','',NULL,'1806457c68cd4ec5f1.jpg'),(593,'足浴盆',0,57,0,'','','',NULL,'970657c68cd507a9d.jpg'),(594,'血压计',0,57,0,'','','',NULL,'1894157c68cd5182da.jpg'),(595,'电子秤/厨房秤',0,57,0,'','','',NULL,'2343457c68cd525082.jpg'),(596,'血糖仪',0,57,0,'','','',NULL,'845057c68cd535193.jpg'),(597,'体温计',0,57,0,'','','',NULL,'1841857c68cd542b30.jpg'),(598,'计步器/脂肪检测仪',0,57,0,'','','',NULL,'3175657c68cd54f900.jpg'),(599,'其它健康电器',0,57,0,'','','',NULL,'3076457c68cd55ea48.jpg'),(600,'卷/直发器',0,57,0,'','','',NULL,'1662357c68cd56e55e.jpg'),(601,'家庭影院',0,58,0,'','','',NULL,'2353357c68cd57af77.jpg'),(602,'迷你音响',0,58,0,'','','',NULL,'2587557c68cd587dc0.jpg'),(603,'DVD/电视盒子',0,58,0,'','','',NULL,'1982857c68cd5974d3.jpg'),(604,'电视影音配件',0,58,0,'','','',NULL,'467957c68cd5a82eb.jpg'),(605,'进口电器',0,59,0,'','','',NULL,'2806257c68cd5b5035.jpg'),(606,'笔记本',0,60,0,'','','',NULL,'1307757c68cd5c20f7.jpg'),(607,'游戏电脑',0,60,0,'','','',NULL,'752557c68cd5ceeae.jpg'),(608,'台式机',0,60,0,'','','',NULL,'1095457c68cd5dcdd9.jpg'),(609,'游戏本',0,60,0,'','','',NULL,'2670657c68cd5e8fe7.jpg'),(610,'一体机',0,60,0,'','','',NULL,'2419757c68cd6034d8.jpg'),(611,'服务器/工作站',0,60,0,'','','',NULL,'402857c68cd60f9c6.jpg'),(612,'笔记本配件',0,60,0,'','','',NULL,'821057c68cd61ebd7.jpg'),(613,'平板电脑',0,60,0,'','','',NULL,'941957c68cd62afbc.jpg'),(614,'平板电脑配件',0,60,0,'','','',NULL,'2057957c68cd638031.jpg'),(615,'显示器',0,61,0,'','','',NULL,'2035657c68cd64434a.jpg'),(616,'组装电脑',0,61,0,'','','',NULL,'3246857c68cd65201f.jpg'),(617,'CPU',0,61,0,'','','',NULL,'498957c68cd6622ce.jpg'),(618,'SSD固态硬盘',0,61,0,'','','',NULL,'1322457c68cd66f084.jpg'),(619,'显卡',0,61,0,'','','',NULL,'995757c68cd67b099.jpg'),(620,'主板',0,61,0,'','','',NULL,'1827557c68cd687959.jpg'),(621,'硬盘',0,61,0,'','','',NULL,'2226957c68cd6943ab.jpg'),(622,'内存',0,61,0,'','','',NULL,'3018057c68cd6a2d11.jpg'),(623,'机箱',0,61,0,'','','',NULL,'338957c68cd6b10fb.jpg'),(624,'电源',0,61,0,'','','',NULL,'498157c68cd6bf187.jpg'),(625,'刻录机/光驱',0,61,0,'','','',NULL,'2527057c68cd6cd91c.jpg'),(626,'散热器',0,61,0,'','','',NULL,'1514257c68cd6dbebe.jpg'),(627,'声卡/扩展卡',0,61,0,'','','',NULL,'2341057c68cd6e83ff.jpg'),(628,'装机配件',0,61,0,'','','',NULL,'1873057c68cd7007bd.jpg'),(629,'键盘',0,62,0,'','','',NULL,'2915057c68cd70ceca.jpg'),(630,'鼠标',0,62,0,'','','',NULL,'1871657c68cd719258.jpg'),(631,'鼠标垫',0,62,0,'','','',NULL,'679057c68cd729902.jpg'),(632,'键鼠套装',0,62,0,'','','',NULL,'3258657c68cd73662f.jpg'),(633,'机械键盘',0,62,0,'','','',NULL,'2730457c68cd7462e1.jpg'),(634,'移动硬盘',0,62,0,'','','',NULL,'1164357c68cd7568f4.jpg'),(635,'U盘',0,62,0,'','','',NULL,'829957c68cd763cd1.jpg'),(636,'摄像头',0,62,0,'','','',NULL,'3041457c68cd770bc4.jpg'),(637,'手写板',0,62,0,'','','',NULL,'44357c68cd77cf9b.jpg'),(638,'硬盘盒',0,62,0,'','','',NULL,'912157c68cd7897ba.jpg'),(639,'插座',0,62,0,'','','',NULL,'2844157c68cd79651a.jpg'),(640,'线缆',0,62,0,'','','',NULL,'1987557c68cd7a4f13.jpg'),(641,'UPS电源',0,62,0,'','','',NULL,'1277257c68cd7b57fa.jpg'),(642,'电脑工具',0,62,0,'','','',NULL,'3212257c68cd7c481b.jpg'),(643,'电脑清洁',0,62,0,'','','',NULL,'252757c68cd7d1e46.jpg'),(644,'网络仪表仪器',0,62,0,'','','',NULL,'2013857c68cd7deadf.jpg'),(645,'路由器',0,63,0,'','','',NULL,'2355957c68cd7ebd07.jpg'),(646,'4G/3G上网',0,63,0,'','','',NULL,'502457c68cd8047a3.jpg'),(647,'网卡',0,63,0,'','','',NULL,'1355857c68cd814a44.jpg'),(648,'网络存储',0,63,0,'','','',NULL,'77157c68cd82112d.jpg'),(649,'网络盒子',0,63,0,'','','',NULL,'905257c68cd82ffc2.jpg'),(650,'网络配件',0,63,0,'','','',NULL,'19857c68cd83e831.jpg'),(651,'交换机',0,63,0,'','','',NULL,'2134057c68cd84b9b5.jpg'),(652,'游戏机',0,64,0,'','','',NULL,'2676357c68cd8594c1.jpg'),(653,'游戏耳机',0,64,0,'','','',NULL,'2299957c68cd866d9d.jpg'),(654,'手柄/方向盘',0,64,0,'','','',NULL,'1135057c68cd87329b.jpg'),(655,'游戏软件',0,64,0,'','','',NULL,'2223957c68cd880058.jpg'),(656,'游戏周边',0,64,0,'','','',NULL,'2909157c68cd88cbd9.jpg'),(657,'多功能一体机',0,65,0,'','','',NULL,'432857c68cd8994bc.jpg'),(658,'打印机',0,65,0,'','','',NULL,'2671357c68cd8a8ae3.jpg'),(659,'投影机',0,65,0,'','','',NULL,'3032857c68cd8b72da.jpg'),(660,'投影配件',0,65,0,'','','',NULL,'1285257c68cd8c4f56.jpg'),(661,'传真设备',0,65,0,'','','',NULL,'880557c68cd8d28ee.jpg'),(662,'验钞/点钞机',0,65,0,'','','',NULL,'988057c68cd8e1e9b.jpg'),(663,'扫描设备',0,65,0,'','','',NULL,'789957c68cd8ee1df.jpg'),(664,'复合机',0,65,0,'','','',NULL,'2404857c68cd906692.jpg'),(665,'碎纸机',0,65,0,'','','',NULL,'1786157c68cd9152d8.jpg'),(666,'考勤机',0,65,0,'','','',NULL,'230457c68cd9219ca.jpg'),(667,'收款/POS机',0,65,0,'','','',NULL,'2081257c68cd92dccb.jpg'),(668,'会议音频视频',0,65,0,'','','',NULL,'3170657c68cd93a674.jpg'),(669,'保险柜',0,65,0,'','','',NULL,'142257c68cd94a858.jpg'),(670,'装订/封装机',0,65,0,'','','',NULL,'2081157c68cd959304.jpg'),(671,'安防监控',0,65,0,'','','',NULL,'2578057c68cd9680b6.jpg'),(672,'办公家具',0,65,0,'','','',NULL,'2944857c68cd97474f.jpg'),(673,'白板',0,65,0,'','','',NULL,'1051257c68cd980bd0.jpg'),(674,'学生文具',0,66,0,'','','',NULL,'2966157c68cd98fa86.jpg'),(675,'纸类',0,66,0,'','','',NULL,'2379657c68cd99deab.jpg'),(676,'硒鼓/墨粉',0,66,0,'','','',NULL,'2167157c68cd9ab0c1.jpg'),(677,'色带',0,66,0,'','','',NULL,'2619657c68cd9b7d6b.jpg'),(678,'墨盒',0,66,0,'','','',NULL,'2097257c68cd9c5887.jpg'),(679,'办公文具',0,66,0,'','','',NULL,'1957757c68cd9d3802.jpg'),(680,'文件管理',0,66,0,'','','',NULL,'185757c68cd9e12e6.jpg'),(681,'财会用品',0,66,0,'','','',NULL,'2875257c68cd9eed64.jpg'),(682,'本册/便签',0,66,0,'','','',NULL,'2429257c68cda0905d.jpg'),(683,'计算器',0,66,0,'','','',NULL,'2971357c68cda159da.jpg'),(684,'激光笔',0,66,0,'','','',NULL,'1413957c68cda2259f.jpg'),(685,'笔类',0,66,0,'','','',NULL,'1366057c68cda2f3de.jpg'),(686,'画具画材',0,66,0,'','','',NULL,'1357857c68cda3cc3e.jpg'),(687,'刻录碟片/附件',0,66,0,'','','',NULL,'537357c68cda4a041.jpg'),(688,'1段',0,67,0,'','','',NULL,'1245057c68cda5666c.jpg'),(689,'2段',0,67,0,'','','',NULL,'2506657c68cda62eb4.jpg'),(690,'3段',0,67,0,'','','',NULL,'2390357c68cda6fc9f.jpg'),(691,'4段',0,67,0,'','','',NULL,'1056757c68cda7c6f1.jpg'),(692,'孕妈奶粉',0,67,0,'','','',NULL,'157557c68cda8960a.jpg'),(693,'特殊配方奶粉',0,67,0,'','','',NULL,'3160157c68cda975a0.jpg'),(694,'有机奶粉',0,67,0,'','','',NULL,'2016757c68cdaa3a4a.jpg'),(695,'益生菌/初乳',0,68,0,'','','',NULL,'3029457c68cdab0559.jpg'),(696,'米粉/菜粉',0,68,0,'','','',NULL,'1059957c68cdabd527.jpg'),(697,'果泥/果汁',0,68,0,'','','',NULL,'1015457c68cdaca9c3.jpg'),(698,'DHA',0,68,0,'','','',NULL,'2673057c68cdad9fe9.jpg'),(699,'宝宝零食',0,68,0,'','','',NULL,'1171157c68cdaee33e.jpg'),(700,'钙铁锌/维生素',0,68,0,'','','',NULL,'2264057c68cdb05fe4.jpg'),(701,'清火/开胃',0,68,0,'','','',NULL,'2969557c68cdb12d59.jpg'),(702,'面条/粥',0,68,0,'','','',NULL,'2748357c68cdb1f2c5.jpg'),(703,'NB',0,69,0,'','','',NULL,'419057c68cdb2ea1b.jpg'),(704,'S',0,69,0,'','','',NULL,'115357c68cdb3db5d.jpg'),(705,'M',0,69,0,'','','',NULL,'1260957c68cdb4bb5d.jpg'),(706,'L',0,69,0,'','','',NULL,'1420057c68cdb59e0a.jpg'),(707,'XL',0,69,0,'','','',NULL,'1834257c68cdb6851e.jpg'),(708,'XXL',0,69,0,'','','',NULL,'565057c68cdb792fa.jpg'),(709,'拉拉裤',0,69,0,'','','',NULL,'1423357c68cdb85ebf.jpg'),(710,'成人尿裤',0,69,0,'','','',NULL,'2036957c68cdb9222d.jpg'),(711,'婴儿湿巾',0,69,0,'','','',NULL,'2693357c68cdb9ea9a.jpg'),(712,'奶瓶奶嘴',0,70,0,'','','',NULL,'1282057c68cdbad059.jpg'),(713,'吸奶器',0,70,0,'','','',NULL,'992157c68cdbb9966.jpg'),(714,'暖奶消毒',0,70,0,'','','',NULL,'2682857c68cdbcb9bd.jpg'),(715,'辅食料理机',0,70,0,'','','',NULL,'2269957c68cdbd79d3.jpg'),(716,'牙胶安抚',0,70,0,'','','',NULL,'2572257c68cdbe708c.jpg'),(717,'食物存储',0,70,0,'','','',NULL,'3032357c68cdbf39b4.jpg'),(718,'儿童餐具',0,70,0,'','','',NULL,'237557c68cdc0c22b.jpg'),(719,'水壶/水杯',0,70,0,'','','',NULL,'3167757c68cdc18817.jpg'),(720,'围兜/防溅衣',0,70,0,'','','',NULL,'2149657c68cdc257b9.jpg'),(721,'宝宝护肤',0,71,0,'','','',NULL,'2742657c68cdc32117.jpg'),(722,'洗发沐浴',0,71,0,'','','',NULL,'3123257c68cdc3eacc.jpg'),(723,'奶瓶清洗',0,71,0,'','','',NULL,'2982957c68cdc4f7c7.jpg'),(724,'驱蚊防晒',0,71,0,'','','',NULL,'2535557c68cdc5fb90.jpg'),(725,'理发器',0,71,0,'','','',NULL,'1712957c68cdc6d001.jpg'),(726,'洗澡用具',0,71,0,'','','',NULL,'408257c68cdc7aeb3.jpg'),(727,'婴儿口腔清洁',0,71,0,'','','',NULL,'2204457c68cdc88619.jpg'),(728,'洗衣液/皂',0,71,0,'','','',NULL,'2514557c68cdc95368.jpg'),(729,'日常护理',0,71,0,'','','',NULL,'1196957c68cdca2403.jpg'),(730,'座便器',0,71,0,'','','',NULL,'422557c68cdcaf21a.jpg'),(731,'婴儿推车',0,72,0,'','','',NULL,'189957c68cdcbb774.jpg'),(732,'餐椅摇椅',0,72,0,'','','',NULL,'1423457c68cdd1cb67.jpg'),(733,'婴儿床',0,72,0,'','','',NULL,'2763857c68cdd29702.jpg'),(734,'学步车',0,72,0,'','','',NULL,'1359257c68cdd4624d.jpg'),(735,'三轮车',0,72,0,'','','',NULL,'1849457c68cdd550be.jpg'),(736,'自行车',0,72,0,'','','',NULL,'808757c68cdd670e2.jpg'),(737,'电动车',0,72,0,'','','',NULL,'457257c68cdd78356.jpg'),(738,'扭扭车',0,72,0,'','','',NULL,'462557c68cdd863bf.jpg'),(739,'滑板车',0,72,0,'','','',NULL,'322657c68cdd93325.jpg'),(740,'婴儿床垫',0,72,0,'','','',NULL,'2737857c68cdda01af.jpg'),(741,'婴儿餐椅',0,72,0,'','','',NULL,'2655857c68cddaca66.jpg'),(742,'婴儿外出服',0,73,0,'','','',NULL,'2581357c68cddb9d74.jpg'),(743,'婴儿内衣',0,73,0,'','','',NULL,'878557c68cddc6a7d.jpg'),(744,'婴儿礼盒',0,73,0,'','','',NULL,'2407157c68cddd4a18.jpg'),(745,'婴儿鞋帽袜',0,73,0,'','','',NULL,'2229557c68cdde7923.jpg'),(746,'安全防护',0,73,0,'','','',NULL,'339657c68cde00bc4.jpg'),(747,'家居床品',0,73,0,'','','',NULL,'2171557c68cde0cc90.jpg'),(748,'睡袋/抱被',0,73,0,'','','',NULL,'545757c68cde18c21.jpg'),(749,'爬行垫',0,73,0,'','','',NULL,'1997257c68cde25bd6.jpg'),(750,'妈咪包/背婴带',0,74,0,'','','',NULL,'1391157c68cde34035.jpg'),(751,'产后塑身',0,74,0,'','','',NULL,'83957c68cde4143b.jpg'),(752,'文胸/内裤',0,74,0,'','','',NULL,'491157c68cde53d56.jpg'),(753,'防辐射服',0,74,0,'','','',NULL,'972257c68cde67b29.jpg'),(754,'孕妈装',0,74,0,'','','',NULL,'2918757c68cde76664.jpg'),(755,'孕期营养',0,74,0,'','','',NULL,'2377157c68cde831f5.jpg'),(756,'孕妇护肤',0,74,0,'','','',NULL,'2327257c68cde8f5ae.jpg'),(757,'待产护理',0,74,0,'','','',NULL,'2526857c68cde9c594.jpg'),(758,'月子装',0,74,0,'','','',NULL,'1955357c68cdea85a6.jpg'),(759,'防溢乳垫',0,74,0,'','','',NULL,'1416857c68cdeb4c35.jpg'),(760,'提篮式',0,75,0,'','','',NULL,'1559757c68cdec39a7.jpg'),(761,'安全座椅',0,75,0,'','','',NULL,'2392057c68cded0cbd.jpg'),(762,'增高垫',0,75,0,'','','',NULL,'666957c68cdee035c.jpg'),(763,'自营童装',0,76,0,'','','',NULL,'1330557c68cdeee434.jpg'),(764,'套装',0,76,0,'','','',NULL,'1443157c68cdf09aee.jpg'),(765,'T恤',0,76,0,'','','',NULL,'1237957c68cdf1671a.jpg'),(766,'裤子',0,76,0,'','','',NULL,'148457c68cdf25e47.jpg'),(767,'裙子',0,76,0,'','','',NULL,'985357c68cdf32567.jpg'),(768,'凉鞋',0,76,0,'','','',NULL,'558557c68cdf3f4b1.jpg'),(769,'品牌童装',0,76,0,'','','',NULL,'3028257c68cdf4ce3d.jpg'),(770,'亲子装',0,76,0,'','','',NULL,'856157c68cdf59a02.jpg'),(771,'儿童配饰',0,76,0,'','','',NULL,'2930757c68cdf68216.jpg'),(772,'学步鞋',0,76,0,'','','',NULL,'801557c68cdf746a8.jpg'),(773,'运动鞋',0,76,0,'','','',NULL,'1297057c68cdf838e7.jpg'),(774,'皮鞋/帆布鞋',0,76,0,'','','',NULL,'3225757c68cdf91cc1.jpg'),(775,'靴子',0,76,0,'','','',NULL,'2123857c68cdfa043c.jpg'),(776,'内衣/家居服',0,76,0,'','','',NULL,'655957c68cdfad643.jpg'),(777,'礼服/演出服',0,76,0,'','','',NULL,'3013857c68cdfb9fd8.jpg'),(778,'户外/运动服',0,76,0,'','','',NULL,'386157c68cdfc7800.jpg'),(779,'书包',0,76,0,'','','',NULL,'1643357c68cdfd5447.png'),(780,'内衣',0,76,0,'','','',NULL,'2528657c68cdfe217e.png'),(781,'儿童保暖',0,76,0,'','','',NULL,'434457c68cdff0ba3.jpg'),(782,'遥控玩具',0,77,0,'','','',NULL,'2393657c68ce008ded.jpg'),(783,'益智玩具',0,77,0,'','','',NULL,'2656457c68ce017a58.jpg'),(784,'积木拼插',0,77,0,'','','',NULL,'2299157c68ce024a94.jpg'),(785,'动漫玩具',0,77,0,'','','',NULL,'2863257c68ce031050.jpg'),(786,'毛绒布艺',0,77,0,'','','',NULL,'1976257c68ce03d466.jpg'),(787,'模型玩具',0,77,0,'','','',NULL,'2737657c68ce04cd39.jpg'),(788,'健身玩具',0,77,0,'','','',NULL,'2963957c68ce05b1be.jpg'),(789,'娃娃玩具',0,77,0,'','','',NULL,'2681257c68ce06c07d.jpg'),(790,'DIY玩具',0,77,0,'','','',NULL,'3132457c68ce078a5a.jpg'),(791,'创意减压',0,77,0,'','','',NULL,'2232057c68ce08536e.jpg'),(792,'钢琴',0,77,0,'','','',NULL,'871657c68ce091aba.jpg'),(793,'电子琴',0,77,0,'','','',NULL,'668957c68ce09f0fb.jpg'),(794,'吉他/尤克里里',0,77,0,'','','',NULL,'2914157c68ce0aea35.jpg'),(795,'西洋管弦',0,77,0,'','','',NULL,'334457c68ce0bf2a8.jpg'),(796,'民族乐器',0,77,0,'','','',NULL,'2810457c68ce0d1a6a.jpg'),(797,'乐器配件',0,77,0,'','','',NULL,'1026257c68ce0ded81.jpg'),(798,'贝因美',0,78,0,'','','',NULL,'1862157c68ce0eaf66.jpg'),(799,'合生元',0,78,0,'','','',NULL,'237057c68ce1067fb.jpg'),(800,'亨氏',0,78,0,'','','',NULL,'2783257c68ce113229.jpg'),(801,'惠氏',0,78,0,'','','',NULL,'2814757c68ce122315.jpg'),(802,'美素佳儿',0,78,0,'','','',NULL,'2236857c68ce131710.jpg'),(803,'美赞臣',0,78,0,'','','',NULL,'1739157c68ce13e190.jpg'),(804,'诺优能',0,78,0,'','','',NULL,'2949057c68ce14a8ce.jpg'),(805,'童年时光',0,78,0,'','','',NULL,'3079157c68ce157d5b.jpg'),(806,'雅培',0,78,0,'','','',NULL,'700457c68ce167d31.jpg'),(807,'安儿乐',0,78,0,'','','',NULL,'673157c68ce174696.jpg'),(808,'爸爸的选择',0,78,0,'','','',NULL,'1008657c68ce180c40.jpg'),(809,'帮宝适',0,78,0,'','','',NULL,'2331457c68ce18d45d.jpg'),(810,'大王',0,78,0,'','','',NULL,'128757c68ce19aeb1.jpg'),(811,'得伴',0,78,0,'','','',NULL,'3031657c68ce1a836f.jpg'),(812,'爹地宝贝',0,78,0,'','','',NULL,'2301257c68ce1b50a5.jpg'),(813,'好奇',0,78,0,'','','',NULL,'1438957c68ce1c1730.jpg'),(814,'妈咪宝贝',0,78,0,'','','',NULL,'1332357c68ce1ce217.jpg'),(815,'雀氏',0,78,0,'','','',NULL,'1058857c68ce1dc520.jpg'),(816,'NUK',0,78,0,'','','',NULL,'1827057c68ce1e96b1.jpg'),(817,'保宁',0,78,0,'','','',NULL,'259857c68ce2044f3.jpg'),(818,'贝亲',0,78,0,'','','',NULL,'2645157c68ce2112ff.jpg'),(819,'飞利浦新安怡',0,78,0,'','','',NULL,'1111757c68ce21e54f.jpg'),(820,'康贝',0,78,0,'','','',NULL,'1015957c68ce22aa17.jpg'),(821,'美德乐',0,78,0,'','','',NULL,'176857c68ce2383ff.jpg'),(822,'日康',0,78,0,'','','',NULL,'925957c68ce248a09.jpg'),(823,'小白熊',0,78,0,'','','',NULL,'1402857c68ce255c6c.jpg'),(824,'babysing',0,78,0,'','','',NULL,'1180557c68ce263fad.jpg'),(825,'mima',0,78,0,'','','',NULL,'1209157c68ce2716f5.jpg'),(826,'silver cross',0,78,0,'','','',NULL,'2269057c68ce282cad.jpg'),(827,'爱贝丽',0,78,0,'','','',NULL,'2876157c68ce28fe82.jpg'),(828,'爱斯博儿',0,78,0,'','','',NULL,'2428357c68ce29e33e.jpg'),(829,'贝瑞佳',0,78,0,'','','',NULL,'2408057c68ce2aa9c2.jpg'),(830,'好孩子',0,78,0,'','','',NULL,'3205157c68ce2b6ccf.jpg'),(831,'小龙哈彼',0,78,0,'','','',NULL,'479057c68ce2c4cdb.jpg'),(832,'英吉利那',0,78,0,'','','',NULL,'2401857c68ce2d4028.jpg'),(833,'英语读物',0,79,0,'','','',NULL,'2771157c68ce2e409a.jpg'),(834,'绘本',0,79,0,'','','',NULL,'3114157c68ce2e5e85.jpg'),(835,'彩铅/铅笔画',0,79,0,'','','',NULL,'2038257c68ce2e6bff.jpg'),(836,'儿童文学',0,79,0,'','','',NULL,'681857c68ce2e83f4.jpg'),(837,'中国当代小说',0,79,0,'','','',NULL,'1548457c68ce2eb050.jpg'),(838,'散文/随笔/书信',0,79,0,'','','',NULL,'2078457c68ce2ebe03.jpg'),(839,'编程语言与程序设计',0,79,0,'','','',NULL,'2341757c68ce2eca76.jpg'),(840,'股票',0,79,0,'','','',NULL,'3222757c68ce2ed595.jpg'),(841,'中小学课外读物',0,79,0,'','','',NULL,'1728857c68ce2edeb4.jpg'),(842,'电子书',0,80,0,'','','',NULL,'2300957c68ce2ee7fd.jpg'),(843,'小学一年级',0,81,0,'','','',NULL,'2231757c68ce30c763.jpg'),(844,'小学二年级',0,81,0,'','','',NULL,'3166457c68ce30dcdd.jpg'),(845,'小学三年级',0,81,0,'','','',NULL,'2474057c68ce30e7b7.jpg'),(846,'小学四年级',0,81,0,'','','',NULL,'83257c68ce30f10c.jpg'),(847,'小学五年级',0,81,0,'','','',NULL,'312657c68ce30f9a5.jpg'),(848,'小学六年级',0,81,0,'','','',NULL,'1213457c68ce310145.jpg'),(849,'小学通用',0,81,0,'','','',NULL,'673157c68ce310895.jpg'),(850,'小学升初中',0,81,0,'','','',NULL,'2871957c68ce310fd6.jpg'),(851,'初一/七年级',0,81,0,'','','',NULL,'1202557c68ce3118ff.jpg'),(852,'初二/八年级',0,81,0,'','','',NULL,'2576957c68ce31220f.jpg'),(853,'初三/九年级',0,81,0,'','','',NULL,'489657c68ce312b0e.jpg'),(854,'初中通用',0,81,0,'','','',NULL,'2664557c68ce3132c8.jpg'),(855,'中考',0,81,0,'','','',NULL,'699757c68ce313a4d.jpg'),(856,'高一',0,81,0,'','','',NULL,'1271257c68ce31422b.jpg'),(857,'高二',0,81,0,'','','',NULL,'1923857c68ce31497b.jpg'),(858,'高三',0,81,0,'','','',NULL,'2540457c68ce315267.jpg'),(859,'高中通用',0,81,0,'','','',NULL,'1625257c68ce315b6c.jpg'),(860,'高考',0,81,0,'','','',NULL,'169857c68ce3163c8.jpg'),(861,'中小学作文辅导',0,81,0,'','','',NULL,'30357c68ce316b84.jpg'),(862,'奥数/竞赛',0,81,0,'','','',NULL,'1394457c68ce3172f0.jpg'),(863,'字帖',0,81,0,'','','',NULL,'1049757c68ce317a4b.jpg'),(864,'中小学工具书',0,81,0,'','','',NULL,'2218657c68ce3181e4.jpg'),(865,'教师用书',0,81,0,'','','',NULL,'1858357c68ce318963.jpg'),(866,'学习方法/报考指南',0,81,0,'','','',NULL,'871457c68ce319091.jpg'),(867,'生活实用英语',0,82,0,'','','',NULL,'2667457c68ce319b1b.jpg'),(868,'英语口语',0,82,0,'','','',NULL,'1578357c68ce31a344.jpg'),(869,'英语词汇',0,82,0,'','','',NULL,'1003357c68ce31ab1d.jpg'),(870,'英语专项训练',0,82,0,'','','',NULL,'1837157c68ce31b2ba.jpg'),(871,'英语综合教程',0,82,0,'','','',NULL,'1578357c68ce31b9fa.jpg'),(872,'职业/行业英语',0,82,0,'','','',NULL,'1833457c68ce31c238.jpg'),(873,'考研英语',0,82,0,'','','',NULL,'2035457c68ce31cba4.jpg'),(874,'英语四/六级考试',0,82,0,'','','',NULL,'1956557c68ce31d819.jpg'),(875,'英语专业四/八级考试',0,82,0,'','','',NULL,'1794757c68ce31e14c.jpg'),(876,'雅思IELTS',0,82,0,'','','',NULL,'1566857c68ce31e9a6.jpg'),(877,'托福TOEFL',0,82,0,'','','',NULL,'1924557c68ce31f0da.jpg'),(878,'托业TOEIC',0,82,0,'','','',NULL,'1034257c68ce31f7ba.jpg'),(879,'剑桥商务英语考试BEC',0,82,0,'','','',NULL,'626757c68ce31fede.jpg'),(880,'GRE/GMAT',0,82,0,'','','',NULL,'651057c68ce3205cd.jpg'),(881,'高校英语应用能力考试',0,82,0,'','','',NULL,'1067157c68ce320ca4.jpg'),(882,'全国公共英语等级考试',0,82,0,'','','',NULL,'2753457c68ce3213f1.jpg'),(883,'其它英语考试',0,82,0,'','','',NULL,'262157c68ce321e19.jpg'),(884,'词典与工具书',0,82,0,'','','',NULL,'326057c68ce322843.jpg'),(885,'中小学英语',0,82,0,'','','',NULL,'186857c68ce323038.jpg'),(886,'儿童英语',0,82,0,'','','',NULL,'3081957c68ce3237b0.jpg'),(887,'研究生英语',0,82,0,'','','',NULL,'357157c68ce323fa3.jpg'),(888,'大学英语',0,82,0,'','','',NULL,'1259857c68ce324871.jpg'),(889,'高职高专英语',0,82,0,'','','',NULL,'7357c68ce325194.jpg'),(890,'意大利语',0,82,0,'','','',NULL,'3133957c68ce325dad.jpg'),(891,'老外读本',0,82,0,'','','',NULL,'2460857c68ce32671a.jpg'),(892,'日语',0,82,0,'','','',NULL,'2154157c68ce326ea7.jpg'),(893,'韩语',0,82,0,'','','',NULL,'2569257c68ce327613.jpg'),(894,'德语',0,82,0,'','','',NULL,'712357c68ce327d64.jpg'),(895,'俄语',0,82,0,'','','',NULL,'3028257c68ce3284a6.jpg'),(896,'法语',0,82,0,'','','',NULL,'3091757c68ce328bd9.jpg'),(897,'西班牙语',0,82,0,'','','',NULL,'1596957c68ce329442.jpg'),(898,'其他小语种',0,82,0,'','','',NULL,'1595757c68ce329d22.jpg'),(899,'对外汉语',0,82,0,'','','',NULL,'2568057c68ce32a5fd.jpg'),(900,'留学指南',0,82,0,'','','',NULL,'3079357c68ce32adde.jpg'),(901,'外语期刊',0,82,0,'','','',NULL,'110257c68ce32b4ef.jpg'),(902,'外语教学/学术著作',0,82,0,'','','',NULL,'1519957c68ce32bbf1.jpg'),(903,'国家公务员',0,83,0,'','','',NULL,'1126257c68ce32c437.jpg'),(904,'地方公务员',0,83,0,'','','',NULL,'2537657c68ce32cd72.jpg'),(905,'公务员考试申论',0,83,0,'','','',NULL,'87357c68ce32d758.jpg'),(906,'公务员行政能力测验',0,83,0,'','','',NULL,'2852957c68ce32e087.jpg'),(907,'公务员考试面试',0,83,0,'','','',NULL,'1097557c68ce32e9bd.jpg'),(908,'会计类考试',0,83,0,'','','',NULL,'191157c68ce32f135.jpg'),(909,'公务员公共基础知识',0,83,0,'','','',NULL,'2373757c68ce32f830.jpg'),(910,'事业单位考试',0,83,0,'','','',NULL,'531857c68ce32ff27.jpg'),(911,'考研政治',0,83,0,'','','',NULL,'673857c68ce330627.jpg'),(912,'考研英语',0,83,0,'','','',NULL,'1663957c68ce330fa0.jpg'),(913,'考研数学',0,83,0,'','','',NULL,'965857c68ce331766.jpg'),(914,'考研大纲',0,83,0,'','','',NULL,'1260057c68ce332150.jpg'),(915,'考研专业课',0,83,0,'','','',NULL,'2198457c68ce332a07.jpg'),(916,'证券从业资格考试',0,83,0,'','','',NULL,'3019257c68ce3331a8.jpg'),(917,'其他经管类考试',0,83,0,'','','',NULL,'34157c68ce3338f7.jpg'),(918,'计算机考试',0,83,0,'','','',NULL,'700657c68ce334096.jpg'),(919,'司法考试',0,83,0,'','','',NULL,'2350157c68ce3349b7.jpg'),(920,'其他法律类考试',0,83,0,'','','',NULL,'2593457c68ce335663.jpg'),(921,'医学类考试',0,83,0,'','','',NULL,'1767857c68ce335f7a.jpg'),(922,'建筑类考试',0,83,0,'','','',NULL,'2328757c68ce3368d2.jpg'),(923,'艺术类考试',0,83,0,'','','',NULL,'1534157c68ce3370d3.jpg'),(924,'英语考试',0,83,0,'','','',NULL,'1085957c68ce337811.jpg'),(925,'汉语/小语种考试',0,83,0,'','','',NULL,'3238457c68ce337f52.jpg'),(926,'同等学力考试',0,83,0,'','','',NULL,'2676357c68ce3386c8.jpg'),(927,'MBA/MPA/MPACC',0,83,0,'','','',NULL,'2680957c68ce338db0.jpg'),(928,'GCT',0,83,0,'','','',NULL,'657357c68ce339661.jpg'),(929,'法硕/金融联考',0,83,0,'','','',NULL,'2791057c68ce33a11a.jpg'),(930,'在职硕士考试',0,83,0,'','','',NULL,'417557c68ce33aaf3.jpg'),(931,'博士生入学考试',0,83,0,'','','',NULL,'784257c68ce33b402.jpg'),(932,'成人高考/自考',0,83,0,'','','',NULL,'2318557c68ce33c0f7.jpg'),(933,'其他资格/职称考试',0,83,0,'','','',NULL,'1734057c68ce33ca51.jpg'),(934,'银行类考试',0,83,0,'','','',NULL,'3181857c68ce33e052.jpg'),(935,'注册税务师',0,83,0,'','','',NULL,'2192657c68ce33eb38.jpg'),(936,'教师类考试',0,83,0,'','','',NULL,'2532857c68ce33f3f2.jpg'),(937,'大学教材',0,84,0,'','','',NULL,'1834257c68ce33fd56.jpg'),(938,'研究生教材',0,84,0,'','','',NULL,'1067857c68ce340874.jpg'),(939,'高职高专教材',0,84,0,'','','',NULL,'2896057c68ce3413db.jpg'),(940,'中职中专教材',0,84,0,'','','',NULL,'1420957c68ce341dfe.jpg'),(941,'成人教育教材',0,84,0,'','','',NULL,'772657c68ce3427d3.jpg'),(942,'竞赛',0,84,0,'','','',NULL,'1988157c68ce3430bc.jpg'),(943,'职业培训教材',0,84,0,'','','',NULL,'867657c68ce343925.jpg'),(944,'汉语字典',0,85,0,'','','',NULL,'553657c68ce3441bf.jpg'),(945,'汉语词典',0,85,0,'','','',NULL,'2453257c68ce344bc3.jpg'),(946,'成语词典',0,85,0,'','','',NULL,'2789257c68ce34543c.jpg'),(947,'中小学工具书',0,85,0,'','','',NULL,'1191557c68ce345e21.jpg'),(948,'英汉/汉英词典',0,85,0,'','','',NULL,'2721357c68ce3466a6.jpg'),(949,'日语词典',0,85,0,'','','',NULL,'1718557c68ce346eac.jpg'),(950,'韩语词典',0,85,0,'','','',NULL,'1108357c68ce347702.jpg'),(951,'德语词典',0,85,0,'','','',NULL,'564457c68ce347f1c.jpg'),(952,'法语词典',0,85,0,'','','',NULL,'1496857c68ce348849.jpg'),(953,'其他语种词典',0,85,0,'','','',NULL,'2966057c68ce348ff9.jpg'),(954,'工业技术',0,85,0,'','','',NULL,'554357c68ce3497c0.jpg'),(955,'标准',0,85,0,'','','',NULL,'1652557c68ce349f60.jpg'),(956,'计算机',0,85,0,'','','',NULL,'2470057c68ce34a7e3.jpg'),(957,'百科全书',0,85,0,'','','',NULL,'2726557c68ce34b064.jpg'),(958,'医学',0,85,0,'','','',NULL,'2762557c68ce34b85c.jpg'),(959,'科学与自然',0,85,0,'','','',NULL,'1292057c68ce34c0b4.jpg'),(960,'历史地理',0,85,0,'','','',NULL,'1712957c68ce34ccea.jpg'),(961,'环境与安全',0,85,0,'','','',NULL,'2251157c68ce34db03.jpg'),(962,'社会科学',0,85,0,'','','',NULL,'1171257c68ce34e46d.jpg'),(963,'哲学宗教',0,85,0,'','','',NULL,'3016057c68ce34ecbf.jpg'),(964,'政治军事',0,85,0,'','','',NULL,'2675857c68ce34f896.jpg'),(965,'法律',0,85,0,'','','',NULL,'3107357c68ce350099.jpg'),(966,'文化社科教育',0,85,0,'','','',NULL,'2836457c68ce35084f.jpg'),(967,'经济管理',0,85,0,'','','',NULL,'1171857c68ce350fe6.jpg'),(968,'艺术辞典',0,85,0,'','','',NULL,'347857c68ce351844.jpg'),(969,'万年历',0,85,0,'','','',NULL,'2678357c68ce352012.jpg'),(970,'文学鉴赏辞典',0,85,0,'','','',NULL,'1382857c68ce352a12.jpg'),(971,'文摘索引',0,85,0,'','','',NULL,'218357c68ce353247.jpg'),(972,'名录/目录/黄页',0,85,0,'','','',NULL,'777157c68ce353b71.jpg'),(973,'年谱年表/年鉴年刊',0,85,0,'','','',NULL,'1547857c68ce354ea3.jpg'),(974,'科普/百科',0,86,0,'','','',NULL,'2773357c68ce356cb0.jpg'),(975,'手工/游戏',0,86,0,'','','',NULL,'85757c68ce3579e0.jpg'),(976,'幼儿启蒙',0,86,0,'','','',NULL,'1506557c68ce358886.jpg'),(977,'智力开发',0,86,0,'','','',NULL,'342957c68ce3599d5.jpg'),(978,'动漫/卡通',0,86,0,'','','',NULL,'781957c68ce35fa76.jpg'),(979,'玩具书',0,86,0,'','','',NULL,'1354257c68ce360a92.jpg'),(980,'励志/成长',0,86,0,'','','',NULL,'1020457c68ce361e2f.jpg'),(981,'儿童教育',0,86,0,'','','',NULL,'1295357c68ce36320f.jpg'),(982,'音乐/舞蹈',0,86,0,'','','',NULL,'574957c68ce36401e.jpg'),(983,'美术/书法',0,86,0,'','','',NULL,'456757c68ce364e57.jpg'),(984,'少儿国学',0,86,0,'','','',NULL,'2079657c68ce3667fe.jpg'),(985,'少儿英语',0,86,0,'','','',NULL,'1922857c68ce367859.jpg'),(986,'笑话/幽默',0,86,0,'','','',NULL,'390857c68ce368361.jpg'),(987,'入园准备及教材',0,86,0,'','','',NULL,'2448557c68ce368ecf.jpg'),(988,'儿童期刊',0,86,0,'','','',NULL,'1673657c68ce369d28.jpg'),(989,'诗歌词曲',0,87,0,'','','',NULL,'2644157c68ce36ae2b.jpg'),(990,'中国文学',0,87,0,'','','',NULL,'235757c68ce36bcc3.jpg'),(991,'外国文学',0,87,0,'','','',NULL,'1886057c68ce36cff2.jpg'),(992,'名家作品',0,87,0,'','','',NULL,'1280157c68ce36dee4.jpg'),(993,'儿童文学',0,87,0,'','','',NULL,'2624357c68ce36effc.jpg'),(994,'作品集',0,87,0,'','','',NULL,'11257c68ce36ff7d.jpg'),(995,'纪实文学',0,87,0,'','','',NULL,'1958657c68ce3709f6.jpg'),(996,'民间文学',0,87,0,'','','',NULL,'670457c68ce37296f.jpg'),(997,'影视文学',0,87,0,'','','',NULL,'2384657c68ce3738d0.jpg'),(998,'戏剧曲艺',0,87,0,'','','',NULL,'286357c68ce3746f8.jpg'),(999,'文学理论',0,87,0,'','','',NULL,'2752657c68ce375dc3.jpg'),(1000,'文学史',0,87,0,'','','',NULL,'2396357c68ce3771af.jpg'),(1001,'文学评论与研究',0,87,0,'','','',NULL,'582257c68ce3780dc.jpg'),(1002,'期刊杂志',0,87,0,'','','',NULL,'899457c68ce378b70.jpg'),(1003,'中国近现代小说',0,88,0,'','','',NULL,'2578857c68ce3795b2.jpg'),(1004,'中国古典小说',0,88,0,'','','',NULL,'26857c68ce37a30c.jpg'),(1005,'四大名著',0,88,0,'','','',NULL,'216757c68ce37d1f1.jpg'),(1006,'港澳台小说',0,88,0,'','','',NULL,'769957c68ce37ef87.jpg'),(1007,'穿越/重生/架空',0,88,0,'','','',NULL,'2223257c68ce3800b9.jpg'),(1008,'外国小说',0,88,0,'','','',NULL,'209857c68ce381020.jpg'),(1009,'侦探/悬疑/推理',0,88,0,'','','',NULL,'1838957c68ce381bf3.jpg'),(1010,'惊悚/恐怖',0,88,0,'','','',NULL,'659857c68ce38291d.jpg'),(1011,'科幻小说',0,88,0,'','','',NULL,'348057c68ce383a93.jpg'),(1012,'魔幻/奇幻/玄幻',0,88,0,'','','',NULL,'2474057c68ce384924.jpg'),(1013,'武侠',0,88,0,'','','',NULL,'2294957c68ce386eb0.jpg'),(1014,'军事',0,88,0,'','','',NULL,'2435557c68ce387f93.jpg'),(1015,'情感/家庭/婚姻',0,88,0,'','','',NULL,'2671157c68ce388b64.jpg'),(1016,'宫廷',0,88,0,'','','',NULL,'3229157c68ce38a941.jpg'),(1017,'社会',0,88,0,'','','',NULL,'2795657c68ce38c427.jpg'),(1018,'都市',0,88,0,'','','',NULL,'15057c68ce38d56f.jpg'),(1019,'乡土',0,88,0,'','','',NULL,'380857c68ce38e4ea.jpg'),(1020,'职场',0,88,0,'','','',NULL,'310357c68ce38eef7.jpg'),(1021,'财经',0,88,0,'','','',NULL,'2246257c68ce38f864.jpg'),(1022,'官场',0,88,0,'','','',NULL,'1426357c68ce3902d2.jpg'),(1023,'历史',0,88,0,'','','',NULL,'2675257c68ce391120.jpg'),(1024,'影视小说',0,88,0,'','','',NULL,'2265357c68ce392142.jpg'),(1025,'作品集',0,88,0,'','','',NULL,'2564157c68ce392e67.jpg'),(1026,'世界名著',0,88,0,'','','',NULL,'1795857c68ce39432d.jpg'),(1027,'期刊杂志',0,88,0,'','','',NULL,'239957c68ce395281.jpg'),(1028,'西服',0,89,0,'','','',NULL,'2344857c68ce396a81.jpg'),(1029,'马甲/背心',0,89,0,'','','',NULL,'1918757c68ce3a3443.jpg'),(1030,'风衣',0,89,0,'','','',NULL,'2399357c68ce3b0744.jpg'),(1031,'真皮皮衣',0,89,0,'','','',NULL,'257557c68ce3bcd97.jpg'),(1032,'毛呢大衣',0,89,0,'','','',NULL,'39057c68ce3ca526.jpg'),(1033,'仿皮皮衣',0,89,0,'','','',NULL,'2621857c68ce3d759b.jpg'),(1034,'西服套装',0,89,0,'','','',NULL,'2146657c68ce3e3f5d.jpg'),(1035,'羊毛衫',0,89,0,'','','',NULL,'3210257c68ce400abc.jpg'),(1036,'羊绒衫',0,89,0,'','','',NULL,'630057c68ce41447d.jpg'),(1037,'历史人物',0,90,0,'','','',NULL,'3049157c68ce4216ca.jpg'),(1038,'经典传记',0,90,0,'','','',NULL,'925857c68ce42300e.jpg'),(1039,'历代帝王',0,90,0,'','','',NULL,'3085757c68ce423be4.jpg'),(1040,'领袖首脑',0,90,0,'','','',NULL,'235657c68ce4243e3.jpg'),(1041,'军事人物',0,90,0,'','','',NULL,'321257c68ce424b72.jpg'),(1042,'政治人物',0,90,0,'','','',NULL,'164357c68ce4252a1.jpg'),(1043,'财经人物',0,90,0,'','','',NULL,'2490657c68ce42599d.jpg'),(1044,'宗教人物',0,90,0,'','','',NULL,'1502157c68ce426579.jpg'),(1045,'女性人物',0,90,0,'','','',NULL,'2615857c68ce426f27.jpg'),(1046,'体坛之星',0,90,0,'','','',NULL,'706857c68ce4277ba.jpg'),(1047,'文娱明星',0,90,0,'','','',NULL,'3038857c68ce427f5c.jpg'),(1048,'科学家',0,90,0,'','','',NULL,'1886857c68ce4286df.jpg'),(1049,'建筑师/设计师',0,90,0,'','','',NULL,'2471757c68ce428e80.jpg'),(1050,'艺术家',0,90,0,'','','',NULL,'3030957c68ce42976a.jpg'),(1051,'文学家',0,90,0,'','','',NULL,'1840357c68ce42a0b4.jpg'),(1052,'学者',0,90,0,'','','',NULL,'2963457c68ce42b098.jpg'),(1053,'自传',0,90,0,'','','',NULL,'1709857c68ce42ba4c.jpg'),(1054,'人物合集',0,90,0,'','','',NULL,'69457c68ce42c23e.jpg'),(1055,'社会百相',0,90,0,'','','',NULL,'335457c68ce42c96a.jpg'),(1056,'家族研究与传记',0,90,0,'','','',NULL,'2352657c68ce42d056.jpg'),(1057,'姓氏谱系',0,90,0,'','','',NULL,'7557c68ce42d744.jpg'),(1058,'哲学家',0,90,0,'','','',NULL,'426857c68ce42de97.jpg'),(1059,'校园',0,91,0,'','','',NULL,'590357c68ce42e788.jpg'),(1060,'爱情/情感',0,91,0,'','','',NULL,'326957c68ce42f028.jpg'),(1061,'叛逆/成长',0,91,0,'','','',NULL,'1707357c68ce42f7e4.jpg'),(1062,'悬疑/惊悚',0,91,0,'','','',NULL,'171657c68ce42ff17.jpg'),(1063,'娱乐/偶像',0,91,0,'','','',NULL,'1856957c68ce430636.jpg'),(1064,'爆笑/无厘头',0,91,0,'','','',NULL,'2351957c68ce430e4e.jpg'),(1065,'玄幻/科幻/新武侠',0,91,0,'','','',NULL,'2049057c68ce4315e3.jpg'),(1066,'大陆原创',0,91,0,'','','',NULL,'3249857c68ce431d43.jpg'),(1067,'港台青春文学',0,91,0,'','','',NULL,'2001357c68ce4328a9.jpg'),(1068,'韩国青春文学',0,91,0,'','','',NULL,'462857c68ce433461.jpg'),(1069,'其他国外青春文学',0,91,0,'','','',NULL,'852057c68ce433fb3.jpg'),(1070,'日本动漫',0,92,0,'','','',NULL,'2147657c68ce434819.jpg'),(1071,'大陆动漫',0,92,0,'','','',NULL,'219757c68ce434f79.jpg'),(1072,'欧美动漫',0,92,0,'','','',NULL,'3210257c68ce43567c.jpg'),(1073,'港台动漫',0,92,0,'','','',NULL,'1560357c68ce435d6f.jpg'),(1074,'其他国外动漫',0,92,0,'','','',NULL,'2464257c68ce4365d2.jpg'),(1075,'连环画',0,92,0,'','','',NULL,'2371557c68ce436f22.jpg'),(1076,'绘本',0,92,0,'','','',NULL,'2048057c68ce4376f1.jpg'),(1077,'轻小说',0,92,0,'','','',NULL,'1077857c68ce43819e.jpg'),(1078,'爆笑漫画',0,92,0,'','','',NULL,'3024957c68ce438ab4.jpg'),(1079,'动漫学堂',0,92,0,'','','',NULL,'2408557c68ce4396fd.jpg'),(1080,'经典著作',0,93,0,'','','',NULL,'2879257c68ce43a4bb.jpg'),(1081,'MBA与工商管理',0,93,0,'','','',NULL,'398357c68ce43b816.jpg'),(1082,'人力资源管理',0,93,0,'','','',NULL,'2085757c68ce43c6ba.jpg'),(1083,'创业/商业史传',0,93,0,'','','',NULL,'213757c68ce43d7d5.jpg'),(1084,'企业管理与培训',0,93,0,'','','',NULL,'801757c68ce43e707.jpg'),(1085,'供应链管理',0,93,0,'','','',NULL,'2133257c68ce43f53d.jpg'),(1086,'商务实务',0,93,0,'','','',NULL,'242857c68ce44050c.jpg'),(1087,'市场营销',0,93,0,'','','',NULL,'3113857c68ce441262.jpg'),(1088,'战略管理',0,93,0,'','','',NULL,'557257c68ce442070.jpg'),(1089,'生产与运作管理',0,93,0,'','','',NULL,'2004857c68ce4436fa.jpg'),(1090,'电子商务',0,93,0,'','','',NULL,'1786457c68ce44452d.jpg'),(1091,'管理信息系统',0,93,0,'','','',NULL,'2565957c68ce44528e.jpg'),(1092,'管理学',0,93,0,'','','',NULL,'44757c68ce445f08.jpg'),(1093,'管理工具书',0,93,0,'','','',NULL,'2669457c68ce446718.jpg'),(1094,'财务管理',0,93,0,'','','',NULL,'1495057c68ce4471e6.jpg'),(1095,'通俗读物',0,93,0,'','','',NULL,'1078057c68ce447a5d.jpg'),(1096,'项目管理',0,93,0,'','','',NULL,'81557c68ce448326.jpg'),(1097,'领导学',0,93,0,'','','',NULL,'1229657c68ce448b59.jpg'),(1098,'会计审计',0,94,0,'','','',NULL,'1208357c68ce449349.jpg'),(1099,'经典著作',0,94,0,'','','',NULL,'2220357c68ce449bc2.jpg'),(1100,'世界经济',0,94,0,'','','',NULL,'370757c68ce44a447.jpg'),(1101,'职业资格考试',0,94,0,'','','',NULL,'1738457c68ce44b5de.jpg'),(1102,'中国经济',0,94,0,'','','',NULL,'576757c68ce44c00d.jpg'),(1103,'经济学理论',0,94,0,'','','',NULL,'2742857c68ce44c89e.jpg'),(1104,'行业经济',0,94,0,'','','',NULL,'2260857c68ce44d109.jpg'),(1105,'经济体制与改革',0,94,0,'','','',NULL,'779257c68ce44d8bc.jpg'),(1106,'贸易经济',0,94,0,'','','',NULL,'3048557c68ce44e0e1.jpg'),(1107,'经济计划与管理',0,94,0,'','','',NULL,'1236457c68ce44e8e5.jpg'),(1108,'财政税收',0,94,0,'','','',NULL,'1194057c68ce44f21f.jpg'),(1109,'经济史',0,94,0,'','','',NULL,'699557c68ce44fe5f.jpg'),(1110,'工业经济',0,94,0,'','','',NULL,'1153857c68ce4506c1.jpg'),(1111,'工具书与参考书',0,94,0,'','','',NULL,'93057c68ce450ecd.jpg'),(1112,'通俗读物',0,94,0,'','','',NULL,'2533357c68ce451716.jpg'),(1113,'投资',0,95,0,'','','',NULL,'1859457c68ce45229d.jpg'),(1114,'国际金融',0,95,0,'','','',NULL,'1807457c68ce4535c3.jpg'),(1115,'期货',0,95,0,'','','',NULL,'2096857c68ce4540ba.jpg'),(1116,'各国金融银行',0,95,0,'','','',NULL,'1070657c68ce454b0e.jpg'),(1117,'中国金融银行',0,95,0,'','','',NULL,'2259557c68ce455333.jpg'),(1118,'证券',0,95,0,'','','',NULL,'3259157c68ce455b25.jpg'),(1119,'货币银行学',0,95,0,'','','',NULL,'1337757c68ce456515.jpg'),(1120,'基金',0,95,0,'','','',NULL,'502157c68ce457175.jpg'),(1121,'信用管理与信贷',0,95,0,'','','',NULL,'1782457c68ce4579d7.jpg'),(1122,'保险',0,95,0,'','','',NULL,'800357c68ce4584df.jpg'),(1123,'金融市场与管理',0,95,0,'','','',NULL,'2548357c68ce45936a.jpg'),(1124,'个人理财',0,95,0,'','','',NULL,'65557c68ce45d653.jpg'),(1125,'金融理论',0,95,0,'','','',NULL,'92457c68ce460089.jpg'),(1126,'企业并购',0,95,0,'','','',NULL,'1666457c68ce460e2a.jpg'),(1127,'经典著作',0,96,0,'','','',NULL,'3019057c68ce46173f.jpg'),(1128,'个人形象',0,96,0,'','','',NULL,'1689257c68ce462126.jpg'),(1129,'人在职场',0,96,0,'','','',NULL,'1812357c68ce462e82.jpg'),(1130,'人际与社交',0,96,0,'','','',NULL,'1725357c68ce463c50.jpg'),(1131,'创业必修',0,96,0,'','','',NULL,'683757c68ce464a73.jpg'),(1132,'励志小品',0,96,0,'','','',NULL,'892157c68ce46556a.jpg'),(1133,'大师谈励志',0,96,0,'','','',NULL,'1635457c68ce465e25.jpg'),(1134,'女性励志',0,96,0,'','','',NULL,'2697257c68ce466c56.jpg'),(1135,'男性励志',0,96,0,'','','',NULL,'1852557c68ce4687cb.jpg'),(1136,'名人励志',0,96,0,'','','',NULL,'1676357c68ce46959d.jpg'),(1137,'心灵鸡汤',0,96,0,'','','',NULL,'2314857c68ce46cbd8.jpg'),(1138,'成功学',0,96,0,'','','',NULL,'2833057c68ce46dbfc.jpg'),(1139,'文明礼仪',0,96,0,'','','',NULL,'433257c68ce46ed8f.jpg'),(1140,'智慧格言',0,96,0,'','','',NULL,'2268957c68ce46fd60.jpg'),(1141,'演讲与口才',0,96,0,'','','',NULL,'2143957c68ce470af6.jpg'),(1142,'自我完善',0,96,0,'','','',NULL,'476757c68ce4717b0.jpg'),(1143,'自我调节',0,96,0,'','','',NULL,'422957c68ce472bee.jpg'),(1144,'行业成功指南',0,96,0,'','','',NULL,'1784557c68ce475410.jpg'),(1145,'青少年励志/大学生指南',0,96,0,'','','',NULL,'1591957c68ce475d49.jpg'),(1146,'智力与谋略',0,96,0,'','','',NULL,'2420757c68ce47696f.jpg'),(1147,'情商管理',0,96,0,'','','',NULL,'1080857c68ce47725f.jpg'),(1148,'性格/习惯',0,96,0,'','','',NULL,'878357c68ce477e55.jpg'),(1149,'中国史',0,97,0,'','','',NULL,'1753757c68ce478742.jpg'),(1150,'世界史',0,97,0,'','','',NULL,'1112857c68ce479018.jpg'),(1151,'经典著作',0,97,0,'','','',NULL,'182257c68ce479c28.jpg'),(1152,'史家名著',0,97,0,'','','',NULL,'588357c68ce47a56e.jpg'),(1153,'通俗说史',0,97,0,'','','',NULL,'1680357c68ce47af2f.jpg'),(1154,'地方史志',0,97,0,'','','',NULL,'1098057c68ce47c212.jpg'),(1155,'逸闻野史',0,97,0,'','','',NULL,'298257c68ce47cbb0.jpg'),(1156,'历史热点',0,97,0,'','','',NULL,'1926057c68ce47d528.jpg'),(1157,'文物考古',0,97,0,'','','',NULL,'15457c68ce47dd75.jpg'),(1158,'风俗习惯',0,97,0,'','','',NULL,'3048157c68ce47e4a4.jpg'),(1159,'史学理论',0,97,0,'','','',NULL,'1412257c68ce47eb79.jpg'),(1160,'历史研究与评论',0,97,0,'','','',NULL,'584157c68ce47f25f.jpg'),(1161,'民族史',0,97,0,'','','',NULL,'1452357c68ce47f965.jpg'),(1162,'历史工具书',0,97,0,'','','',NULL,'2824057c68ce480413.jpg'),(1163,'政治经典著作',0,98,0,'','','',NULL,'864657c68ce480c1d.jpg'),(1164,'世界政治',0,98,0,'','','',NULL,'2258257c68ce4813b8.jpg'),(1165,'中国共产党',0,98,0,'','','',NULL,'668657c68ce481ad1.jpg'),(1166,'中国政治',0,98,0,'','','',NULL,'2397957c68ce482321.jpg'),(1167,'党政读物',0,98,0,'','','',NULL,'317757c68ce482c6f.jpg'),(1168,'各国共产党',0,98,0,'','','',NULL,'523057c68ce4838e3.jpg'),(1169,'各国政治',0,98,0,'','','',NULL,'3233657c68ce4842ab.jpg'),(1170,'外交国际关系',0,98,0,'','','',NULL,'1607457c68ce484a6e.jpg'),(1171,'工人农民青年妇女运动与组织',0,98,0,'','','',NULL,'1412457c68ce4851dd.jpg'),(1172,'政治热点',0,98,0,'','','',NULL,'1740857c68ce4859cd.jpg'),(1173,'政治理论',0,98,0,'','','',NULL,'442457c68ce486120.jpg'),(1174,'公共管理',0,98,0,'','','',NULL,'335257c68ce48684b.jpg'),(1175,'政治考试和教材',0,98,0,'','','',NULL,'2915557c68ce486f33.jpg'),(1176,'马克思主义理论',0,98,0,'','','',NULL,'2899257c68ce487604.jpg'),(1177,'经典军事著作',0,98,0,'','','',NULL,'169257c68ce488024.jpg'),(1178,'中国军事',0,98,0,'','','',NULL,'3024157c68ce488881.jpg'),(1179,'世界军事',0,98,0,'','','',NULL,'689857c68ce488fb5.jpg'),(1180,'军事理论',0,98,0,'','','',NULL,'302357c68ce48969d.jpg'),(1181,'军事技术',0,98,0,'','','',NULL,'1202157c68ce489dd7.jpg'),(1182,'战略战术战役',0,98,0,'','','',NULL,'2694257c68ce48a888.jpg'),(1183,'武器装备',0,98,0,'','','',NULL,'9957c68ce48b374.jpg'),(1184,'反恐',0,98,0,'','','',NULL,'547757c68ce48bfa7.jpg'),(1185,'军事教材',0,98,0,'','','',NULL,'44957c68ce48c970.jpg'),(1186,'军事文学',0,98,0,'','','',NULL,'1906157c68ce48d0e1.jpg'),(1187,'军事史',0,98,0,'','','',NULL,'2232557c68ce48d7fb.jpg'),(1188,'哲学经典著作',0,99,0,'','','',NULL,'302257c68ce48df17.jpg'),(1189,'中国哲学',0,99,0,'','','',NULL,'2845557c68ce48e635.jpg'),(1190,'东方哲学',0,99,0,'','','',NULL,'1961157c68ce48ed2a.jpg'),(1191,'西方哲学',0,99,0,'','','',NULL,'1560657c68ce48f424.jpg'),(1192,'哲学理论与流派',0,99,0,'','','',NULL,'1336357c68ce48fb19.jpg'),(1193,'马克思哲学',0,99,0,'','','',NULL,'364857c68ce49054f.jpg'),(1194,'思维科学',0,99,0,'','','',NULL,'1401157c68ce490d16.jpg'),(1195,'美学',0,99,0,'','','',NULL,'3061257c68ce491487.jpg'),(1196,'逻辑学',0,99,0,'','','',NULL,'1116357c68ce491bb6.jpg'),(1197,'伦理学',0,99,0,'','','',NULL,'3162057c68ce4923be.jpg'),(1198,'宗教普及读物',0,99,0,'','','',NULL,'633257c68ce492b28.jpg'),(1199,'宗教经典著作',0,99,0,'','','',NULL,'2648057c68ce49321b.jpg'),(1200,'佛教原典',0,99,0,'','','',NULL,'2475357c68ce49394e.jpg'),(1201,'佛教研究著作',0,99,0,'','','',NULL,'3161857c68ce494219.jpg'),(1202,'藏传佛教',0,99,0,'','','',NULL,'1311757c68ce494b13.jpg'),(1203,'佛教名家作品',0,99,0,'','','',NULL,'2450057c68ce495264.jpg'),(1204,'宗教术数',0,99,0,'','','',NULL,'2324057c68ce4959aa.jpg'),(1205,'基督教',0,99,0,'','','',NULL,'1378157c68ce4961b7.jpg'),(1206,'宗教艺术',0,99,0,'','','',NULL,'582857c68ce496942.jpg'),(1207,'天主教',0,99,0,'','','',NULL,'2275957c68ce497138.jpg'),(1208,'宗教理论与概况',0,99,0,'','','',NULL,'2921257c68ce4978dd.jpg'),(1209,'犹太教',0,99,0,'','','',NULL,'725157c68ce497fda.jpg'),(1210,'宗教神话与传说',0,99,0,'','','',NULL,'1589657c68ce4988d7.jpg'),(1211,'道教',0,99,0,'','','',NULL,'1273457c68ce4990cb.jpg'),(1212,'伊斯兰教',0,99,0,'','','',NULL,'2389957c68ce4997fd.jpg'),(1213,'其他宗教',0,99,0,'','','',NULL,'2112757c68ce499f25.jpg'),(1214,'经部',0,100,0,'','','',NULL,'1021957c68ce49a758.jpg'),(1215,'史部',0,100,0,'','','',NULL,'2923757c68ce49b03c.jpg'),(1216,'子部',0,100,0,'','','',NULL,'1443657c68ce49bde4.jpg'),(1217,'集部',0,100,0,'','','',NULL,'1059457c68ce49c773.jpg'),(1218,'四库全书',0,100,0,'','','',NULL,'1324457c68ce49d0c3.jpg'),(1219,'国学名家',0,100,0,'','','',NULL,'1763157c68ce49d874.jpg'),(1220,'线装书',0,100,0,'','','',NULL,'2670257c68ce49dfd2.jpg'),(1221,'国学普及读物',0,100,0,'','','',NULL,'81357c68ce49e6e3.jpg'),(1222,'书目辞典',0,100,0,'','','',NULL,'1791657c68ce49edcb.jpg'),(1223,'古籍善本影印本',0,100,0,'','','',NULL,'677857c68ce49f49f.jpg'),(1224,'经典著作',0,101,0,'','','',NULL,'17257c68ce49fbb2.jpg'),(1225,'大众心理学',0,101,0,'','','',NULL,'1325057c68ce4a0488.jpg'),(1226,'社会心理学',0,101,0,'','','',NULL,'3057657c68ce4a0e05.jpg'),(1227,'人格心理学',0,101,0,'','','',NULL,'1120757c68ce4a15b6.jpg'),(1228,'心理咨询与治疗',0,101,0,'','','',NULL,'359957c68ce4a1cc5.jpg'),(1229,'女性心理学',0,101,0,'','','',NULL,'1254057c68ce4a2441.jpg'),(1230,'变态/病态心理学',0,101,0,'','','',NULL,'2146257c68ce4a2d1b.jpg'),(1231,'应用心理学',0,101,0,'','','',NULL,'1986557c68ce4a3a9b.jpg'),(1232,'心理健康',0,101,0,'','','',NULL,'2708557c68ce4a454c.jpg'),(1233,'儿童/青少年心理学',0,101,0,'','','',NULL,'1009257c68ce4a4e91.jpg'),(1234,'心理学理论',0,101,0,'','','',NULL,'2759557c68ce4a562e.jpg'),(1235,'心理学研究方法',0,101,0,'','','',NULL,'1924357c68ce4a5d55.jpg'),(1236,'心理百科',0,101,0,'','','',NULL,'3148957c68ce4a6458.jpg'),(1237,'心灵疗愈/催眠',0,101,0,'','','',NULL,'1825357c68ce4a6b53.jpg'),(1238,'生理心理学',0,101,0,'','','',NULL,'1585257c68ce4a7279.jpg'),(1239,'经典著作',0,102,0,'','','',NULL,'1503057c68ce4a79cf.jpg'),(1240,'理论法学',0,102,0,'','','',NULL,'225957c68ce4a815e.jpg'),(1241,'法律史',0,102,0,'','','',NULL,'2399457c68ce4a8985.jpg'),(1242,'刑法',0,102,0,'','','',NULL,'1516457c68ce4a91b2.jpg'),(1243,'司法制度',0,102,0,'','','',NULL,'6757c68ce4a9916.jpg'),(1244,'司法案例与司法解释',0,102,0,'','','',NULL,'50657c68ce4aa0a8.jpg'),(1245,'司法考试',0,102,0,'','','',NULL,'361557c68ce4aab24.jpg'),(1246,'商法',0,102,0,'','','',NULL,'2733457c68ce4ab6b4.jpg'),(1247,'国家法宪法',0,102,0,'','','',NULL,'2937457c68ce4ac2e9.jpg'),(1248,'外国法律与港澳台法律',0,102,0,'','','',NULL,'2393557c68ce4acc43.jpg'),(1249,'民法',0,102,0,'','','',NULL,'1636657c68ce4ad44d.jpg'),(1250,'法学文集',0,102,0,'','','',NULL,'2880357c68ce4adb6c.jpg'),(1251,'法律工具书',0,102,0,'','','',NULL,'2234957c68ce4ae274.jpg'),(1252,'法律教材与法律考试',0,102,0,'','','',NULL,'3091557c68ce4ae969.jpg'),(1253,'法律文书写作',0,102,0,'','','',NULL,'526757c68ce4af04b.jpg'),(1254,'法律普及读物',0,102,0,'','','',NULL,'3161357c68ce4af765.jpg'),(1255,'法律期刊',0,102,0,'','','',NULL,'995257c68ce4afef7.jpg'),(1256,'法律法规',0,102,0,'','','',NULL,'582757c68ce4b06d0.jpg'),(1257,'经济法',0,102,0,'','','',NULL,'3114557c68ce4b10c7.jpg'),(1258,'行政法',0,102,0,'','','',NULL,'2437357c68ce4b1868.jpg'),(1259,'国际法',0,102,0,'','','',NULL,'2100057c68ce4b1f8b.jpg'),(1260,'司法鉴定',0,102,0,'','','',NULL,'2575557c68ce4b276b.jpg'),(1261,'犯罪学',0,102,0,'','','',NULL,'1111857c68ce4b339a.jpg'),(1262,'刑事侦查学',0,102,0,'','','',NULL,'2361857c68ce4b3d44.jpg'),(1263,'法医学',0,102,0,'','','',NULL,'3047657c68ce4b4733.jpg'),(1264,'诉讼法',0,102,0,'','','',NULL,'1005757c68ce4b5045.jpg'),(1265,'网络法律法规',0,102,0,'','','',NULL,'1522057c68ce4b5829.jpg'),(1266,'法律实务',0,102,0,'','','',NULL,'2361257c68ce4b5f60.jpg'),(1267,'文化理论',0,103,0,'','','',NULL,'1593057c68ce4b666a.jpg'),(1268,'文化史',0,103,0,'','','',NULL,'3038857c68ce4b6d4f.jpg'),(1269,'方针政策及其阐述',0,103,0,'','','',NULL,'2857057c68ce4b743f.jpg'),(1270,'文化评述',0,103,0,'','','',NULL,'943257c68ce4b7bbe.jpg'),(1271,'文化研究',0,103,0,'','','',NULL,'2060357c68ce4b82e0.jpg'),(1272,'文化交流/文化产业',0,103,0,'','','',NULL,'1073357c68ce4b89df.jpg'),(1273,'文化专题研究',0,103,0,'','','',NULL,'338757c68ce4b92ba.jpg'),(1274,'地域文化',0,103,0,'','','',NULL,'1800457c68ce4b9c09.jpg'),(1275,'传统文化',0,103,0,'','','',NULL,'721057c68ce4ba3d3.jpg'),(1276,'民俗文化',0,103,0,'','','',NULL,'2270857c68ce4baf4f.jpg'),(1277,'民族文化',0,103,0,'','','',NULL,'2576557c68ce4bbb25.jpg'),(1278,'文化刊物',0,103,0,'','','',NULL,'1871057c68ce4bc74a.jpg'),(1279,'世界各国文化',0,103,0,'','','',NULL,'2359057c68ce4bd103.jpg'),(1280,'经典著作',0,104,0,'','','',NULL,'569457c68ce4bd9d6.jpg'),(1281,'教育',0,104,0,'','','',NULL,'1249357c68ce4be189.jpg'),(1282,'新闻出版/档案管理',0,104,0,'','','',NULL,'2420857c68ce4be898.jpg'),(1283,'语言文字',0,104,0,'','','',NULL,'541457c68ce4bf0e6.jpg'),(1284,'人口学',0,104,0,'','','',NULL,'1874157c68ce4bf86c.jpg'),(1285,'人才学',0,104,0,'','','',NULL,'800157c68ce4bffb2.jpg'),(1286,'人类学',0,104,0,'','','',NULL,'650257c68ce4c06a9.jpg'),(1287,'社会结构和社会关系',0,104,0,'','','',NULL,'3207757c68ce4c0db6.jpg'),(1288,'民族学',0,104,0,'','','',NULL,'1766557c68ce4c1944.jpg'),(1289,'社会生活与社会问题',0,104,0,'','','',NULL,'521357c68ce4c2242.jpg'),(1290,'社会学',0,104,0,'','','',NULL,'2888357c68ce4c2a13.jpg'),(1291,'社会调查',0,104,0,'','','',NULL,'51157c68ce4c3187.jpg'),(1292,'社会科学丛书文集连续出版物',0,104,0,'','','',NULL,'211857c68ce4c38b6.jpg'),(1293,'社会保障',0,104,0,'','','',NULL,'3270657c68ce4c3ffe.jpg'),(1294,'社会科学文献检索',0,104,0,'','','',NULL,'493757c68ce4c4780.jpg'),(1295,'社会科学理论',0,104,0,'','','',NULL,'2456257c68ce4c4f0b.jpg'),(1296,'公共关系',0,104,0,'','','',NULL,'1758157c68ce4c57e0.jpg'),(1297,'统计学',0,104,0,'','','',NULL,'2176457c68ce4c6079.jpg'),(1298,'社区',0,104,0,'','','',NULL,'1954357c68ce4c697a.jpg'),(1299,'设计',0,105,0,'','','',NULL,'39257c68ce4c7178.jpg'),(1300,'篆刻',0,105,0,'','','',NULL,'509657c68ce4c78fa.jpg'),(1301,'连环画',0,105,0,'','','',NULL,'3190757c68ce4c806a.jpg'),(1302,'动画',0,105,0,'','','',NULL,'46457c68ce4c87e4.jpg'),(1303,'影视',0,105,0,'','','',NULL,'598057c68ce4c8f4d.jpg'),(1304,'人体艺术',0,105,0,'','','',NULL,'3224057c68ce4c9c74.jpg'),(1305,'鉴赏收藏',0,105,0,'','','',NULL,'2079757c68ce4ca49a.jpg'),(1306,'建筑',0,105,0,'','','',NULL,'311457c68ce4cacc1.jpg'),(1307,'舞蹈',0,105,0,'','','',NULL,'796257c68ce4cb5b6.jpg'),(1308,'雕塑',0,105,0,'','','',NULL,'1345757c68ce4cbfc6.jpg'),(1309,'艺术类考试',0,105,0,'','','',NULL,'3200157c68ce4cc8e7.jpg'),(1310,'艺术史',0,105,0,'','','',NULL,'2819657c68ce4cd0c3.jpg'),(1311,'艺术理论与评论',0,105,0,'','','',NULL,'1960557c68ce4cdaa4.jpg'),(1312,'世界各国艺术概况',0,105,0,'','','',NULL,'1028157c68ce4ce331.jpg'),(1313,'舞台艺术戏剧',0,105,0,'','','',NULL,'1930357c68ce4cead2.jpg'),(1314,'工艺美术',0,105,0,'','','',NULL,'1220357c68ce4cf262.jpg'),(1315,'民间艺术',0,105,0,'','','',NULL,'232357c68ce4cf993.jpg'),(1316,'艺术品拍卖',0,105,0,'','','',NULL,'2295757c68ce4d0090.jpg'),(1317,'艺术辞典与工具书',0,105,0,'','','',NULL,'1718257c68ce4d0780.jpg'),(1318,'国画赏析',0,106,0,'','','',NULL,'2457557c68ce4d0f74.jpg'),(1319,'素描/速写',0,106,0,'','','',NULL,'3197957c68ce4d1ac7.jpg'),(1320,'水粉/水彩',0,106,0,'','','',NULL,'356457c68ce4d2407.jpg'),(1321,'油画赏析',0,106,0,'','','',NULL,'723857c68ce4d2e04.jpg'),(1322,'其他绘画',0,106,0,'','','',NULL,'78657c68ce4d38c7.jpg'),(1323,'名家画集',0,106,0,'','','',NULL,'2235557c68ce4d4600.jpg'),(1324,'绘画技法',0,106,0,'','','',NULL,'1794457c68ce4d4f47.jpg'),(1325,'绘画理论',0,106,0,'','','',NULL,'2633657c68ce4d5fa5.jpg'),(1326,'美术考试',0,106,0,'','','',NULL,'2820957c68ce4d6902.jpg'),(1327,'摄影技法',0,107,0,'','','',NULL,'1854757c68ce4d712f.jpg'),(1328,'摄影器材指南',0,107,0,'','','',NULL,'857857c68ce4d7c73.jpg'),(1329,'后期处理',0,107,0,'','','',NULL,'3008357c68ce4d84ec.jpg'),(1330,'摄影理论',0,107,0,'','','',NULL,'2250157c68ce4d908f.jpg'),(1331,'摄影集/图册',0,107,0,'','','',NULL,'2502257c68ce4d9bce.jpg'),(1332,'分类摄影',0,107,0,'','','',NULL,'323757c68ce4da636.jpg'),(1333,'家教理论',0,108,0,'','','',NULL,'2465657c68ce4dae9e.jpg'),(1334,'家教方法',0,108,0,'','','',NULL,'796457c68ce4db73e.jpg'),(1335,'素质教育',0,108,0,'','','',NULL,'2060957c68ce4dc415.jpg'),(1336,'心理疏导',0,108,0,'','','',NULL,'2493457c68ce4ddde0.jpg'),(1337,'养育男孩',0,108,0,'','','',NULL,'1335257c68ce4df6fc.jpg'),(1338,'养育女孩',0,108,0,'','','',NULL,'346057c68ce4e108d.jpg'),(1339,'亲子关系',0,108,0,'','','',NULL,'991657c68ce4e33a2.jpg'),(1340,'婴幼儿保健护理',0,108,0,'','','',NULL,'2370657c68ce4e4f32.jpg'),(1341,'育儿百科',0,108,0,'','','',NULL,'873257c68ce4e6d98.jpg'),(1342,'婴幼儿饮食',0,108,0,'','','',NULL,'645657c68ce4e7ced.jpg'),(1343,'上班族保健',0,109,0,'','','',NULL,'977857c68ce4e8fd7.jpg'),(1344,'两性健康',0,109,0,'','','',NULL,'327357c68ce4e9e49.jpg'),(1345,'中老年健康',0,109,0,'','','',NULL,'1718857c68ce4ecbba.jpg'),(1346,'养生',0,109,0,'','','',NULL,'2703857c68ce4ee9e8.jpg'),(1347,'五官护理',0,109,0,'','','',NULL,'1682857c68ce4eff3e.jpg'),(1348,'孕产妇保健',0,109,0,'','','',NULL,'772957c68ce4f0d45.jpg'),(1349,'家庭保健',0,109,0,'','','',NULL,'1742857c68ce4f2d5d.jpg'),(1350,'常见病预防与治疗',0,109,0,'','','',NULL,'910357c68ce4f3bde.jpg'),(1351,'心理健康',0,109,0,'','','',NULL,'1865857c68ce5007fc.jpg'),(1352,'急救常识',0,109,0,'','','',NULL,'1025457c68ce501e66.jpg'),(1353,'瑜伽/美体',0,109,0,'','','',NULL,'353357c68ce502ff7.jpg'),(1354,'婴幼儿保健',0,109,0,'','','',NULL,'1656957c68ce50423b.jpg'),(1355,'运动健身',0,109,0,'','','',NULL,'2910057c68ce504f44.jpg'),(1356,'保健食谱',0,109,0,'','','',NULL,'2434557c68ce506bef.jpg'),(1357,'中医保健',0,109,0,'','','',NULL,'1579257c68ce5096f1.jpg'),(1358,'旅游随笔',0,110,0,'','','',NULL,'3027457c68ce50ae4f.jpg'),(1359,'旅游摄影',0,110,0,'','','',NULL,'1349457c68ce50bdcf.jpg'),(1360,'国内游',0,110,0,'','','',NULL,'2081557c68ce50cd0d.jpg'),(1361,'户外探险',0,110,0,'','','',NULL,'60157c68ce510d32.jpg'),(1362,'国外游',0,110,0,'','','',NULL,'2833457c68ce515a8e.jpg'),(1363,'旅游地图',0,110,0,'','','',NULL,'1216357c68ce5190cc.jpg'),(1364,'自助游',0,110,0,'','','',NULL,'382757c68ce51bf74.jpg'),(1365,'导游必备',0,110,0,'','','',NULL,'1242557c68ce51dd78.jpg'),(1366,'旅游指南',0,110,0,'','','',NULL,'2329957c68ce51f640.jpg'),(1367,'明信片',0,110,0,'','','',NULL,'27557c68ce520978.jpg'),(1368,'热点游',0,110,0,'','','',NULL,'2581457c68ce522fdc.jpg'),(1369,'旅游期刊',0,110,0,'','','',NULL,'931557c68ce523f85.jpg'),(1370,'主题旅游',0,110,0,'','','',NULL,'797957c68ce524cff.jpg'),(1371,'旅游理论与实务',0,110,0,'','','',NULL,'2168857c68ce52593f.jpg'),(1372,'地球仪',0,110,0,'','','',NULL,'303057c68ce526584.jpg'),(1373,'挂图/折叠图',0,110,0,'','','',NULL,'1711657c68ce52777d.jpg'),(1374,'中国地图',0,110,0,'','','',NULL,'757757c68ce528280.jpg'),(1375,'世界地图',0,110,0,'','','',NULL,'387757c68ce5290fd.jpg'),(1376,'分省/区域/城市地图',0,110,0,'','','',NULL,'2909357c68ce52a00f.jpg'),(1377,'全国高速公路/铁路地图',0,110,0,'','','',NULL,'1214157c68ce52b243.jpg'),(1378,'国家/区域地理地图',0,110,0,'','','',NULL,'2616057c68ce52c0ca.jpg'),(1379,'风水/占卜',0,111,0,'','','',NULL,'2093657c68ce52cea5.jpg'),(1380,'星座运程',0,111,0,'','','',NULL,'3246057c68ce52e620.jpg'),(1381,'心理测试',0,111,0,'','','',NULL,'257057c68ce52fec3.jpg'),(1382,'休闲游戏',0,111,0,'','','',NULL,'1955257c68ce530e67.jpg'),(1383,'起名',0,111,0,'','','',NULL,'1852257c68ce531e40.jpg'),(1384,'手工DIY',0,111,0,'','','',NULL,'3223957c68ce532bd5.jpg'),(1385,'家装家饰',0,112,0,'','','',NULL,'1877657c68ce533de1.jpg'),(1386,'居家安全',0,112,0,'','','',NULL,'1038657c68ce5349a3.jpg'),(1387,'家庭园艺',0,112,0,'','','',NULL,'2987657c68ce535623.jpg'),(1388,'宠物',0,112,0,'','','',NULL,'213057c68ce5366b0.jpg'),(1389,'爱车一族',0,112,0,'','','',NULL,'130757c68ce53c9b2.jpg'),(1390,'生活指南',0,112,0,'','','',NULL,'1863057c68ce53e750.jpg'),(1391,'收藏鉴赏',0,112,0,'','','',NULL,'2787657c68ce54481c.jpg'),(1392,'家常菜谱',0,113,0,'','','',NULL,'706857c68ce5457b1.jpg'),(1393,'烘焙甜品',0,113,0,'','','',NULL,'1764557c68ce54a903.jpg'),(1394,'养生食疗',0,113,0,'','','',NULL,'2162657c68ce54bdf7.jpg'),(1395,'茶酒饮品',0,113,0,'','','',NULL,'1625657c68ce54eb71.jpg'),(1396,'“三高”人群食谱',0,113,0,'','','',NULL,'1557957c68ce5545ec.jpg'),(1397,'糖尿病人食谱',0,113,0,'','','',NULL,'1003857c68ce558907.jpg'),(1398,'地方美食',0,113,0,'','','',NULL,'1019057c68ce559d6a.jpg'),(1399,'饮食文化',0,113,0,'','','',NULL,'2924257c68ce55ba1e.jpg'),(1400,'日韩料理',0,113,0,'','','',NULL,'1965757c68ce55c876.jpg'),(1401,'西餐',0,113,0,'','','',NULL,'2978457c68ce55d6a5.jpg'),(1402,'美食地图',0,113,0,'','','',NULL,'2711157c68ce55e7ba.jpg'),(1403,'厨师用书',0,113,0,'','','',NULL,'2014957c68ce560982.jpg'),(1404,'美容护肤',0,114,0,'','','',NULL,'2900657c68ce5619b7.jpg'),(1405,'彩妆/美发/美甲',0,114,0,'','','',NULL,'2922657c68ce562a08.jpg'),(1406,'减肥瘦身',0,114,0,'','','',NULL,'2523357c68ce563cb0.jpg'),(1407,'服饰搭配',0,114,0,'','','',NULL,'2907957c68ce564b5e.jpg'),(1408,'品牌/奢侈品',0,114,0,'','','',NULL,'1440557c68ce565b3d.jpg'),(1409,'男人时尚',0,114,0,'','','',NULL,'298457c68ce566965.jpg'),(1410,'时尚女人',0,114,0,'','','',NULL,'2128857c68ce5676a7.jpg'),(1411,'时尚生活',0,114,0,'','','',NULL,'2044857c68ce568672.jpg'),(1412,'时尚杂志',0,114,0,'','','',NULL,'2240357c68ce569bf6.jpg'),(1413,'恋爱',0,115,0,'','','',NULL,'842557c68ce56a90d.jpg'),(1414,'婚姻',0,115,0,'','','',NULL,'2220057c68ce56b5ed.jpg'),(1415,'两性关系',0,115,0,'','','',NULL,'985057c68ce56c3ec.jpg'),(1416,'性知识',0,115,0,'','','',NULL,'1179757c68ce56d1d8.jpg'),(1417,'太极/武术/气功',0,116,0,'','','',NULL,'494557c68ce56dff8.jpg'),(1418,'棋牌',0,116,0,'','','',NULL,'342757c68ce56eccb.jpg'),(1419,'跆拳道/拳击',0,116,0,'','','',NULL,'206457c68ce56fb78.jpg'),(1420,'球类运动',0,116,0,'','','',NULL,'2733857c68ce5719e0.jpg'),(1421,'电子竞技',0,116,0,'','','',NULL,'2509557c68ce5725dd.jpg'),(1422,'休闲运动',0,116,0,'','','',NULL,'589157c68ce573208.jpg'),(1423,'水上运动',0,116,0,'','','',NULL,'3203657c68ce573d28.jpg'),(1424,'极限运动',0,116,0,'','','',NULL,'3173057c68ce574ae3.jpg'),(1425,'田径/体操',0,116,0,'','','',NULL,'2730557c68ce5757be.jpg'),(1426,'其他运动',0,116,0,'','','',NULL,'846557c68ce5765f4.jpg'),(1427,'体育理论与教学',0,116,0,'','','',NULL,'2722857c68ce57730e.jpg'),(1428,'运动会',0,116,0,'','','',NULL,'1136457c68ce579254.jpg'),(1429,'奥林匹克',0,116,0,'','','',NULL,'876757c68ce57a0f8.jpg'),(1430,'规则/裁判',0,116,0,'','','',NULL,'301457c68ce57ae92.jpg'),(1431,'软件工程及软件方法学',0,117,0,'','','',NULL,'1257357c68ce57bda4.jpg'),(1432,'数据库',0,117,0,'','','',NULL,'455057c68ce57d173.jpg'),(1433,'操作系统',0,117,0,'','','',NULL,'2315057c68ce57dfad.jpg'),(1434,'网络与通信',0,117,0,'','','',NULL,'2726357c68ce57ed25.jpg'),(1435,'办公软件',0,117,0,'','','',NULL,'1596357c68ce57fb97.jpg'),(1436,'图形图像/多媒体',0,117,0,'','','',NULL,'1229657c68ce58090e.jpg'),(1437,'网页制作/Web技术',0,117,0,'','','',NULL,'2635157c68ce5813c4.jpg'),(1438,'电子商务',0,117,0,'','','',NULL,'2544657c68ce581ccf.jpg'),(1439,'IT人文/互联网',0,117,0,'','','',NULL,'3166457c68ce58258a.jpg'),(1440,'数码产品攻略',0,117,0,'','','',NULL,'3025857c68ce582ec4.jpg'),(1441,'专用软件',0,117,0,'','','',NULL,'1414357c68ce5837c0.jpg'),(1442,'考试认证',0,117,0,'','','',NULL,'1287957c68ce584151.jpg'),(1443,'游戏开发',0,117,0,'','','',NULL,'2218757c68ce584e15.jpg'),(1444,'硬件与维护',0,117,0,'','','',NULL,'3081657c68ce585796.jpg'),(1445,'单片机与嵌入式',0,117,0,'','','',NULL,'1448757c68ce5860fe.jpg'),(1446,'计算机工具书',0,117,0,'','','',NULL,'2121657c68ce586968.jpg'),(1447,'大数据与云计算',0,117,0,'','','',NULL,'2109857c68ce587183.jpg'),(1448,'辅助设计与工程计算',0,117,0,'','','',NULL,'282657c68ce587e54.jpg'),(1449,'信息系统',0,117,0,'','','',NULL,'515057c68ce588d06.jpg'),(1450,'计算机理论基础知识',0,117,0,'','','',NULL,'562157c68ce589ccf.jpg'),(1451,'计算机安全',0,117,0,'','','',NULL,'2237957c68ce58a70e.jpg'),(1452,'移动开发',0,117,0,'','','',NULL,'909757c68ce58af45.jpg'),(1453,'人工智能',0,117,0,'','','',NULL,'751857c68ce58b904.jpg'),(1454,'新手学电脑',0,117,0,'','','',NULL,'979457c68ce58c1ca.jpg'),(1455,'计算机控制与仿真',0,117,0,'','','',NULL,'1372757c68ce58cf82.jpg'),(1456,'科普图鉴',0,118,0,'','','',NULL,'866357c68ce58d86f.jpg'),(1457,'地球科学',0,118,0,'','','',NULL,'126857c68ce58e5bb.jpg'),(1458,'数理化',0,118,0,'','','',NULL,'1644357c68ce58efe9.jpg'),(1459,'天文航天',0,118,0,'','','',NULL,'326457c68ce58f871.jpg'),(1460,'生物世界',0,118,0,'','','',NULL,'2651957c68ce5903a6.jpg'),(1461,'神秘现象',0,118,0,'','','',NULL,'910057c68ce591bbb.jpg'),(1462,'科学史话',0,118,0,'','','',NULL,'849657c68ce592496.jpg'),(1463,'人类故事',0,118,0,'','','',NULL,'381357c68ce592cf5.jpg'),(1464,'百科知识',0,118,0,'','','',NULL,'2466157c68ce593540.jpg'),(1465,'儿童科普',0,118,0,'','','',NULL,'2894157c68ce594326.jpg'),(1466,'电工电气',0,119,0,'','','',NULL,'2911757c68ce594f21.jpg'),(1467,'机械仪表工业',0,119,0,'','','',NULL,'2082057c68ce5957ea.jpg'),(1468,'金属学与金属工艺',0,119,0,'','','',NULL,'2433457c68ce5961f8.jpg'),(1469,'自动化技术',0,119,0,'','','',NULL,'3176157c68ce596b61.jpg'),(1470,'汽车与车辆',0,119,0,'','','',NULL,'1212957c68ce59737b.jpg'),(1471,'交通运输',0,119,0,'','','',NULL,'808757c68ce597cc9.jpg'),(1472,'能源与动力工程',0,119,0,'','','',NULL,'2993957c68ce598bce.jpg'),(1473,'航空航天',0,119,0,'','','',NULL,'3010457c68ce59a035.jpg'),(1474,'一般工业技术',0,119,0,'','','',NULL,'2289357c68ce59a903.jpg'),(1475,'原子能技术',0,119,0,'','','',NULL,'123457c68ce59b150.jpg'),(1476,'矿业工程',0,119,0,'','','',NULL,'957857c68ce59bb3a.jpg'),(1477,'冶金工业',0,119,0,'','','',NULL,'946957c68ce59c4e0.jpg'),(1478,'石油天然气工业',0,119,0,'','','',NULL,'2588857c68ce59cfc0.jpg'),(1479,'化学工业',0,119,0,'','','',NULL,'3259557c68ce59d9c3.jpg'),(1480,'轻工业手工业',0,119,0,'','','',NULL,'699857c68ce59e2cd.jpg'),(1481,'武器工业',0,119,0,'','','',NULL,'2256957c68ce59eb25.jpg'),(1482,'水利水电',0,119,0,'','','',NULL,'1563257c68ce59f354.jpg'),(1483,'食品安全',0,119,0,'','','',NULL,'471557c68ce59fd3d.jpg'),(1484,'参考工具书',0,119,0,'','','',NULL,'1730457c68ce5a09cf.jpg'),(1485,'工业技术理论',0,119,0,'','','',NULL,'922257c68ce5a1edc.jpg'),(1486,'机构团体会议',0,119,0,'','','',NULL,'2042757c68ce5a2851.jpg'),(1487,'园林景观',0,120,0,'','','',NULL,'1087657c68ce5a33f8.jpg'),(1488,'土力学地基基础工程',0,120,0,'','','',NULL,'2888657c68ce5a4045.jpg'),(1489,'城乡建设市政工程环境工程',0,120,0,'','','',NULL,'235857c68ce5a4b1f.jpg'),(1490,'城市规划城市设计',0,120,0,'','','',NULL,'2911957c68ce5a5672.jpg'),(1491,'室内设计装饰装修',0,120,0,'','','',NULL,'187657c68ce5a5f24.jpg'),(1492,'建筑工具书',0,120,0,'','','',NULL,'2777057c68ce5a6864.jpg'),(1493,'工程监理',0,120,0,'','','',NULL,'2074257c68ce5a77cb.jpg'),(1494,'建筑制图',0,120,0,'','','',NULL,'571957c68ce5a8cfd.jpg'),(1495,'建筑勘测',0,120,0,'','','',NULL,'837757c68ce5aab3a.jpg'),(1496,'建筑史',0,120,0,'','','',NULL,'639857c68ce5ab8d8.jpg'),(1497,'建筑基础科学',0,120,0,'','','',NULL,'1398157c68ce5ac52e.jpg'),(1498,'建筑工程经济与管理',0,120,0,'','','',NULL,'931957c68ce5ad248.jpg'),(1499,'建筑施工与机械设备',0,120,0,'','','',NULL,'1466157c68ce5ae131.jpg'),(1500,'建筑材料',0,120,0,'','','',NULL,'240857c68ce5aed64.jpg'),(1501,'建筑类教材与教辅',0,120,0,'','','',NULL,'1241057c68ce5af911.jpg'),(1502,'建筑结构',0,120,0,'','','',NULL,'2708257c68ce5b0609.jpg'),(1503,'建筑艺术',0,120,0,'','','',NULL,'498157c68ce5b2ad8.jpg'),(1504,'建筑设计',0,120,0,'','','',NULL,'1281657c68ce5b3d99.jpg'),(1505,'房地产开发管理',0,120,0,'','','',NULL,'2818957c68ce5b4bc4.jpg'),(1506,'物业管理',0,120,0,'','','',NULL,'2925857c68ce5b630a.jpg'),(1507,'房屋建筑设备',0,120,0,'','','',NULL,'3199657c68ce5b7231.jpg'),(1508,'执业资格考试用书',0,120,0,'','','',NULL,'580157c68ce5b91be.jpg'),(1509,'标准和规范',0,120,0,'','','',NULL,'2406757c68ce5bb346.jpg'),(1510,'法律法规',0,120,0,'','','',NULL,'1785557c68ce5bc5d7.jpg'),(1511,'建筑经济',0,120,0,'','','',NULL,'930957c68ce5be4c8.jpg'),(1512,'医学理论与研究',0,121,0,'','','',NULL,'652757c68ce5bf2f4.jpg'),(1513,'预防医学卫生学',0,121,0,'','','',NULL,'2044057c68ce5c0b51.jpg'),(1514,'中国医学',0,121,0,'','','',NULL,'2085957c68ce5c390e.jpg'),(1515,'基础医学',0,121,0,'','','',NULL,'2783257c68ce5c4acc.jpg'),(1516,'临床医学',0,121,0,'','','',NULL,'2047857c68ce5c6510.jpg'),(1517,'护理学',0,121,0,'','','',NULL,'176957c68ce5c7823.jpg'),(1518,'内科学',0,121,0,'','','',NULL,'23057c68ce5c8cef.jpg'),(1519,'外科学',0,121,0,'','','',NULL,'1328457c68ce5cb47c.jpg'),(1520,'妇产科学',0,121,0,'','','',NULL,'11657c68ce5cc4d5.jpg'),(1521,'儿科学',0,121,0,'','','',NULL,'2069657c68ce5cd246.jpg'),(1522,'肿瘤学',0,121,0,'','','',NULL,'1879057c68ce5cef86.jpg'),(1523,'神经病学与精神病学',0,121,0,'','','',NULL,'1606357c68ce5cfbbc.jpg'),(1524,'皮肤病学与性病学',0,121,0,'','','',NULL,'1154457c68ce5d447e.jpg'),(1525,'耳鼻咽喉科学',0,121,0,'','','',NULL,'2984357c68ce5d59ee.jpg'),(1526,'眼科学',0,121,0,'','','',NULL,'1165057c68ce5d870e.jpg'),(1527,'口腔科学',0,121,0,'','','',NULL,'1632257c68ce5df90d.jpg'),(1528,'民族医学',0,121,0,'','','',NULL,'2055457c68ce5e10ba.jpg'),(1529,'特种医学',0,121,0,'','','',NULL,'346257c68ce5e2f1c.jpg'),(1530,'药学',0,121,0,'','','',NULL,'3155857c68ce5e4013.jpg'),(1531,'动物医学',0,121,0,'','','',NULL,'1122557c68ce5e51e2.jpg'),(1532,'急诊学',0,121,0,'','','',NULL,'1180457c68ce5e5eac.jpg'),(1533,'医学文献',0,121,0,'','','',NULL,'1000057c68ce5e725f.jpg'),(1534,'医学/药学类考试',0,121,0,'','','',NULL,'1892157c68ce5e8057.jpg'),(1535,'医疗器械及使用',0,121,0,'','','',NULL,'2084957c68ce5e9067.jpg'),(1536,'医院管理',0,121,0,'','','',NULL,'2433857c68ce5eb44c.jpg'),(1537,'基础与理论',0,122,0,'','','',NULL,'1131657c68ce5ebee1.jpg'),(1538,'通信',0,122,0,'','','',NULL,'3140557c68ce5ec785.jpg'),(1539,'基本电子电路',0,122,0,'','','',NULL,'2606657c68ce5ecfb0.jpg'),(1540,'无线通信',0,122,0,'','','',NULL,'3075857c68ce5ed8bc.jpg'),(1541,'微电子学集成电路',0,122,0,'','','',NULL,'3265857c68ce5ee19d.jpg'),(1542,'移动通信',0,122,0,'','','',NULL,'1664757c68ce5eee3a.jpg'),(1543,'电子元件组件',0,122,0,'','','',NULL,'3191957c68ce5ef915.jpg'),(1544,'无线电设备电信设备',0,122,0,'','','',NULL,'2971157c68ce5f0462.jpg'),(1545,'半导体技术',0,122,0,'','','',NULL,'2037357c68ce5f11bf.jpg'),(1546,'电视',0,122,0,'','','',NULL,'3020857c68ce5f2990.jpg'),(1547,'真空电子技术',0,122,0,'','','',NULL,'767557c68ce5f36c5.jpg'),(1548,'广播',0,122,0,'','','',NULL,'1683557c68ce5f3fc5.jpg'),(1549,'光电子技术激光技术',0,122,0,'','','',NULL,'3146957c68ce60062c.jpg'),(1550,'雷达',0,122,0,'','','',NULL,'1506757c68ce600e62.jpg'),(1551,'电子对抗',0,122,0,'','','',NULL,'2815957c68ce60196d.jpg'),(1552,'无线电导航',0,122,0,'','','',NULL,'722757c68ce60222b.jpg'),(1553,'数学',0,123,0,'','','',NULL,'646457c68ce6031aa.jpg'),(1554,'力学',0,123,0,'','','',NULL,'1202457c68ce603b55.jpg'),(1555,'物理学',0,123,0,'','','',NULL,'708257c68ce6044c4.jpg'),(1556,'化学',0,123,0,'','','',NULL,'395857c68ce6051a9.jpg'),(1557,'晶体学',0,123,0,'','','',NULL,'3177257c68ce606064.jpg'),(1558,'天文学',0,123,0,'','','',NULL,'1560857c68ce606e98.jpg'),(1559,'测绘学',0,123,0,'','','',NULL,'234457c68ce607a3d.jpg'),(1560,'地球物理学',0,123,0,'','','',NULL,'2016057c68ce608842.jpg'),(1561,'大气科学',0,123,0,'','','',NULL,'1540957c68ce609113.jpg'),(1562,'地质学',0,123,0,'','','',NULL,'1718657c68ce609a6c.jpg'),(1563,'海洋学',0,123,0,'','','',NULL,'2527057c68ce60a346.jpg'),(1564,'地理学',0,123,0,'','','',NULL,'1643657c68ce60b2b2.jpg'),(1565,'生物科学',0,123,0,'','','',NULL,'991757c68ce60bba1.jpg'),(1566,'环境科学',0,123,0,'','','',NULL,'691757c68ce60c683.jpg'),(1567,'安全科学',0,123,0,'','','',NULL,'606857c68ce60d401.jpg'),(1568,'非线性科学',0,123,0,'','','',NULL,'2496057c68ce60e68b.jpg'),(1569,'自然科学文献检索',0,123,0,'','','',NULL,'800757c68ce60f397.jpg'),(1570,'自然科学总论',0,123,0,'','','',NULL,'1750357c68ce60ff09.jpg'),(1571,'自然科学丛书文集连续性出版物',0,123,0,'','','',NULL,'2713157c68ce6107d3.jpg'),(1572,'农业基础科学',0,124,0,'','','',NULL,'2711257c68ce611084.jpg'),(1573,'农业工程',0,124,0,'','','',NULL,'1883257c68ce611903.jpg'),(1574,'农艺学',0,124,0,'','','',NULL,'1414257c68ce612244.jpg'),(1575,'农作物',0,124,0,'','','',NULL,'190657c68ce612d3c.jpg'),(1576,'植物保护',0,124,0,'','','',NULL,'1985457c68ce6139f8.jpg'),(1577,'林业',0,124,0,'','','',NULL,'403957c68ce614358.jpg'),(1578,'园艺',0,124,0,'','','',NULL,'854957c68ce614c4a.jpg'),(1579,'畜牧狩猎蚕蜂',0,124,0,'','','',NULL,'2505257c68ce6154d1.jpg'),(1580,'动物医学',0,124,0,'','','',NULL,'152057c68ce615ed4.jpg'),(1581,'水产渔业',0,124,0,'','','',NULL,'2278057c68ce61672a.jpg'),(1582,'藝術/設計',0,125,0,'','','',NULL,'484957c68ce617b2e.jpg'),(1583,'收藏/鑒賞',0,125,0,'','','',NULL,'1458057c68ce61877a.jpg'),(1584,'繪畫/書法',0,125,0,'','','',NULL,'1733057c68ce61905c.jpg'),(1585,'動漫/繪本',0,125,0,'','','',NULL,'98357c68ce619956.jpg'),(1586,'攝影',0,125,0,'','','',NULL,'2412557c68ce61a287.jpg'),(1587,'旅遊/人文',0,125,0,'','','',NULL,'274857c68ce61ab56.jpg'),(1588,'國學',0,125,0,'','','',NULL,'2806257c68ce61b831.jpg'),(1589,'文化/學術',0,125,0,'','','',NULL,'3111457c68ce61c1b9.jpg'),(1590,'文學',0,125,0,'','','',NULL,'1203457c68ce61cd61.jpg'),(1591,'小說',0,125,0,'','','',NULL,'2408257c68ce61da02.jpg'),(1592,'經濟管理',0,125,0,'','','',NULL,'432957c68ce61ea72.jpg'),(1593,'金融投資',0,125,0,'','','',NULL,'2790857c68ce61f7f5.jpg'),(1594,'勵志成功',0,125,0,'','','',NULL,'736357c68ce6203d5.jpg'),(1595,'少兒',0,125,0,'','','',NULL,'704457c68ce620c3a.jpg'),(1596,'家庭育兒',0,125,0,'','','',NULL,'991157c68ce621495.jpg'),(1597,'婚戀兩性',0,125,0,'','','',NULL,'675957c68ce621e65.jpg'),(1598,'生活DIY',0,125,0,'','','',NULL,'1546457c68ce622733.jpg'),(1599,'美食與酒',0,125,0,'','','',NULL,'2672557c68ce62336d.jpg'),(1600,'居家生活',0,125,0,'','','',NULL,'2121857c68ce623df9.jpg'),(1601,'裝飾裝修',0,125,0,'','','',NULL,'684557c68ce6247eb.jpg'),(1602,'娛樂時尚',0,125,0,'','','',NULL,'2999357c68ce62562a.jpg'),(1603,'美容瘦身',0,125,0,'','','',NULL,'1436857c68ce626488.jpg'),(1604,'體育/健身/保健',0,125,0,'','','',NULL,'3275957c68ce626df2.jpg'),(1605,'自然科學',0,125,0,'','','',NULL,'816757c68ce627a88.jpg'),(1606,'工業/建築/計算機',0,125,0,'','','',NULL,'734157c68ce628479.jpg'),(1607,'醫學',0,125,0,'','','',NULL,'199757c68ce628ddf.jpg'),(1608,'其他圖書',0,125,0,'','','',NULL,'3187457c68ce629715.jpg'),(1609,'港台促销 ',0,125,0,'','','',NULL,'1147757c68ce629fa3.jpg'),(1610,'时尚/美妆',0,126,0,'','','',NULL,'779557c68ce62ac76.jpg'),(1611,'旅游地理',0,126,0,'','','',NULL,'3072257c68ce62ba4e.jpg'),(1612,'文学文摘',0,126,0,'','','',NULL,'3214057c68ce62c4ca.jpg'),(1613,'家居',0,126,0,'','','',NULL,'767757c68ce62d270.jpg'),(1614,'生活休闲',0,126,0,'','','',NULL,'1291457c68ce62ec67.jpg'),(1615,'母婴育儿',0,126,0,'','','',NULL,'1457257c68ce62fe98.jpg'),(1616,'新闻/人物',0,126,0,'','','',NULL,'1084957c68ce630ddf.jpg'),(1617,'财经管理',0,126,0,'','','',NULL,'563757c68ce631958.jpg'),(1618,'健康美食',0,126,0,'','','',NULL,'2636457c68ce6324fa.jpg'),(1619,'影视动漫',0,126,0,'','','',NULL,'3190257c68ce6331b5.jpg'),(1620,'艺术/摄影/设计',0,126,0,'','','',NULL,'552757c68ce633fc7.jpg'),(1621,'数码/计算机',0,126,0,'','','',NULL,'889957c68ce634f23.jpg'),(1622,'政治法律',0,126,0,'','','',NULL,'48857c68ce635d64.jpg'),(1623,'行业刊物',0,126,0,'','','',NULL,'2551257c68ce63762b.jpg'),(1624,'社会万象',0,126,0,'','','',NULL,'1825157c68ce638670.jpg'),(1625,'体育运动',0,126,0,'','','',NULL,'1188057c68ce63b293.jpg'),(1626,'汽车',0,126,0,'','','',NULL,'3198457c68ce6446c2.jpg'),(1627,'男士',0,126,0,'','','',NULL,'612457c68ce64615c.jpg'),(1628,'外语',0,126,0,'','','',NULL,'1553457c68ce647d2b.jpg'),(1629,'历史',0,126,0,'','','',NULL,'434457c68ce64c9eb.jpg'),(1630,'科普',0,126,0,'','','',NULL,'853657c68ce64d75f.jpg'),(1631,'文房四宝',0,127,0,'','','',NULL,'247757c68ce64e8e7.jpg'),(1632,'笔类/书写工具',0,127,0,'','','',NULL,'19357c68ce64f7b7.jpg'),(1633,'纸品/印刷制品',0,127,0,'','','',NULL,'2201457c68ce650557.jpg'),(1634,'金石篆刻',0,127,0,'','','',NULL,'174557c68ce651e22.jpg'),(1635,'教学/展示用品',0,127,0,'','','',NULL,'74557c68ce652b63.jpg'),(1636,'字画',0,127,0,'','','',NULL,'1698857c68ce6539d2.jpg'),(1637,'画具/画材/雕塑',0,127,0,'','','',NULL,'268557c68ce654b66.jpg'),(1638,'文体/棋牌',0,127,0,'','','',NULL,'3113257c68ce655913.jpg'),(1639,'动漫周边',0,127,0,'','','',NULL,'125757c68ce656ab7.jpg'),(1640,'游戏/模型',0,127,0,'','','',NULL,'293357c68ce658957.jpg'),(1641,'电教/儿童教育',0,127,0,'','','',NULL,'1002557c68ce659b9d.jpg'),(1642,'票/币/卡/章',0,127,0,'','','',NULL,'305857c68ce65c953.jpg'),(1643,'文玩/工艺品',0,127,0,'','','',NULL,'923857c68ce661aa5.jpg'),(1644,'其他文化用品',0,127,0,'','','',NULL,'3215957c68ce663e21.jpg'),(1645,'套件',0,128,0,'','','',NULL,'2735157c68ce66a241.jpg'),(1646,'枕头',0,128,0,'','','',NULL,'2218057c68ce67bbf5.jpg'),(1647,'收纳用品',0,128,0,'','','',NULL,'2203057c68ce688f7b.jpg'),(1648,'雨伞雨具',0,128,0,'','','',NULL,'1428957c68ce6961f8.jpg'),(1649,'台灯',0,128,0,'','','',NULL,'1464357c68ce6a3a0e.jpg'),(1650,'蚊帐',0,128,0,'','','',NULL,'1151957c68ce6b0a93.jpg'),(1651,'凉席',0,128,0,'','','',NULL,'2610357c68ce6c3d3f.jpg'),(1652,'毛巾',0,129,0,'','','',NULL,'1879357c68ce6d52c2.jpg'),(1653,'被子',0,129,0,'','','',NULL,'2091357c68ce6e40dd.jpg'),(1654,'浴巾',0,129,0,'','','',NULL,'1841857c68ce6f0432.jpg'),(1655,'床垫/床褥',0,129,0,'','','',NULL,'78857c68ce7091ce.jpg'),(1656,'床单被罩',0,129,0,'','','',NULL,'2212857c68ce715343.jpg'),(1657,'毯子',0,129,0,'','','',NULL,'2938257c68ce725a76.jpg'),(1658,'抱枕靠垫',0,129,0,'','','',NULL,'1137957c68ce7324f5.jpg'),(1659,'窗帘/窗纱',0,129,0,'','','',NULL,'757357c68ce74038b.jpg'),(1660,'夏被',0,129,0,'','','',NULL,'2076857c68ce750d36.jpg'),(1661,'电热毯',0,129,0,'','','',NULL,'1570357c68ce75e1cd.jpg'),(1662,'布艺软饰',0,129,0,'','','',NULL,'2076657c68ce76d9a6.jpg'),(1663,'冬被',0,129,0,'','','',NULL,'146057c68ce77ac21.jpg'),(1664,'浴室用品',0,130,0,'','','',NULL,'2781157c68ce78a268.jpg'),(1665,'缝纫/针织用品',0,130,0,'','','',NULL,'2776257c68ce796a86.jpg'),(1666,'洗晒/熨烫',0,130,0,'','','',NULL,'1820757c68ce7a4901.jpg'),(1667,'净化除味',0,130,0,'','','',NULL,'25357c68ce7b165a.jpg'),(1668,'桌布/罩件',0,131,0,'','','',NULL,'1155057c68ce7c195c.jpg'),(1669,'地毯地垫',0,131,0,'','','',NULL,'1362857c68ce7d04a2.jpg'),(1670,'沙发垫套/椅垫',0,131,0,'','','',NULL,'2721957c68ce7e3a5a.jpg'),(1671,'相框/照片墙',0,131,0,'','','',NULL,'1892557c68ce7f12df.jpg'),(1672,'装饰字画',0,131,0,'','','',NULL,'1457457c68ce809787.jpg'),(1673,'节庆饰品',0,131,0,'','','',NULL,'2538657c68ce816bd9.jpg'),(1674,'手工/十字绣',0,131,0,'','','',NULL,'2372257c68ce823f95.jpg'),(1675,'装饰摆件',0,131,0,'','','',NULL,'1171157c68ce833765.jpg'),(1676,'保暖防护',0,131,0,'','','',NULL,'2027457c68ce844725.jpg'),(1677,'帘艺隔断',0,131,0,'','','',NULL,'114057c68ce85fa34.jpg'),(1678,'墙贴/装饰贴',0,131,0,'','','',NULL,'2068857c68ce8702b1.jpg'),(1679,'钟饰',0,131,0,'','','',NULL,'1549157c68ce8828e9.jpg'),(1680,'花瓶花艺',0,131,0,'','','',NULL,'192957c68ce88f959.jpg'),(1681,'香薰蜡烛',0,131,0,'','','',NULL,'1504757c68ce89c19a.jpg'),(1682,'创意家居',0,131,0,'','','',NULL,'2663657c68ce8ac0c5.jpg'),(1683,'节能灯',0,132,0,'','','',NULL,'1624057c68ce8bbe67.jpg'),(1684,'装饰灯',0,132,0,'','','',NULL,'1615757c68ce8d7be0.jpg'),(1685,'落地灯',0,132,0,'','','',NULL,'108357c68ce8ea2bb.jpg'),(1686,'应急灯/手电',0,132,0,'','','',NULL,'1008857c68ce903ee2.jpg'),(1687,'台灯',0,132,0,'','','',NULL,'2700357c68ce9145f2.jpg'),(1688,'LED灯',0,132,0,'','','',NULL,'2224057c68ce92aff9.jpg'),(1689,'吸顶灯',0,132,0,'','','',NULL,'422857c68ce93a56e.jpg'),(1690,'五金电器',0,132,0,'','','',NULL,'1845057c68ce948215.jpg'),(1691,'筒灯射灯',0,132,0,'','','',NULL,'3024957c68ce956c79.jpg'),(1692,'吊灯',0,132,0,'','','',NULL,'1000557c68ce963d57.jpg'),(1693,'氛围照明',0,132,0,'','','',NULL,'3031657c68ce9705dd.jpg'),(1694,'炒锅',0,133,0,'','','',NULL,'2637057c68ce97cc93.jpg'),(1695,'保温杯',0,133,0,'','','',NULL,'1091357c68ce98a01f.jpg'),(1696,'餐具套装',0,133,0,'','','',NULL,'1947557c68ce999308.jpg'),(1697,'保温壶',0,134,0,'','','',NULL,'2393757c68ce9a94f8.jpg'),(1698,'玻璃杯',0,134,0,'','','',NULL,'2249357c68ce9bb7f4.jpg'),(1699,'塑料杯',0,134,0,'','','',NULL,'2790957c68ce9c93a2.jpg'),(1700,'运动水壶',0,134,0,'','','',NULL,'1235757c68ce9db7bf.jpg'),(1701,'杯具套装',0,134,0,'','','',NULL,'2868257c68ce9e8d6b.jpg'),(1702,'陶瓷/马克杯',0,134,0,'','','',NULL,'796157c68cea02fe1.jpg'),(1703,'锅具套装',0,135,0,'','','',NULL,'2611457c68cea10aaa.jpg'),(1704,'煲类',0,135,0,'','','',NULL,'3058257c68cea1dace.jpg'),(1705,'蒸锅',0,135,0,'','','',NULL,'1056057c68cea2a689.jpg'),(1706,'煎锅',0,135,0,'','','',NULL,'2237157c68cea36ebe.jpg'),(1707,'压力锅',0,135,0,'','','',NULL,'2474257c68cea474a8.jpg'),(1708,'汤锅',0,135,0,'','','',NULL,'1210757c68cea5da23.jpg'),(1709,'奶锅',0,135,0,'','','',NULL,'2143557c68cea6cd90.jpg'),(1710,'水壶',0,135,0,'','','',NULL,'159757c68cea79958.jpg'),(1711,'火锅',0,135,0,'','','',NULL,'2366657c68cea8604d.jpg'),(1712,'保鲜盒',0,136,0,'','','',NULL,'2689757c68cea9312f.jpg'),(1713,'储物/置物架',0,136,0,'','','',NULL,'1949957c68ceaa01f0.jpg'),(1714,'厨房DIY/小工具',0,136,0,'','','',NULL,'919657c68ceaaeeac.jpg'),(1715,'烘焙/烧烤',0,136,0,'','','',NULL,'145757c68ceabea9c.jpg'),(1716,'茶杯',0,137,0,'','','',NULL,'837757c68ceacf0f2.jpg'),(1717,'茶壶',0,137,0,'','','',NULL,'2362457c68ceae26b8.jpg'),(1718,'茶盘茶托',0,137,0,'','','',NULL,'2318557c68ceaf13d4.jpg'),(1719,'茶叶罐',0,137,0,'','','',NULL,'205657c68ceb09f2f.jpg'),(1720,'茶具配件',0,137,0,'','','',NULL,'540957c68ceb194ef.jpg'),(1721,'茶宠摆件',0,137,0,'','','',NULL,'1690857c68ceb2626d.jpg'),(1722,'咖啡具',0,137,0,'','','',NULL,'1653457c68ceb32e59.jpg'),(1723,'其他',0,137,0,'','','',NULL,'2849357c68ceb40265.jpg'),(1724,'碗/碟/盘',0,138,0,'','','',NULL,'3010257c68ceb4f591.jpg'),(1725,'筷勺/刀叉',0,138,0,'','','',NULL,'1411157c68ceb6427f.jpg'),(1726,'一次性用品',0,138,0,'','','',NULL,'468357c68ceb733eb.jpg'),(1727,'果盘/果篮',0,138,0,'','','',NULL,'271657c68ceb7ff3c.jpg'),(1728,'餐具套装',0,138,0,'','','',NULL,'219857c68ceb8ccdb.jpg'),(1729,'茶具/咖啡具',0,138,0,'','','',NULL,'321957c68ceb99093.jpg'),(1730,'刀具套装',0,139,0,'','','',NULL,'1198557c68ceba5b1c.jpg'),(1731,'砧板',0,139,0,'','','',NULL,'144857c68cebb214c.jpg'),(1732,'菜刀',0,139,0,'','','',NULL,'1225057c68cebc220e.jpg'),(1733,'剪刀',0,139,0,'','','',NULL,'1198557c68cebd0be6.jpg'),(1734,'瓜果刀/刨',0,139,0,'','','',NULL,'2360857c68cebe0548.jpg'),(1735,'多功能刀',0,139,0,'','','',NULL,'1134457c68cebee4bd.jpg'),(1736,'吸顶灯',0,140,0,'','','',NULL,'2805257c68cec0846a.jpg'),(1737,'淋浴花洒',0,140,0,'','','',NULL,'968357c68cec15ede.jpg'),(1738,'马桶/智能马桶盖',0,140,0,'','','',NULL,'586057c68cec263d5.jpg'),(1739,'开关插座',0,140,0,'','','',NULL,'318757c68cec3701a.jpg'),(1740,'沙发',0,140,0,'','','',NULL,'2021357c68cec49025.jpg'),(1741,'床',0,140,0,'','','',NULL,'2600457c68cec5dde4.jpg'),(1742,'床垫',0,140,0,'','','',NULL,'2872557c68cec704e4.jpg'),(1743,'电脑椅',0,140,0,'','','',NULL,'2714057c68cec7db40.jpg'),(1744,'地板',0,140,0,'','','',NULL,'2456257c68cec8a2b2.jpg'),(1745,'淋浴花洒',0,141,0,'','','',NULL,'70957c68cec96b48.jpg'),(1746,'厨卫五金/挂件',0,141,0,'','','',NULL,'1648757c68ceca647d.jpg'),(1747,'龙头',0,141,0,'','','',NULL,'1468957c68cecb2cda.jpg'),(1748,'水槽',0,141,0,'','','',NULL,'314457c68cecbf6aa.jpg'),(1749,'净水软水',0,141,0,'','','',NULL,'813057c68cecd42b3.jpg'),(1750,'马桶',0,141,0,'','','',NULL,'1221457c68cece47ad.jpg'),(1751,'智能马桶盖',0,141,0,'','','',NULL,'508857c68cecf0c56.jpg'),(1752,'浴室柜',0,141,0,'','','',NULL,'454157c68ced0b1c8.jpg'),(1753,'橱柜',0,141,0,'','','',NULL,'966857c68ced1ab8a.jpg'),(1754,'其他配件',0,141,0,'','','',NULL,'2323857c68ced2779f.jpg'),(1755,'陶瓷件组套',0,141,0,'','','',NULL,'2321157c68ced339f1.jpg'),(1756,'淋浴房',0,141,0,'','','',NULL,'2653757c68ced410bb.jpg'),(1757,'沐浴桶',0,141,0,'','','',NULL,'776857c68ced4e7b1.jpg'),(1758,'浴缸',0,141,0,'','','',NULL,'569957c68ced6373b.jpg'),(1759,'吊灯',0,142,0,'','','',NULL,'3169557c68ced730e7.jpg'),(1760,'台灯',0,142,0,'','','',NULL,'1631057c68ced80674.jpg'),(1761,'筒灯/射灯',0,142,0,'','','',NULL,'1665657c68ced8d397.jpg'),(1762,'LED灯',0,142,0,'','','',NULL,'557257c68ced9a6f4.jpg'),(1763,'装饰灯',0,142,0,'','','',NULL,'347157c68ceda6e0b.jpg'),(1764,'节能灯',0,142,0,'','','',NULL,'99657c68cedb303a.jpg'),(1765,'手电筒/应急灯',0,142,0,'','','',NULL,'242457c68cedc2063.jpg'),(1766,'氛围照明',0,142,0,'','','',NULL,'3122257c68cedd1764.jpg'),(1767,'室外/庭院灯',0,142,0,'','','',NULL,'1331057c68cede16da.jpg'),(1768,'落地灯',0,142,0,'','','',NULL,'3016057c68cedeef80.jpg'),(1769,'锁具',0,143,0,'','','',NULL,'2695557c68cee08843.jpg'),(1770,'家用五金',0,143,0,'','','',NULL,'255057c68cee18080.jpg'),(1771,'手动工具',0,143,0,'','','',NULL,'122957c68cee240ee.jpg'),(1772,'电动工具',0,143,0,'','','',NULL,'2130157c68cee30fc3.jpg'),(1773,'测量工具',0,143,0,'','','',NULL,'2736757c68cee401cf.jpg'),(1774,'工具箱/包/车',0,143,0,'','','',NULL,'716657c68cee4e44b.jpg'),(1775,'劳防用品',0,143,0,'','','',NULL,'2390557c68cee5cd47.jpg'),(1776,'智能家居',0,144,0,'','','',NULL,'913957c68cee68e87.jpg'),(1777,'接线板/排插',0,144,0,'','','',NULL,'2252757c68cee75d6a.jpg'),(1778,'电线/电缆',0,144,0,'','','',NULL,'2899657c68cee842bc.jpg'),(1779,'配电箱/断路器',0,144,0,'','','',NULL,'2436057c68cee94629.jpg'),(1780,'开关插座',0,144,0,'','','',NULL,'507157c68ceea339f.jpg'),(1781,'电料配件',0,144,0,'','','',NULL,'1448057c68ceeb3742.jpg'),(1782,'油漆/涂料',0,145,0,'','','',NULL,'233557c68ceec2c24.jpg'),(1783,'瓷砖',0,145,0,'','','',NULL,'158257c68ceed0c13.jpg'),(1784,'地板',0,145,0,'','','',NULL,'31657c68ceee0922.jpg'),(1785,'壁纸',0,145,0,'','','',NULL,'1589457c68ceeee1a9.jpg'),(1786,'涂刷辅料/胶类',0,145,0,'','','',NULL,'1214057c68cef08790.jpg'),(1787,'木材/板材',0,145,0,'','','',NULL,'356357c68cef15c9b.jpg'),(1788,'管材管件',0,145,0,'','','',NULL,'725757c68cef2506c.jpg'),(1789,'浴霸/换气扇',0,146,0,'','','',NULL,'2841557c68cef31ca8.jpg'),(1790,'散热器',0,146,0,'','','',NULL,'1899257c68cef3edd2.jpg'),(1791,'壁炉/壁挂炉/地暖',0,146,0,'','','',NULL,'624057c68cef4d5a3.jpg'),(1792,'吊顶',0,146,0,'','','',NULL,'1714657c68cef5d3c2.jpg'),(1793,'门',0,146,0,'','','',NULL,'982457c68cef7191c.jpg'),(1794,'窗',0,146,0,'','','',NULL,'1087957c68cef7ec89.jpg'),(1795,'移门壁柜',0,146,0,'','','',NULL,'1929857c68cef8e84d.jpg'),(1796,'园艺休闲',0,146,0,'','','',NULL,'3082757c68cef9a9b6.jpg'),(1797,'安装服务',0,147,0,'','','',NULL,'1533557c68cefa9460.jpg'),(1798,'装修设计',0,147,0,'','','',NULL,'2575657c68cefb84d0.jpg'),(1799,'装修施工',0,147,0,'','','',NULL,'2258157c68cefc7fc0.jpg'),(1800,'工程监理',0,147,0,'','','',NULL,'785857c68cefdb103.jpg'),(1801,'水电改造',0,147,0,'','','',NULL,'2664157c68cefebeed.jpg'),(1802,'局部改造',0,147,0,'','','',NULL,'2953757c68cf0054fe.jpg'),(1803,'衣柜',0,148,0,'','','',NULL,'854057c68cf014488.jpg'),(1804,'床头柜',0,148,0,'','','',NULL,'2178157c68cf0235f9.jpg'),(1805,'简易衣柜',0,148,0,'','','',NULL,'1449257c68cf030efc.jpg'),(1806,'斗柜',0,148,0,'','','',NULL,'1097757c68cf03db11.jpg'),(1807,'穿衣镜 ',0,148,0,'','','',NULL,'2936057c68cf04bf7e.jpg'),(1808,'梳妆台/凳',0,148,0,'','','',NULL,'815657c68cf05a00c.jpg'),(1809,'鞋柜',0,149,0,'','','',NULL,'1056057c68cf07118d.jpg'),(1810,'沙发床',0,149,0,'','','',NULL,'1594957c68cf07f776.jpg'),(1811,'休闲椅/凳',0,149,0,'','','',NULL,'3268857c68cf08c520.jpg'),(1812,'电视柜',0,149,0,'','','',NULL,'1570457c68cf099507.jpg'),(1813,'边桌/茶几',0,149,0,'','','',NULL,'1346657c68cf0a59cd.jpg'),(1814,'屏风',0,149,0,'','','',NULL,'2382857c68cf0b2469.jpg'),(1815,'壁炉',0,149,0,'','','',NULL,'719257c68cf0c0fea.jpg'),(1816,'电脑桌',0,150,0,'','','',NULL,'1949257c68cf0d07a1.jpg'),(1817,'儿童学习桌/椅',0,150,0,'','','',NULL,'2903357c68cf0dcea4.jpg'),(1818,'书柜/书架',0,150,0,'','','',NULL,'1108657c68cf0e90fd.jpg'),(1819,'书桌',0,150,0,'','','',NULL,'2526957c68cf100e86.jpg'),(1820,'层架/置物架',0,151,0,'','','',NULL,'989957c68cf10fc80.jpg'),(1821,'储物/收纳用品',0,151,0,'','','',NULL,'409257c68cf11d702.jpg'),(1822,'墙面搁架',0,151,0,'','','',NULL,'649157c68cf12d20f.jpg'),(1823,'鞋架/衣帽架',0,151,0,'','','',NULL,'1599157c68cf13a458.jpg'),(1824,'晒衣架/烫衣板',0,152,0,'','','',NULL,'612257c68cf147faa.jpg'),(1825,'折叠床',0,152,0,'','','',NULL,'1943557c68cf15781c.jpg'),(1826,'家用梯',0,152,0,'','','',NULL,'2426357c68cf16d7dc.jpg'),(1827,'花架/装饰架',0,152,0,'','','',NULL,'250457c68cf180628.jpg'),(1828,'户外家具',0,152,0,'','','',NULL,'1983257c68cf18dce9.jpg'),(1829,'餐椅/吧台椅',0,153,0,'','','',NULL,'973457c68cf1a4428.jpg'),(1830,'餐边柜',0,153,0,'','','',NULL,'728157c68cf1b14dd.jpg'),(1831,'酒柜',0,153,0,'','','',NULL,'1436457c68cf1c0a0f.jpg'),(1832,'会议台/桌',0,154,0,'','','',NULL,'1094757c68cf1cda62.jpg'),(1833,'屏风/办公桌',0,154,0,'','','',NULL,'3137157c68cf1df9b5.jpg'),(1834,'班台/班桌',0,154,0,'','','',NULL,'2711757c68cf1ede3a.jpg'),(1835,'儿童床',0,155,0,'','','',NULL,'1581757c68cf206cff.jpg'),(1836,'儿童床垫',0,155,0,'','','',NULL,'2498857c68cf213c8c.jpg'),(1837,'儿童衣柜',0,155,0,'','','',NULL,'1833257c68cf222161.jpg'),(1838,'儿童书桌',0,155,0,'','','',NULL,'2103057c68cf235715.jpg'),(1839,'儿童椅凳',0,155,0,'','','',NULL,'1077857c68cf24a0aa.jpg'),(1840,'儿童餐椅',0,155,0,'','','',NULL,'2968657c68cf2588c2.jpg'),(1841,'儿童桌椅套装',0,155,0,'','','',NULL,'1431957c68cf26d1cf.jpg'),(1842,'儿童沙发',0,155,0,'','','',NULL,'84057c68cf28284b.jpg'),(1843,'饼干蛋糕',0,156,0,'','','',NULL,'1014257c68cf29222b.jpg'),(1844,'糖果/巧克力',0,156,0,'','','',NULL,'74657c68cf29f2dd.jpg'),(1845,'休闲零食',0,156,0,'','','',NULL,'1786457c68cf2b054f.jpg'),(1846,'冲调饮品',0,156,0,'','','',NULL,'1378957c68cf2be987.jpg'),(1847,'粮油调味',0,156,0,'','','',NULL,'2221457c68cf2cbdfc.png'),(1848,'牛奶',0,156,0,'','','',NULL,'383957c68cf2da1e8.jpg'),(1849,'苹果',0,157,0,'','','',NULL,'259657c68cf2e8126.jpg'),(1850,'橙子',0,157,0,'','','',NULL,'389457c68cf303276.jpg'),(1851,'奇异果/猕猴桃',0,157,0,'','','',NULL,'1399957c68cf312428.jpg'),(1852,'车厘子/樱桃',0,157,0,'','','',NULL,'349757c68cf31e7d8.jpg'),(1853,'芒果',0,157,0,'','','',NULL,'312757c68cf32dcde.jpg'),(1854,'蓝莓',0,157,0,'','','',NULL,'78057c68cf33b553.jpg'),(1855,'火龙果',0,157,0,'','','',NULL,'415757c68cf34bf6e.jpg'),(1856,'葡萄/提子',0,157,0,'','','',NULL,'3073557c68cf358dab.jpg'),(1857,'柚子',0,157,0,'','','',NULL,'949757c68cf365bdb.jpg'),(1858,'香蕉',0,157,0,'','','',NULL,'3082357c68cf373589.jpg'),(1859,'牛油果',0,157,0,'','','',NULL,'599357c68cf38434f.jpg'),(1860,'梨',0,157,0,'','','',NULL,'1409757c68cf392517.jpg'),(1861,'菠萝/凤梨',0,157,0,'','','',NULL,'1938957c68cf39e80c.jpg'),(1862,'桔/橘',0,157,0,'','','',NULL,'1375957c68cf3ab9b2.jpg'),(1863,'柠檬',0,157,0,'','','',NULL,'1404457c68cf3b81a8.jpg'),(1864,'草莓',0,157,0,'','','',NULL,'423457c68cf3c7d7c.jpg'),(1865,'桃/李/杏',0,157,0,'','','',NULL,'2384257c68cf3d45b1.jpg'),(1866,'更多水果',0,157,0,'','','',NULL,'2262557c68cf3e2e8f.jpg'),(1867,'水果礼盒/券',0,157,0,'','','',NULL,'1478057c68cf3f193c.jpg'),(1868,'牛肉',0,158,0,'','','',NULL,'3118657c68cf40b544.jpg'),(1869,'羊肉',0,158,0,'','','',NULL,'1351757c68cf418afd.jpg'),(1870,'猪肉',0,158,0,'','','',NULL,'2331757c68cf428a88.jpg'),(1871,'内脏类',0,158,0,'','','',NULL,'1837457c68cf4379c3.jpg'),(1872,'东北',0,159,0,'','','',NULL,'2957657c68cf4445ca.jpg'),(1873,'华北',0,159,0,'','','',NULL,'1061457c68cf451b10.jpg'),(1874,'西北',0,159,0,'','','',NULL,'2867057c68cf466c49.jpg'),(1875,'华中',0,159,0,'','','',NULL,'2652557c68cf473faa.jpg'),(1876,'华东',0,159,0,'','','',NULL,'2113457c68cf48150e.jpg'),(1877,'华南',0,159,0,'','','',NULL,'1689857c68cf490677.jpg'),(1878,'西南',0,159,0,'','','',NULL,'1273757c68cf49ed29.jpg'),(1879,'虾',0,160,0,'','','',NULL,'3158557c68cf4ad94c.jpg'),(1880,'鱼',0,160,0,'','','',NULL,'674057c68cf4bad07.jpg'),(1881,'蟹',0,160,0,'','','',NULL,'1400157c68cf4c85c6.jpg'),(1882,'贝',0,160,0,'','','',NULL,'2865057c68cf4d78e5.jpg'),(1883,'海参',0,160,0,'','','',NULL,'2752457c68cf4e6a86.jpg'),(1884,'海产干货',0,160,0,'','','',NULL,'1954657c68cf5025dc.jpg'),(1885,'海产礼盒/券',0,160,0,'','','',NULL,'476157c68cf50f378.jpg'),(1886,'大闸蟹',0,160,0,'','','',NULL,'679557c68cf51f9d3.jpg'),(1887,'鸡',0,161,0,'','','',NULL,'2965757c68cf5338e4.jpg'),(1888,'鸭',0,161,0,'','','',NULL,'2072057c68cf543c1f.jpg'),(1889,'特色禽类',0,161,0,'','','',NULL,'238757c68cf556f75.jpg'),(1890,'蛋类',0,161,0,'','','',NULL,'438957c68cf565196.jpg'),(1891,'叶菜类',0,162,0,'','','',NULL,'1815857c68cf5741a6.jpg'),(1892,'茄果瓜类',0,162,0,'','','',NULL,'2387357c68cf5836ed.jpg'),(1893,'根茎类',0,162,0,'','','',NULL,'2174857c68cf5959c9.jpg'),(1894,'鲜菌菇',0,162,0,'','','',NULL,'2273257c68cf5b04ee.jpg'),(1895,'葱姜蒜椒',0,162,0,'','','',NULL,'3164457c68cf5bf99b.jpg'),(1896,'半加工蔬菜',0,162,0,'','','',NULL,'3137557c68cf5da253.jpg'),(1897,'月饼',0,163,0,'','','',NULL,'1235057c68cf5ed282.jpg'),(1898,'休闲零食',0,163,0,'','','',NULL,'3213557c68cf60eecc.jpg'),(1899,'坚果炒货',0,163,0,'','','',NULL,'3094057c68cf61c3ea.jpg'),(1900,'肉干肉脯',0,163,0,'','','',NULL,'480057c68cf62d592.jpg'),(1901,'蜜饯果干',0,163,0,'','','',NULL,'1666457c68cf63e6bc.jpg'),(1902,'糖果/巧克力',0,163,0,'','','',NULL,'895057c68cf64bcb1.jpg'),(1903,'饼干蛋糕',0,163,0,'','','',NULL,'2146857c68cf6595d5.jpg'),(1904,'无糖食品',0,163,0,'','','',NULL,'975457c68cf666f0f.jpg'),(1905,'米面杂粮',0,164,0,'','','',NULL,'185257c68cf6795f6.jpg'),(1906,'食用油',0,164,0,'','','',NULL,'210357c68cf68680a.jpg'),(1907,'调味品',0,164,0,'','','',NULL,'2158757c68cf6943f2.jpg'),(1908,'南北干货',0,164,0,'','','',NULL,'365957c68cf6a1e5c.jpg'),(1909,'方便食品',0,164,0,'','','',NULL,'900857c68cf6b1d94.jpg'),(1910,'有机食品',0,164,0,'','','',NULL,'77757c68cf6bf913.jpg'),(1911,'月饼',0,165,0,'','','',NULL,'488157c68cf6cf0ae.jpg'),(1912,'大闸蟹',0,165,0,'','','',NULL,'2935657c68cf72e9d2.jpg'),(1913,'粽子',0,165,0,'','','',NULL,'242357c68cf742537.jpg'),(1914,'卡券',0,165,0,'','','',NULL,'1387457c68cf74f39c.jpg'),(1915,'其他特产',0,166,0,'','','',NULL,'2633057c68cf75ebae.jpg'),(1916,'新疆',0,166,0,'','','',NULL,'2093457c68cf76ddab.jpg'),(1917,'北京',0,166,0,'','','',NULL,'3021657c68cf77ad01.jpg'),(1918,'山西',0,166,0,'','','',NULL,'182357c68cf78714b.jpg'),(1919,'内蒙古',0,166,0,'','','',NULL,'498057c68cf79445d.jpg'),(1920,'福建',0,166,0,'','','',NULL,'1743057c68cf7a5a30.jpg'),(1921,'湖南',0,166,0,'','','',NULL,'1331157c68cf7b720f.jpg'),(1922,'四川',0,166,0,'','','',NULL,'583557c68cf7c448f.jpg'),(1923,'云南',0,166,0,'','','',NULL,'2841557c68cf7d0b7d.jpg'),(1924,'东北',0,166,0,'','','',NULL,'2356557c68cf7de056.jpg'),(1925,'水饺',0,167,0,'','','',NULL,'347557c68cf7eae4c.jpg'),(1926,'汤圆',0,167,0,'','','',NULL,'1686657c68cf8038f7.jpg'),(1927,'面点',0,167,0,'','','',NULL,'2906157c68cf8106cd.jpg'),(1928,'火锅丸串',0,167,0,'','','',NULL,'1826757c68cf820694.jpg'),(1929,'方便菜',0,167,0,'','','',NULL,'3079257c68cf82f048.jpg'),(1930,'奶酪/黄油',0,167,0,'','','',NULL,'2768557c68cf83e789.jpg'),(1931,'酸奶',0,168,0,'','','',NULL,'2529857c68cf8500b9.jpg'),(1932,'鲜奶',0,168,0,'','','',NULL,'548557c68cf85de5e.jpg'),(1933,'冷冻蛋糕',0,168,0,'','','',NULL,'2083757c68cf8766ed.jpg'),(1934,'冰激凌',0,168,0,'','','',NULL,'692857c68cf885c94.jpg'),(1935,'白酒',0,169,0,'','','',NULL,'679057c68cf895a53.jpg'),(1936,'洋酒',0,169,0,'','','',NULL,'1822857c68cf8a1d2d.jpg'),(1937,'葡萄酒',0,169,0,'','','',NULL,'1604157c68cf8aed6a.jpg'),(1938,'啤酒',0,169,0,'','','',NULL,'914657c68cf8bb2fd.jpg'),(1939,'黄酒/养生酒',0,169,0,'','','',NULL,'164057c68cf8c857b.jpg'),(1940,'收藏酒/陈年老酒',0,169,0,'','','',NULL,'311357c68cf8d5fb4.jpg'),(1941,'饮用水',0,170,0,'','','',NULL,'185057c68cf8e407b.jpg'),(1942,'饮料',0,170,0,'','','',NULL,'2867057c68cf8f2d22.jpg'),(1943,'牛奶乳品',0,170,0,'','','',NULL,'2738957c68cf90ce8e.jpg'),(1944,'咖啡/奶茶',0,170,0,'','','',NULL,'2062257c68cf919d78.jpg'),(1945,'冲饮谷物',0,170,0,'','','',NULL,'3094257c68cf9278ac.jpg'),(1946,'蜂蜜/柚子茶',0,170,0,'','','',NULL,'789657c68cf9364dc.jpg'),(1947,'成人奶粉',0,170,0,'','','',NULL,'469857c68cf9459a2.jpg'),(1948,'铁观音',0,171,0,'','','',NULL,'24657c68cf954f31.jpg'),(1949,'普洱',0,171,0,'','','',NULL,'1162957c68cf961d8f.jpg'),(1950,'龙井',0,171,0,'','','',NULL,'104157c68cf96f092.jpg'),(1951,'绿茶',0,171,0,'','','',NULL,'2386257c68cf97bdf3.jpg'),(1952,'红茶',0,171,0,'','','',NULL,'999157c68cf987fa4.jpg'),(1953,'乌龙茶',0,171,0,'','','',NULL,'1754357c68cf9952d8.jpg'),(1954,'花草茶',0,171,0,'','','',NULL,'1923157c68cf9a1fe9.jpg'),(1955,'花果茶',0,171,0,'','','',NULL,'2720357c68cf9afdaa.jpg'),(1956,'养生茶',0,171,0,'','','',NULL,'1727957c68cf9be4bc.jpg'),(1957,'黑茶',0,171,0,'','','',NULL,'2598657c68cf9cb4d3.jpg'),(1958,'白茶',0,171,0,'','','',NULL,'1671157c68cf9d8370.jpg'),(1959,'其它茶',0,171,0,'','','',NULL,'1836757c68cf9e51aa.jpg'),(1960,'跑步馆',0,172,0,'','','',NULL,'242157c68cf9f1281.jpg'),(1961,'体育馆',0,172,0,'','','',NULL,'759057c68cfa094ce.jpg'),(1962,'游泳馆',0,172,0,'','','',NULL,'282057c68cfa15d48.jpg'),(1963,'足球馆',0,172,0,'','','',NULL,'2541357c68cfa2243d.jpg'),(1964,'健身馆',0,172,0,'','','',NULL,'2429057c68cfa31723.jpg'),(1965,'智能馆',0,172,0,'','','',NULL,'2831757c68cfa40fbb.jpg'),(1966,'篮球馆',0,172,0,'','','',NULL,'1860457c68cfa4e760.jpg'),(1967,'骑行馆',0,172,0,'','','',NULL,'1124257c68cfa5b1f6.jpg'),(1968,'垂钓馆',0,172,0,'','','',NULL,'1801557c68cfa67cda.jpg'),(1969,'跑步鞋',0,173,0,'','','',NULL,'848557c68cfa74d22.jpg'),(1970,'休闲鞋',0,173,0,'','','',NULL,'2824157c68cfa82c1b.jpg'),(1971,'篮球鞋',0,173,0,'','','',NULL,'678957c68cfa8feb4.jpg'),(1972,'帆布鞋',0,173,0,'','','',NULL,'568057c68cfa9cbfb.jpg'),(1973,'拖鞋',0,173,0,'','','',NULL,'1229657c68cfaabb66.jpg'),(1974,'运动包',0,173,0,'','','',NULL,'2122157c68cfab8ea2.jpg'),(1975,'板鞋',0,173,0,'','','',NULL,'519857c68cfac78d9.jpg'),(1976,'足球鞋',0,173,0,'','','',NULL,'832257c68cfad6e57.jpg'),(1977,'训练鞋',0,173,0,'','','',NULL,'2439857c68cfaea62a.jpg'),(1978,'乒羽网鞋',0,173,0,'','','',NULL,'1501057c68cfb079a1.jpg'),(1979,'专项运动鞋',0,173,0,'','','',NULL,'2346757c68cfb1762a.jpg'),(1980,'T恤',0,174,0,'','','',NULL,'1252957c68cfb35131.jpg'),(1981,'套装',0,174,0,'','','',NULL,'2142557c68cfb46bf2.jpg'),(1982,'运动裤',0,174,0,'','','',NULL,'2474557c68cfb59005.jpg'),(1983,'运动配饰',0,174,0,'','','',NULL,'83857c68cfb67680.jpg'),(1984,'运动背心',0,174,0,'','','',NULL,'84557c68cfb76c55.jpg'),(1985,'夹克/风衣',0,174,0,'','','',NULL,'1595357c68cfb85f6a.jpg'),(1986,'卫衣/套头衫',0,174,0,'','','',NULL,'1738657c68cfb93828.jpg'),(1987,'健身服',0,174,0,'','','',NULL,'598757c68cfba2022.jpg'),(1988,'乒羽网服',0,174,0,'','','',NULL,'604657c68cfbb6a7d.jpg'),(1989,'户外风衣',0,175,0,'','','',NULL,'2884157c68cfbc5633.jpg'),(1990,'T恤',0,175,0,'','','',NULL,'1517157c68cfbd1ccd.jpg'),(1991,'速干衣裤',0,175,0,'','','',NULL,'2904157c68cfbde1b3.jpg'),(1992,'休闲衣裤',0,175,0,'','','',NULL,'189357c68cfbee47e.jpg'),(1993,'冲锋衣裤',0,175,0,'','','',NULL,'2784257c68cfc095c0.jpg'),(1994,'军迷服饰',0,175,0,'','','',NULL,'535657c68cfc1639d.jpg'),(1995,'溯溪鞋',0,175,0,'','','',NULL,'2710257c68cfc23528.jpg'),(1996,'沙滩/凉拖',0,175,0,'','','',NULL,'1642157c68cfc31baf.jpg'),(1997,'徒步鞋',0,175,0,'','','',NULL,'1783057c68cfc44535.jpg'),(1998,'登山鞋',0,175,0,'','','',NULL,'1768257c68cfc547f7.jpg'),(1999,'休闲鞋',0,175,0,'','','',NULL,'2360057c68cfc62345.jpg'),(2000,'越野跑鞋',0,175,0,'','','',NULL,'1821057c68cfc71484.jpg'),(2001,'抓绒衣裤',0,175,0,'','','',NULL,'2562457c68cfc865db.jpg'),(2002,'软壳衣裤',0,175,0,'','','',NULL,'2656257c68cfc93000.jpg'),(2003,'滑雪服',0,175,0,'','','',NULL,'1262657c68cfca6f38.jpg'),(2004,'羽绒服/棉服',0,175,0,'','','',NULL,'2724157c68cfcb5747.jpg'),(2005,'功能内衣',0,175,0,'','','',NULL,'89857c68cfcc4d62.jpg'),(2006,'工装鞋',0,175,0,'','','',NULL,'666557c68cfcd3b0a.jpg'),(2007,'雪地靴',0,175,0,'','','',NULL,'2564357c68cfce2b8d.jpg'),(2008,'户外袜',0,175,0,'','','',NULL,'78457c68cfcf01ef.jpg'),(2009,'帐篷/垫子',0,176,0,'','','',NULL,'3153557c68cfd0ab0d.jpg'),(2010,'户外照明',0,176,0,'','','',NULL,'2825057c68cfd17b56.jpg'),(2011,'户外仪表',0,176,0,'','','',NULL,'1342957c68cfd2445f.jpg'),(2012,'便携桌椅床',0,176,0,'','','',NULL,'1145557c68cfd32001.jpg'),(2013,'旅游用品',0,176,0,'','','',NULL,'1017057c68cfd411df.jpg'),(2014,'野餐烧烤',0,176,0,'','','',NULL,'4757c68cfd4edae.jpg'),(2015,'望远镜',0,176,0,'','','',NULL,'3169357c68cfd5cc3e.jpg'),(2016,'背包',0,176,0,'','','',NULL,'574457c68cfd6d78d.jpg'),(2017,'军迷用品',0,176,0,'','','',NULL,'224757c68cfd7c160.jpg'),(2018,'户外工具',0,176,0,'','','',NULL,'2737957c68cfd887a3.jpg'),(2019,'睡袋/吊床',0,176,0,'','','',NULL,'2279057c68cfd95c70.jpg'),(2020,'户外配饰',0,176,0,'','','',NULL,'2059457c68cfda66ce.jpg'),(2021,'登山攀岩',0,176,0,'','','',NULL,'2635257c68cfdb3335.jpg'),(2022,'滑雪装备',0,176,0,'','','',NULL,'1027257c68cfdbfaad.jpg'),(2023,'冲浪潜水',0,176,0,'','','',NULL,'966757c68cfdcc6f5.jpg'),(2024,'救援装备',0,176,0,'','','',NULL,'1528457c68cfddf24b.jpg'),(2025,'极限户外',0,176,0,'','','',NULL,'563557c68cfdeef1e.jpg'),(2026,'山地车/公路车',0,177,0,'','','',NULL,'630957c68cfe083fb.jpg'),(2027,'折叠车',0,177,0,'','','',NULL,'2720557c68cfe14e7e.jpg'),(2028,'电动车',0,177,0,'','','',NULL,'3232057c68cfe21afc.jpg'),(2029,'其他整车',0,177,0,'','','',NULL,'1009057c68cfe2f7a5.jpg'),(2030,'骑行服',0,177,0,'','','',NULL,'1575457c68cfe41380.jpg'),(2031,'骑行装备',0,177,0,'','','',NULL,'1728157c68cfe56a9d.jpg'),(2032,'平衡车',0,177,0,'','','',NULL,'845457c68cfe63569.png'),(2033,'跑步机',0,178,0,'','','',NULL,'842657c68cfe6f18c.jpg'),(2034,'健身车/动感单车',0,178,0,'','','',NULL,'2555857c68cfe7b620.jpg'),(2035,'哑铃',0,178,0,'','','',NULL,'2853457c68cfe8af36.jpg'),(2036,'仰卧板/收腹机',0,178,0,'','','',NULL,'1506757c68cfe9a59b.jpg'),(2037,'运动护具',0,178,0,'','','',NULL,'296157c68cfea786b.jpg'),(2038,'瑜伽舞蹈',0,178,0,'','','',NULL,'1835357c68cfebce31.jpg'),(2039,'武术搏击',0,178,0,'','','',NULL,'2962957c68cfeca699.jpg'),(2040,'综合训练器',0,178,0,'','','',NULL,'1964957c68cfeda549.jpg'),(2041,'其他大型器械',0,178,0,'','','',NULL,'2839357c68cfee6831.jpg'),(2042,'其他中小型器材',0,178,0,'','','',NULL,'2938257c68cfef35bb.jpg'),(2043,'甩脂机',0,178,0,'','','',NULL,'470657c68cff0fd20.png'),(2044,'踏步机',0,178,0,'','','',NULL,'1316157c68cff1bc29.png'),(2045,'羽毛球',0,179,0,'','','',NULL,'318657c68cff27f4e.jpg'),(2046,'乒乓球',0,179,0,'','','',NULL,'2301957c68cff36827.jpg'),(2047,'篮球',0,179,0,'','','',NULL,'24257c68cff512de.jpg'),(2048,'足球',0,179,0,'','','',NULL,'2098257c68cff5e532.jpg'),(2049,'网球',0,179,0,'','','',NULL,'2849557c68cff6d9a7.jpg'),(2050,'排球',0,179,0,'','','',NULL,'3226057c68cff7d487.jpg'),(2051,'高尔夫',0,179,0,'','','',NULL,'558957c68cff89d00.jpg'),(2052,'台球',0,179,0,'','','',NULL,'2304457c68cff9619c.jpg'),(2053,'棋牌麻将',0,179,0,'','','',NULL,'928057c68cffa2d15.jpg'),(2054,'轮滑滑板',0,179,0,'','','',NULL,'515657c68cffafc80.jpg'),(2055,'其他',0,179,0,'','','',NULL,'2454257c68cffbf983.jpg'),(2056,'鱼竿鱼线',0,180,0,'','','',NULL,'2173757c68cffd0e6b.jpg'),(2057,'浮漂鱼饵',0,180,0,'','','',NULL,'1172857c68cffe019b.jpg'),(2058,'钓鱼桌椅',0,180,0,'','','',NULL,'3096657c68cffec7b2.jpg'),(2059,'钓鱼配件',0,180,0,'','','',NULL,'2358557c68d00052e2.jpg'),(2060,'钓箱鱼包',0,180,0,'','','',NULL,'2105057c68d00123a0.jpg'),(2061,'其它',0,180,0,'','','',NULL,'225657c68d0020428.jpg'),(2062,'泳镜',0,181,0,'','','',NULL,'2953257c68d002d946.jpg'),(2063,'泳帽',0,181,0,'','','',NULL,'1587757c68d003fc06.jpg'),(2064,'游泳包防水包',0,181,0,'','','',NULL,'2446657c68d004ceac.jpg'),(2065,'女士泳衣',0,181,0,'','','',NULL,'2176357c68d00599aa.jpg'),(2066,'男士泳衣',0,181,0,'','','',NULL,'264557c68d0065e07.jpg'),(2067,'比基尼',0,181,0,'','','',NULL,'3215457c68d00725e7.jpg'),(2068,'其它',0,181,0,'','','',NULL,'1166257c68d007ee67.jpg'),(2069,'休闲鞋',0,182,0,'','','',NULL,'3023557c68d008ce14.jpg'),(2070,'商务休闲鞋',0,182,0,'','','',NULL,'2922057c68d009c624.jpg'),(2071,'凉鞋沙滩鞋',0,182,0,'','','',NULL,'823657c68d00ab113.jpg'),(2072,'单鞋',0,182,0,'','','',NULL,'156457c68d00b9ec9.jpg'),(2073,'休闲鞋',0,182,0,'','','',NULL,'1661257c68d00c8fa8.jpg'),(2074,'凉鞋',0,182,0,'','','',NULL,'2167957c68d00d8699.jpg'),(2075,'2016新品',0,182,0,'','','',NULL,'2844057c68d00e95c1.jpg'),(2076,'双肩包',0,182,0,'','','',NULL,'3071057c68d0101ab2.jpg'),(2077,'公文包',0,182,0,'','','',NULL,'224057c68d0110cf2.jpg'),(2078,'男士手包',0,182,0,'','','',NULL,'3101357c68d011e72c.JPG'),(2079,'拉杆箱',0,182,0,'','','',NULL,'431857c68d012e02b.jpg'),(2080,'电脑包',0,182,0,'','','',NULL,'2340157c68d0145d70.jpg'),(2081,'休闲鞋',0,183,0,'','','',NULL,'853157c68d015583b.jpg'),(2082,'商务休闲鞋',0,183,0,'','','',NULL,'381157c68d016279c.jpg'),(2083,'凉鞋/沙滩鞋',0,183,0,'','','',NULL,'1445657c68d016f3f9.jpg'),(2084,'正装鞋',0,183,0,'','','',NULL,'521157c68d017ce4f.jpg'),(2085,'帆布鞋',0,183,0,'','','',NULL,'1036757c68d018c9b0.jpg'),(2086,'乐福鞋',0,183,0,'','','',NULL,'808957c68d019aad3.jpg'),(2087,'增高鞋',0,183,0,'','','',NULL,'2429857c68d01b077e.jpg'),(2088,'板鞋',0,183,0,'','','',NULL,'1370857c68d01c8348.jpg'),(2089,'休闲户外鞋',0,183,0,'','','',NULL,'1141157c68d01d42e4.jpg'),(2090,'网面鞋',0,183,0,'','','',NULL,'2781657c68d01e35c1.jpg'),(2091,'工装鞋',0,183,0,'','','',NULL,'1513157c68d01f0d3e.jpg'),(2092,'拖鞋/人字拖',0,183,0,'','','',NULL,'2690857c68d0217738.jpg'),(2093,'男靴',0,183,0,'','','',NULL,'70357c68d02243b3.jpg'),(2094,'定制鞋',0,183,0,'','','',NULL,'1531157c68d0237228.jpg'),(2095,'功能鞋',0,183,0,'','','',NULL,'2761957c68d0246e9d.jpg'),(2096,'传统布鞋',0,183,0,'','','',NULL,'1697457c68d0254653.jpg'),(2097,'雨鞋/雨靴',0,183,0,'','','',NULL,'2503657c68d026171a.jpg'),(2098,'鞋配件',0,183,0,'','','',NULL,'2227957c68d026ef80.jpg'),(2099,'ECCO',0,183,0,'','','',NULL,'214957c68d027bb01.jpg'),(2100,'Clarks',0,183,0,'','','',NULL,'2369157c68d028a0ca.jpg'),(2101,'骆驼',0,183,0,'','','',NULL,'538557c68d0296d92.jpg'),(2102,'奥康',0,183,0,'','','',NULL,'1732357c68d02a37c0.jpg'),(2103,'意尔康',0,183,0,'','','',NULL,'271957c68d02afdab.jpg'),(2104,'红蜻蜓',0,183,0,'','','',NULL,'2756257c68d02bc1fa.jpg'),(2105,'尖头单鞋',0,184,0,'','','',NULL,'2343357c68d02c90ea.jpg'),(2106,'鱼嘴单鞋',0,184,0,'','','',NULL,'2991657c68d02d779c.jpg'),(2107,'圆头单鞋',0,184,0,'','','',NULL,'1849557c68d02e4117.jpg'),(2108,'粗跟单鞋',0,184,0,'','','',NULL,'855857c68d02f0983.jpg'),(2109,'深口单鞋',0,184,0,'','','',NULL,'1831557c68d03094e6.jpg'),(2110,'中跟单鞋',0,184,0,'','','',NULL,'3203657c68d0317a70.jpg'),(2111,'坡跟单鞋',0,184,0,'','','',NULL,'2808857c68d0327230.jpg'),(2112,'高跟鞋',0,184,0,'','','',NULL,'315257c68d0336d00.jpg'),(2113,'休闲鞋',0,184,0,'','','',NULL,'1285857c68d0352bef.jpg'),(2114,'凉鞋',0,184,0,'','','',NULL,'85757c68d03618e1.jpg'),(2115,'帆布鞋',0,184,0,'','','',NULL,'1218257c68d0370ff7.jpg'),(2116,'拖鞋/人字拖',0,184,0,'','','',NULL,'2137557c68d037ec90.jpg'),(2117,'防水台',0,184,0,'','','',NULL,'603957c68d038b9f0.jpg'),(2118,'内增高',0,184,0,'','','',NULL,'3245357c68d0398d28.jpg'),(2119,'乐福鞋',0,184,0,'','','',NULL,'974257c68d03a5cec.jpg'),(2120,'松糕鞋',0,184,0,'','','',NULL,'2973457c68d03b40bd.jpg'),(2121,'厚底鞋',0,184,0,'','','',NULL,'2833957c68d03c2a22.jpg'),(2122,'短靴',0,184,0,'','','',NULL,'3238757c68d03cf3df.jpg'),(2123,'妈妈鞋',0,184,0,'','','',NULL,'175457c68d03dc1eb.jpg'),(2124,'长靴',0,184,0,'','','',NULL,'2558157c68d03e8c9b.jpg'),(2125,'大码鞋',0,184,0,'','','',NULL,'2102557c68d0403ebc.jpg'),(2126,'布鞋/绣花鞋',0,184,0,'','','',NULL,'4457c68d04115f1.jpg'),(2127,'踝靴',0,184,0,'','','',NULL,'1261257c68d041fea4.jpg'),(2128,'马丁靴',0,184,0,'','','',NULL,'1555457c68d042ede2.jpg'),(2129,'婚鞋',0,184,0,'','','',NULL,'324357c68d043df0c.jpg'),(2130,'流苏靴',0,184,0,'','','',NULL,'658057c68d044edcf.jpg'),(2131,'蛋卷鞋',0,184,0,'','','',NULL,'1651257c68d045e431.jpg'),(2132,'雪地靴',0,184,0,'','','',NULL,'2197757c68d046b708.jpg'),(2133,'工作鞋',0,184,0,'','','',NULL,'2413257c68d04798a7.jpg'),(2134,'护士鞋',0,184,0,'','','',NULL,'3137457c68d0487eda.jpg'),(2135,'孕妇鞋',0,184,0,'','','',NULL,'620657c68d049aa49.jpg'),(2136,'舞蹈鞋',0,184,0,'','','',NULL,'2814557c68d04af826.jpg'),(2137,'鞋配件',0,184,0,'','','',NULL,'339057c68d04bd9a5.jpg'),(2138,'雨鞋/雨靴',0,184,0,'','','',NULL,'207157c68d04cbc4b.jpg'),(2139,'鞋垫',0,184,0,'','','',NULL,'806457c68d04df57f.jpg'),(2140,'玖熙',0,184,0,'','','',NULL,'1916257c68d04ec8d7.jpg'),(2141,'斯凯奇',0,184,0,'','','',NULL,'607757c68d0507f23.jpg'),(2142,'百丽',0,184,0,'','','',NULL,'644957c68d0ab12b1.jpg'),(2143,'CharlesKeith',0,184,0,'','','',NULL,'759357c68d0accd5c.jpg'),(2144,'单肩包',0,185,0,'','','',NULL,'2923657c68d0ad9cf7.jpg'),(2145,'手提包',0,185,0,'','','',NULL,'650857c68d0ae96ed.jpg'),(2146,'斜挎包',0,185,0,'','','',NULL,'542257c68d0b02f1f.jpg'),(2147,'帆布包',0,185,0,'','','',NULL,'2811957c68d0b10a7a.jpg'),(2148,'子母包',0,185,0,'','','',NULL,'2444157c68d0b1eed7.jpg'),(2149,'杀手包',0,185,0,'','','',NULL,'1470257c68d0b2e52f.jpg'),(2150,'贝壳包',0,185,0,'','','',NULL,'3121757c68d0b3b83c.jpg'),(2151,'水桶包',0,185,0,'','','',NULL,'3185957c68d0b4b5b4.jpg'),(2152,'复古包',0,185,0,'','','',NULL,'2335857c68d0b5b72f.jpg'),(2153,'链条包',0,185,0,'','','',NULL,'1346457c68d0b68903.jpg'),(2154,'菱格包',0,185,0,'','','',NULL,'340757c68d0b74c6d.jpg'),(2155,'趣味包',0,185,0,'','','',NULL,'1715957c68d0b97324.jpg'),(2156,'小方包',0,185,0,'','','',NULL,'2245357c68d0ba4ea8.jpg'),(2157,'手拿包/晚宴包',0,185,0,'','','',NULL,'2249357c68d0bb424c.jpg'),(2158,'钱包',0,185,0,'','','',NULL,'1580357c68d0bc106a.jpg'),(2159,'ELLE',0,185,0,'','','',NULL,'1390357c68d0bcf1c7.jpg'),(2160,'why',0,185,0,'','','',NULL,'3032757c68d0bdf52b.jpg'),(2161,'VH',0,185,0,'','','',NULL,'3252157c68d0beff55.jpg'),(2162,'DISSONA',0,185,0,'','','',NULL,'3024357c68d0c0ba60.jpg'),(2163,'FION',0,185,0,'','','',NULL,'2318657c68d0c1c82f.jpg'),(2164,'KIPLING',0,185,0,'','','',NULL,'704057c68d0c2e939.jpg'),(2165,'公文包',0,186,0,'','','',NULL,'2757157c68d0c3e191.jpg'),(2166,'商务男包',0,186,0,'','','',NULL,'2690157c68d0c543ce.jpg'),(2167,'单肩包',0,186,0,'','','',NULL,'2923457c68d0c67637.jpg'),(2168,'手提包',0,186,0,'','','',NULL,'1266757c68d0c76244.jpg'),(2169,'双肩包',0,186,0,'','','',NULL,'215657c68d0c8d60e.jpg'),(2170,'长款钱包',0,186,0,'','','',NULL,'592657c68d0c9d151.jpg'),(2171,'日字包',0,186,0,'','','',NULL,'3136357c68d0cb74b0.jpg'),(2172,'男士手包',0,186,0,'','','',NULL,'83357c68d0cc5d5b.jpg'),(2173,'男士腰带',0,186,0,'','','',NULL,'2770957c68d0cd4691.jpg'),(2174,'休闲男包',0,186,0,'','','',NULL,'526857c68d0cea984.jpg'),(2175,'男士零钱包',0,186,0,'','','',NULL,'2735357c68d0d04f45.jpg'),(2176,'短款钱包',0,186,0,'','','',NULL,'2012457c68d0d146c5.jpg'),(2177,'邮差包',0,186,0,'','','',NULL,'1288157c68d0d22a14.jpg'),(2178,'帆布包',0,186,0,'','','',NULL,'2103457c68d0d30624.jpg'),(2179,'男士腰包',0,186,0,'','','',NULL,'2710957c68d0d42f53.jpg'),(2180,'男士胸包',0,186,0,'','','',NULL,'2977657c68d0d554bf.jpg'),(2181,'信封包',0,186,0,'','','',NULL,'3121457c68d0d69d3e.jpg'),(2182,'男士收纳包',0,186,0,'','','',NULL,'2800457c68d0d790e1.jpg'),(2183,'名片夹',0,186,0,'','','',NULL,'2796957c68d0d86870.jpg'),(2184,'钥匙包',0,186,0,'','','',NULL,'2697257c68d0d93267.jpg'),(2185,'钥匙扣',0,186,0,'','','',NULL,'887457c68d0da02a6.jpg'),(2186,'TUMI',0,186,0,'','','',NULL,'1941257c68d0daec71.jpg'),(2187,'皮尔卡丹',0,186,0,'','','',NULL,'3053757c68d0dc14c1.jpg'),(2188,'沙驰',0,186,0,'','','',NULL,'1983757c68d0dd11e7.jpg'),(2189,'金利来',0,186,0,'','','',NULL,'636357c68d0ddf7b0.jpg'),(2190,'稻草人',0,186,0,'','','',NULL,'147657c68d0deee5a.jpg'),(2191,'七匹狼',0,186,0,'','','',NULL,'2641357c68d0e07852.jpg'),(2192,'登机箱',0,187,0,'','','',NULL,'1918857c68d0e13e0f.jpg'),(2193,'女士拉杆箱',0,187,0,'','','',NULL,'1799957c68d0e24a33.jpg'),(2194,'万向轮拉杆箱',0,187,0,'','','',NULL,'2562957c68d0e3465e.jpg'),(2195,'儿童拉杆箱',0,187,0,'','','',NULL,'390857c68d0e41036.jpg'),(2196,'铝框拉杆箱',0,187,0,'','','',NULL,'909757c68d0e512f4.jpg'),(2197,'拉杆包',0,187,0,'','','',NULL,'3154957c68d0e5f0dc.jpg'),(2198,'双肩电脑包',0,187,0,'','','',NULL,'3008857c68d0e6b957.jpg'),(2199,'手提电脑包',0,187,0,'','','',NULL,'144357c68d0e77d62.jpg'),(2200,'旅行包',0,187,0,'','','',NULL,'379257c68d0e84726.jpg'),(2201,'双肩包',0,187,0,'','','',NULL,'2546857c68d0e91ff6.jpg'),(2202,'登山包',0,187,0,'','','',NULL,'3246657c68d0e9f5f4.jpg'),(2203,'相机包',0,187,0,'','','',NULL,'2532757c68d0eafaf8.jpg'),(2204,'幼儿书包',0,187,0,'','','',NULL,'1988357c68d0ebdc50.jpg'),(2205,'学生书包',0,187,0,'','','',NULL,'2353957c68d0ecb285.jpg'),(2206,'腰包/胸包',0,187,0,'','','',NULL,'1909357c68d0ed9597.jpg'),(2207,'洗漱包',0,187,0,'','','',NULL,'2545557c68d0ee6ce7.jpg'),(2208,'箱套',0,187,0,'','','',NULL,'590457c68d0ef338b.jpg'),(2209,'妈咪包',0,187,0,'','','',NULL,'1544157c68d0f0bbbf.jpg'),(2210,'新秀丽',0,187,0,'','','',NULL,'718957c68d0f18c37.jpg'),(2211,'美旅',0,187,0,'','','',NULL,'778157c68d0f25526.jpg'),(2212,'法国大使',0,187,0,'','','',NULL,'1690857c68d0f31e18.jpg'),(2213,'GUESS',0,187,0,'','','',NULL,'2687857c68d0f3eac0.jpg'),(2214,'COACH',0,188,0,'','','',NULL,'1879257c68d0f4c7d2.jpg'),(2215,'MK',0,188,0,'','','',NULL,'1833557c68d0f5c4e2.jpg'),(2216,'施华洛世奇',0,188,0,'','','',NULL,'2074457c68d0f6c057.jpg'),(2217,'GUCCI',0,188,0,'','','',NULL,'1672157c68d0f794ec.jpg'),(2218,'Ray-Ban',0,188,0,'','','',NULL,'1660257c68d0f8615c.jpg'),(2219,'Burberry',0,188,0,'','','',NULL,'1210557c68d0f9b332.jpg'),(2220,'BALLY',0,188,0,'','','',NULL,'1697257c68d0fa8022.jpg'),(2221,'Victoria\'s Secret',0,188,0,'','','',NULL,'1587557c68d0fb46d2.jpg'),(2222,'ARMANI-JEANS',0,188,0,'','','',NULL,'3214357c68d0fc100d.jpg'),(2223,'BV',0,188,0,'','','',NULL,'2970157c68d0fce0b4.jpg'),(2224,'DIOR',0,188,0,'','','',NULL,'1888157c68d0fde9d6.jpg'),(2225,'Ferragamo',0,188,0,'','','',NULL,'2147557c68d0fed231.jpg'),(2226,'HUGO-BOSS',0,188,0,'','','',NULL,'1213857c68d100549c.jpg'),(2227,'Lapalette',0,188,0,'','','',NULL,'697457c68d10121ac.jpg'),(2228,'MCM',0,188,0,'','','',NULL,'2252357c68d101f3fd.jpg'),(2229,'MontBlanc',0,188,0,'','','',NULL,'2836457c68d102c272.jpg'),(2230,'PRADA',0,188,0,'','','',NULL,'670257c68d103ab2c.jpg'),(2231,'Rimowa',0,188,0,'','','',NULL,'95257c68d104c3c2.jpg'),(2232,'Tod\'s',0,188,0,'','','',NULL,'472657c68d105a656.jpg'),(2233,'Tory burch',0,188,0,'','','',NULL,'635657c68d106a380.jpg'),(2234,'OAKLEY',0,188,0,'','','',NULL,'2864357c68d107808a.jpg'),(2235,'PANDORA',0,188,0,'','','',NULL,'2622057c68d108628f.jpg'),(2236,'路易十三',0,188,0,'','','',NULL,'848057c68d1092c82.jpg'),(2237,'fendi',0,188,0,'','','',NULL,'864757c68d109f20a.jpg'),(2238,'Miumiu',0,188,0,'','','',NULL,'1087657c68d10abef1.jpg'),(2239,'j.estina',0,188,0,'','','',NULL,'2293257c68d10b854d.jpg'),(2240,'DOLCE&GABBANA',0,188,0,'','','',NULL,'2997657c68d10c4946.jpg'),(2241,'范思哲',0,188,0,'','','',NULL,'2325257c68d10d0f9a.jpg'),(2242,'芙拉',0,188,0,'','','',NULL,'1042257c68d10dd940.jpg'),(2243,'华伦天奴',0,188,0,'','','',NULL,'256257c68d10f1ff1.jpg'),(2244,'箱包',0,189,0,'','','',NULL,'2783057c68d110d1c9.jpg'),(2245,'钱包',0,189,0,'','','',NULL,'1498157c68d111dbf3.jpg'),(2246,'服饰',0,189,0,'','','',NULL,'467557c68d112a043.jpg'),(2247,'腰带',0,189,0,'','','',NULL,'786157c68d1136635.jpg'),(2248,'太阳镜/眼镜框',0,189,0,'','','',NULL,'3092357c68d1142a36.jpg'),(2249,'配件',0,189,0,'','','',NULL,'3198957c68d1152481.jpg'),(2250,'鞋靴',0,189,0,'','','',NULL,'1821657c68d1163048.jpg'),(2251,'饰品',0,189,0,'','','',NULL,'3140657c68d1177243.jpg'),(2252,'名品腕表',0,189,0,'','','',NULL,'1002657c68d118469c.jpg'),(2253,'高档化妆品',0,189,0,'','','',NULL,'518157c68d1193ed0.jpg'),(2254,'火机烟具',0,190,0,'','','',NULL,'2416457c68d11a06e2.jpg'),(2255,'收藏品',0,190,0,'','','',NULL,'2073657c68d11ad1fa.jpg'),(2256,'古董文玩',0,190,0,'','','',NULL,'1392757c68d11bc423.jpg'),(2257,'创意礼品',0,190,0,'','','',NULL,'3204757c68d11cc318.jpg'),(2258,'鲜花',0,190,0,'','','',NULL,'3067457c68d11dc76b.jpg'),(2259,'工艺礼品',0,190,0,'','','',NULL,'1616757c68d11e97c9.jpg'),(2260,'礼盒礼券',0,190,0,'','','',NULL,'585457c68d12045d7.jpg'),(2261,'美妆礼品',0,190,0,'','','',NULL,'1952757c68d1210c5f.jpg'),(2262,'军刀军具',0,190,0,'','','',NULL,'2593657c68d121d17f.jpg'),(2263,'礼品文具',0,190,0,'','','',NULL,'2498657c68d122a6af.jpg'),(2264,'礼品定制',0,190,0,'','','',NULL,'3199157c68d12375dd.jpg'),(2265,'京东福卡',0,190,0,'','','',NULL,'175857c68d1243cf7.jpg'),(2266,'婚庆',0,190,0,'','','',NULL,'2844957c68d1258dca.jpg'),(2267,'绿植',0,190,0,'','','',NULL,'579657c68d1266b6b.jpg'),(2268,'家庭鲜花',0,190,0,'','','',NULL,'2679357c68d1275022.jpg'),(2269,'项链',0,191,0,'','','',NULL,'732957c68d128330f.jpg'),(2270,'手链/脚链',0,191,0,'','','',NULL,'1422457c68d1290a95.jpg'),(2271,'时尚戒指',0,191,0,'','','',NULL,'2545557c68d129f492.jpg'),(2272,'耳饰',0,191,0,'','','',NULL,'1798157c68d12aee57.jpg'),(2273,'发饰/发卡',0,191,0,'','','',NULL,'544257c68d12bbe4f.jpg'),(2274,'胸针',0,191,0,'','','',NULL,'47057c68d12c8cd8.jpg'),(2275,'婚庆饰品',0,191,0,'','','',NULL,'1213057c68d12d6579.jpg'),(2276,'饰品配件',0,191,0,'','','',NULL,'315757c68d12e671e.jpg'),(2277,'韩国饰品馆',0,191,0,'','','',NULL,'1802957c68d13031ca.jpg'),(2278,'瑞表',0,192,0,'','','',NULL,'2463857c68d130f925.jpg'),(2279,'国表',0,192,0,'','','',NULL,'1886057c68d131ca88.jpg'),(2280,'日韩表',0,192,0,'','','',NULL,'3153257c68d1329b72.jpg'),(2281,'儿童手表',0,192,0,'','','',NULL,'972657c68d133b0ac.jpg'),(2282,'欧美表',0,192,0,'','','',NULL,'346357c68d1348459.jpg'),(2283,'智能手表',0,192,0,'','','',NULL,'2793757c68d1357e49.jpg'),(2284,'座钟挂钟',0,192,0,'','','',NULL,'2486357c68d1366440.jpg'),(2285,'德表',0,192,0,'','','',NULL,'318557c68d13729f0.jpg'),(2286,'闹钟',0,192,0,'','','',NULL,'3009057c68d137eada.jpg'),(2287,'钟表配件',0,192,0,'','','',NULL,'1389457c68d138bba9.jpg'),(2288,'黄金吊坠',0,193,0,'','','',NULL,'215757c68d139a16f.jpg'),(2289,'黄金手镯/手链/脚链',0,193,0,'','','',NULL,'3164157c68d13affd2.jpg'),(2290,'黄金项链',0,193,0,'','','',NULL,'1257357c68d13bdd28.jpg'),(2291,'纯金K金戒指',0,193,0,'','','',NULL,'1629557c68d13cc5bd.jpg'),(2292,'黄金转运珠',0,193,0,'','','',NULL,'1285957c68d13d9a93.jpg'),(2293,'黄金耳饰',0,193,0,'','','',NULL,'1576557c68d13e7080.jpg'),(2294,'银吊坠/项链',0,194,0,'','','',NULL,'3103057c68d1400832.jpg'),(2295,'银手镯/手链/脚链',0,194,0,'','','',NULL,'2264157c68d140ddb2.jpg'),(2296,'银戒指',0,194,0,'','','',NULL,'1711557c68d141b197.jpg'),(2297,'宝宝银饰',0,194,0,'','','',NULL,'2867357c68d142755b.jpg'),(2298,'足银手镯',0,194,0,'','','',NULL,'2184457c68d1437854.jpg'),(2299,'小叶紫檀',0,195,0,'','','',NULL,'236457c68d14451a4.jpg'),(2300,'黄花梨',0,195,0,'','','',NULL,'84557c68d1452439.jpg'),(2301,'沉香木',0,195,0,'','','',NULL,'2032957c68d1462fdd.jpg'),(2302,'金丝楠',0,195,0,'','','',NULL,'233057c68d14712a0.jpg'),(2303,'菩提',0,195,0,'','','',NULL,'2333757c68d147defa.jpg'),(2304,'其他',0,195,0,'','','',NULL,'717457c68d148b36d.jpg'),(2305,'橄榄核/核桃',0,195,0,'','','',NULL,'2227557c68d1497e22.jpg'),(2306,'檀香',0,195,0,'','','',NULL,'134157c68d14a4907.jpg'),(2307,'项链/吊坠',0,196,0,'','','',NULL,'542157c68d14b36d5.jpg'),(2308,'手镯/手串',0,196,0,'','','',NULL,'1150557c68d14c068d.jpg'),(2309,'翡翠玉石戒指',0,196,0,'','','',NULL,'220557c68d14cd222.jpg'),(2310,'耳饰',0,196,0,'','','',NULL,'2448157c68d14dc9ce.jpg'),(2311,'挂件/摆件/把件',0,196,0,'','','',NULL,'2551657c68d14ec1e3.jpg'),(2312,'玉石孤品',0,196,0,'','','',NULL,'990857c68d15074b6.jpg'),(2313,'缅甸珠宝馆',0,196,0,'','','',NULL,'2888457c68d1517853.jpg'),(2314,'项链/吊坠',0,197,0,'','','',NULL,'582357c68d1524654.jpg'),(2315,'耳饰',0,197,0,'','','',NULL,'775457c68d153077b.jpg'),(2316,'手镯/手链/脚链',0,197,0,'','','',NULL,'1874057c68d153d165.jpg'),(2317,'水晶玛瑙戒指',0,197,0,'','','',NULL,'1523957c68d154cbeb.jpg'),(2318,'头饰/胸针',0,197,0,'','','',NULL,'929057c68d155b886.jpg'),(2319,'摆件/挂件',0,197,0,'','','',NULL,'819057c68d156ac31.jpg'),(2320,'尼日利亚珠宝馆',0,197,0,'','','',NULL,'2748357c68d1579883.jpg'),(2321,'裸钻',0,198,0,'','','',NULL,'2778757c68d1589241.jpg'),(2322,'钻石戒指',0,198,0,'','','',NULL,'897857c68d1595db9.jpg'),(2323,'钻石项链/吊坠',0,198,0,'','','',NULL,'2596057c68d15a29b5.jpg'),(2324,'钻石耳饰',0,198,0,'','','',NULL,'2869757c68d15af418.jpg'),(2325,'钻石手镯/手链',0,198,0,'','','',NULL,'425657c68d15bc0ad.jpg'),(2326,'以色列珠宝馆',0,198,0,'','','',NULL,'311257c68d15c9175.jpg'),(2327,'珍珠项链',0,199,0,'','','',NULL,'2595657c68d15d59b8.jpg'),(2328,'珍珠吊坠',0,199,0,'','','',NULL,'324057c68d15e2e39.jpg'),(2329,'珍珠耳饰',0,199,0,'','','',NULL,'3139657c68d15f04d6.jpg'),(2330,'珍珠手链',0,199,0,'','','',NULL,'2029157c68d16092cf.jpg'),(2331,'珍珠戒指',0,199,0,'','','',NULL,'2249557c68d16191cd.jpg'),(2332,'珍珠胸针',0,199,0,'','','',NULL,'1742957c68d1626617.jpg'),(2333,'大溪地珍珠馆',0,199,0,'','','',NULL,'2483957c68d163498f.jpg'),(2334,'项链/吊坠',0,200,0,'','','',NULL,'1904257c68d1648185.jpg'),(2335,'耳饰',0,200,0,'','','',NULL,'2429757c68d165632f.jpg'),(2336,'手镯/手链',0,200,0,'','','',NULL,'1535657c68d166414d.jpg'),(2337,'彩宝戒指',0,200,0,'','','',NULL,'2854357c68d1674739.jpg'),(2338,'俄罗斯珠宝馆',0,200,0,'','','',NULL,'2577957c68d16cd477.jpg'),(2339,'K金吊坠',0,201,0,'','','',NULL,'1793257c68d16dcc01.jpg'),(2340,'K金项链',0,201,0,'','','',NULL,'2011557c68d16ebdfd.jpg'),(2341,'K金手镯/手链/脚链',0,201,0,'','','',NULL,'844557c68d170973e.jpg'),(2342,'K金戒指',0,201,0,'','','',NULL,'2066057c68d171da21.jpg'),(2343,'K金耳饰',0,201,0,'','','',NULL,'1942057c68d1730105.jpg'),(2344,'铂金项链/吊坠',0,202,0,'','','',NULL,'3223357c68d173d989.jpg'),(2345,'铂金手镯/手链/脚链',0,202,0,'','','',NULL,'3017557c68d174d408.jpg'),(2346,'铂金戒指',0,202,0,'','','',NULL,'1474457c68d1759f50.jpg'),(2347,'铂金耳饰',0,202,0,'','','',NULL,'1070457c68d176966f.jpg'),(2348,'投资金',0,203,0,'','','',NULL,'1137657c68d1778fd2.jpg'),(2349,'投资银',0,203,0,'','','',NULL,'2314357c68d1789faa.jpg'),(2350,'投资收藏',0,203,0,'','','',NULL,'2455657c68d1799e59.jpg'),(2351,'天梭',0,204,0,'','','',NULL,'2004857c68d17a96e1.jpg'),(2352,'浪琴',0,204,0,'','','',NULL,'1605857c68d17b65c4.jpg'),(2353,'欧米茄',0,204,0,'','','',NULL,'2084457c68d17c5ef4.jpg'),(2354,'卡地亚',0,204,0,'','','',NULL,'2700257c68d17d4dfd.jpg'),(2355,'劳力士',0,204,0,'','','',NULL,'3201557c68d17e356c.jpg'),(2356,'IWC',0,204,0,'','','',NULL,'268857c68d17f2086.jpg'),(2357,'美度',0,204,0,'','','',NULL,'1415957c68d180d00d.jpg'),(2358,'泰格豪雅',0,204,0,'','','',NULL,'2673457c68d181a728.jpg'),(2359,'汉米尔顿',0,204,0,'','','',NULL,'1884357c68d1827594.jpg'),(2360,'卡西欧',0,204,0,'','','',NULL,'1405657c68d183544d.jpg'),(2361,'精工',0,204,0,'','','',NULL,'1259357c68d18414c3.jpg'),(2362,'西铁城',0,204,0,'','','',NULL,'2399157c68d184dcf8.jpg'),(2363,'ck',0,204,0,'','','',NULL,'824357c68d185a5f7.jpg'),(2364,'斯沃琪',0,204,0,'','','',NULL,'2919157c68d1867010.jpg'),(2365,'李维斯',0,204,0,'','','',NULL,'726757c68d18737af.jpg'),(2366,'天王',0,204,0,'','','',NULL,'1502457c68d1880737.jpg'),(2367,'飞亚达',0,204,0,'','','',NULL,'2069657c68d18990ea.jpg'),(2368,'罗西尼',0,204,0,'','','',NULL,'810157c68d18a6364.jpg'),(2369,'海鸥',0,204,0,'','','',NULL,'463857c68d18b5db4.jpg'),(2370,'依波',0,204,0,'','','',NULL,'972857c68d18c495a.jpg'),(2371,'金仕盾',0,204,0,'','','',NULL,'2064657c68d18d195f.jpg'),(2372,'颂拓',0,204,0,'','','',NULL,'2592157c68d18e093d.jpg'),(2373,'佳明',0,204,0,'','','',NULL,'2136557c68d18f2ca5.jpg'),(2374,'宜准',0,204,0,'','','',NULL,'198357c68d190c81a.jpg'),(2375,'0-6个月',0,205,0,'','','',NULL,'957357c68d191bebd.jpg'),(2376,'6-12个月',0,205,0,'','','',NULL,'1416557c68d1928b1b.jpg'),(2377,'1-3岁',0,205,0,'','','',NULL,'1267957c68d193556d.jpg'),(2378,'3-6岁',0,205,0,'','','',NULL,'841057c68d1941d75.jpg'),(2379,'6-14岁',0,205,0,'','','',NULL,'1212457c68d1953331.jpg'),(2380,'14岁以上',0,205,0,'','','',NULL,'1942057c68d19618db.jpg'),(2381,'早教启智',0,206,0,'','','',NULL,'1791357c68d19807cf.jpg'),(2382,'健身架',0,206,0,'','','',NULL,'1272857c68d198d7df.jpg'),(2383,'摇铃/床铃',0,206,0,'','','',NULL,'1776557c68d199ccd5.jpg'),(2384,'拖拉玩具',0,206,0,'','','',NULL,'564857c68d19a9e58.jpg'),(2385,'遥控车',0,207,0,'','','',NULL,'400457c68d19bae3f.jpg'),(2386,'遥控飞机',0,207,0,'','','',NULL,'2972557c68d19ca5df.jpg'),(2387,'遥控船',0,207,0,'','','',NULL,'2234357c68d19d850a.jpg'),(2388,'机器人',0,207,0,'','','',NULL,'1215257c68d19e945a.jpg'),(2389,'轨道/助力',0,207,0,'','','',NULL,'1831457c68d1a047d7.jpg'),(2390,'立体拼插',0,208,0,'','','',NULL,'2772757c68d1a115b1.jpg'),(2391,'积木',0,208,0,'','','',NULL,'262357c68d1a20c35.jpg'),(2392,'拼图',0,208,0,'','','',NULL,'2102657c68d1a2d548.jpg'),(2393,'磁力棒',0,208,0,'','','',NULL,'52757c68d1a3975d.jpg'),(2394,'毛绒/布艺',0,209,0,'','','',NULL,'2188057c68d1a466c7.jpg'),(2395,'靠垫/抱枕',0,209,0,'','','',NULL,'99257c68d1a5399d.jpg'),(2396,'爬行垫/毯',0,210,0,'','','',NULL,'1847857c68d1a628ea.jpg'),(2397,'户外玩具',0,210,0,'','','',NULL,'2877457c68d1a710eb.jpg'),(2398,'戏水玩具',0,210,0,'','','',NULL,'1159657c68d1a888e8.jpg'),(2399,'炫舞毯',0,210,0,'','','',NULL,'2230257c68d1a95a55.jpg'),(2400,'芭比娃娃',0,211,0,'','','',NULL,'2983657c68d1aa2722.jpg'),(2401,'卡通娃娃',0,211,0,'','','',NULL,'2208957c68d1aaf447.jpg'),(2402,'智能娃娃',0,211,0,'','','',NULL,'893957c68d1ac12c1.jpg'),(2403,'仿真模型',0,212,0,'','','',NULL,'1834157c68d1acdfd1.jpg'),(2404,'拼插模型',0,212,0,'','','',NULL,'2278957c68d1ada35e.jpg'),(2405,'收藏爱好',0,212,0,'','','',NULL,'202957c68d1aead08.jpg'),(2406,'电影周边',0,213,0,'','','',NULL,'2791357c68d1b02f45.jpg'),(2407,'卡通周边',0,213,0,'','','',NULL,'2238357c68d1b0f511.jpg'),(2408,'网游周边',0,213,0,'','','',NULL,'1574457c68d1b1bac8.jpg'),(2409,'情景玩具',0,214,0,'','','',NULL,'107757c68d1b28556.jpg'),(2410,'绘画工具',0,214,0,'','','',NULL,'1927657c68d1b36856.jpg'),(2411,'手工彩泥',0,214,0,'','','',NULL,'2114157c68d1b4678c.jpg'),(2412,'减压玩具',0,215,0,'','','',NULL,'2367857c68d1b58153.jpg'),(2413,'创意玩具',0,215,0,'','','',NULL,'3255057c68d1b67ef4.jpg'),(2414,'钢琴',0,216,0,'','','',NULL,'1406957c68d1b76be0.jpg'),(2415,'电子琴/电钢琴',0,216,0,'','','',NULL,'1981357c68d1b83b9d.jpg'),(2416,'手风琴',0,216,0,'','','',NULL,'1456857c68d1b9321b.jpg'),(2417,'吉他/尤克里里',0,216,0,'','','',NULL,'2882757c68d1be151c.jpg'),(2418,'民族管弦乐器',0,216,0,'','','',NULL,'173157c68d1beeeb9.jpg'),(2419,'西洋管弦',0,216,0,'','','',NULL,'1861457c68d1c0b9b6.jpg'),(2420,'口琴/口风琴/竖笛',0,216,0,'','','',NULL,'26657c68d1c18480.jpg'),(2421,'打击乐器',0,216,0,'','','',NULL,'3154557c68d1c24c21.jpg'),(2422,'乐器配件',0,216,0,'','','',NULL,'258057c68d1c31a6d.jpg'),(2423,'电脑音乐',0,216,0,'','','',NULL,'2879257c68d1c3e8c7.jpg'),(2424,'工艺礼品乐器',0,216,0,'','','',NULL,'892757c68d1c4b004.jpg'),(2425,'超值内衣',0,217,0,'','','',NULL,'1629457c68d1c5b044.jpg'),(2426,'自营内衣',0,217,0,'','','',NULL,'2439857c68d1c67f8f.jpg'),(2427,'大牌眼镜周',0,217,0,'','','',NULL,'1038357c68d1c784d2.jpg'),(2428,'文胸',0,218,0,'','','',NULL,'3009557c68d1c85574.jpg'),(2429,'无钢圈文胸',0,218,0,'','','',NULL,'2866257c68d1c91e70.jpg'),(2430,'聚拢文胸',0,218,0,'','','',NULL,'242957c68d1c9e2e1.jpg'),(2431,'光面文胸',0,218,0,'','','',NULL,'2352257c68d1caaa9c.jpg'),(2432,'少女文胸',0,218,0,'','','',NULL,'722257c68d1cb7826.jpg'),(2433,'运动文胸',0,218,0,'','','',NULL,'1418257c68d1cc430f.jpg'),(2434,'女士睡衣',0,218,0,'','','',NULL,'236657c68d1cd3669.jpg'),(2435,'男士睡衣',0,218,0,'','','',NULL,'1681457c68d1ce1412.jpg'),(2436,'真丝睡衣',0,218,0,'','','',NULL,'151157c68d1cee5ee.jpg'),(2437,'睡裙',0,218,0,'','','',NULL,'1902157c68d1d0889f.jpg'),(2438,'睡袍',0,218,0,'','','',NULL,'3196357c68d1d17773.jpg'),(2439,'情侣睡衣',0,218,0,'','','',NULL,'336157c68d1d26b0c.jpg'),(2440,'男士内裤',0,218,0,'','','',NULL,'1201757c68d1d333f2.jpg'),(2441,'女士内裤',0,218,0,'','','',NULL,'1287957c68d1d423d1.jpg'),(2442,'无痕内裤',0,218,0,'','','',NULL,'299957c68d1d4f617.jpg'),(2443,'莫代尔内裤',0,218,0,'','','',NULL,'1514057c68d1d5c47d.jpg'),(2444,'纯棉内裤',0,218,0,'','','',NULL,'188857c68d1d68803.jpg'),(2445,'蕾丝内裤',0,218,0,'','','',NULL,'1096457c68d1d75503.jpg'),(2446,'丝袜',0,218,0,'','','',NULL,'842957c68d1d81581.jpg'),(2447,'船袜',0,218,0,'','','',NULL,'2930457c68d1d8e570.jpg'),(2448,'运动袜',0,218,0,'','','',NULL,'890357c68d1d9aa12.jpg'),(2449,'男袜',0,218,0,'','','',NULL,'863257c68d1da9bfe.jpg'),(2450,'女袜',0,218,0,'','','',NULL,'1464457c68d1dba903.jpg'),(2451,'连裤袜',0,218,0,'','','',NULL,'1075657c68d1dc7fd0.jpg'),(2452,'背心',0,218,0,'','','',NULL,'543757c68d1dd84e9.jpg'),(2453,'泳衣',0,218,0,'','','',NULL,'1235757c68d1de8412.png'),(2454,'塑身衣',0,218,0,'','','',NULL,'1843857c68d1e06323.jpg'),(2455,'保暖内衣',0,218,0,'','','',NULL,'241357c68d1e19802.jpg'),(2456,'秋衣秋裤',0,218,0,'','','',NULL,'861457c68d1e2635c.jpg'),(2457,'保暖套装',0,218,0,'','','',NULL,'828657c68d1e337df.jpg'),(2458,'腰间时尚',0,219,0,'','','',NULL,'3072157c68d1e405c9.jpg'),(2459,'轻便晴雨伞',0,219,0,'','','',NULL,'1431257c68d1e4dacf.jpg'),(2460,'配饰自营',0,219,0,'','','',NULL,'747657c68d1e5ae62.jpg'),(2461,'太阳镜',0,220,0,'','','',NULL,'2098857c68d1e6992d.jpg'),(2462,'运动太阳镜',0,220,0,'','','',NULL,'1908557c68d1e7b4ac.jpg'),(2463,'隐形眼镜',0,220,0,'','','',NULL,'340457c68d1e8adaf.jpg'),(2464,'镜架',0,220,0,'','','',NULL,'1130957c68d1e9c9e4.jpg'),(2465,'偏光太阳镜',0,220,0,'','','',NULL,'534357c68d1ea949b.jpg'),(2466,'彩膜太阳镜',0,220,0,'','','',NULL,'2323157c68d1eb6085.jpg'),(2467,'近视太阳镜',0,220,0,'','','',NULL,'2289257c68d1ec36bc.jpg'),(2468,'防辐射眼镜',0,220,0,'','','',NULL,'1534257c68d1ed00f0.jpg'),(2469,'老花镜',0,220,0,'','','',NULL,'1906957c68d1edc500.jpg'),(2470,'复古眼镜',0,220,0,'','','',NULL,'1830157c68d1ee9b18.jpg'),(2471,'遮阳伞/雨伞',0,220,0,'','','',NULL,'1373157c68d1f06432.jpg'),(2472,'遮阳帽',0,220,0,'','','',NULL,'2411257c68d1f13246.jpg'),(2473,'男士腰带/礼盒',0,220,0,'','','',NULL,'2566357c68d1f1fa65.jpg'),(2474,'女士腰带/礼盒',0,220,0,'','','',NULL,'227557c68d1f2c54f.jpg'),(2475,'帆布腰带',0,220,0,'','','',NULL,'529657c68d1f390b1.jpg'),(2476,'棒球帽',0,220,0,'','','',NULL,'2701857c68d1f4d128.jpg'),(2477,'礼帽',0,220,0,'','','',NULL,'458857c68d1f5a8a0.jpg'),(2478,'真丝丝巾',0,220,0,'','','',NULL,'1354257c68d1f71104.jpg'),(2479,'丝巾',0,220,0,'','','',NULL,'122057c68d1f7e93d.jpg'),(2480,'大方巾',0,220,0,'','','',NULL,'82357c68d1f8b2df.jpg'),(2481,'羊毛围巾',0,220,0,'','','',NULL,'1341357c68d1f97c81.jpg'),(2482,'羊绒围巾',0,220,0,'','','',NULL,'3051957c68d1fa42c6.jpg'),(2483,'男士丝巾/围巾',0,220,0,'','','',NULL,'2249057c68d1fb120e.jpg'),(2484,'格子围巾',0,220,0,'','','',NULL,'3023457c68d1fbe435.jpg'),(2485,'纯色围巾',0,220,0,'','','',NULL,'2677257c68d1fcaada.jpg'),(2486,'棉麻围巾',0,220,0,'','','',NULL,'1649057c68d1fd94d0.jpg'),(2487,'羊绒手套',0,220,0,'','','',NULL,'979957c68d1fe5722.jpg'),(2488,'帽子手套套装',0,220,0,'','','',NULL,'3148757c68d2002acd.jpg'),(2489,'真皮手套',0,220,0,'','','',NULL,'1603157c68d201290e.jpg'),(2490,'领带/领结/领带夹',0,220,0,'','','',NULL,'2876057c68d202122b.jpg'),(2491,'毛线/布面料',0,220,0,'','','',NULL,'2446657c68d202edf2.jpg'),(2492,'假领',0,220,0,'','','',NULL,'2205257c68d203cbc0.jpg'),(2493,'汽车座垫',0,221,0,'','','',NULL,'2902557c68d20498c7.jpg'),(2494,'行车记录仪',0,221,0,'','','',NULL,'3270657c68d205766c.jpg'),(2495,'机油',0,221,0,'','','',NULL,'2394157c68d20666fc.jpg'),(2496,'洗车水枪',0,221,0,'','','',NULL,'2815257c68d207353d.jpg'),(2497,'应急救援',0,221,0,'','','',NULL,'1282657c68d2084114.png'),(2498,'轮胎',0,221,0,'','','',NULL,'2795957c68d209065a.jpg'),(2499,'京东车管家',0,222,0,'','','',NULL,'1165257c68d209cb2a.jpg'),(2500,'加油充值',0,222,0,'','','',NULL,'1616257c68d20abb55.jpg'),(2501,'爱车生活',0,222,0,'','','',NULL,'2365357c68d20b8297.jpg'),(2502,'微型车',0,223,0,'','','',NULL,'2898357c68d20c4cec.jpg'),(2503,'小型车',0,223,0,'','','',NULL,'105457c68d20d121f.jpg'),(2504,'紧凑型车',0,223,0,'','','',NULL,'2093357c68d20ded0a.jpg'),(2505,'中型车',0,223,0,'','','',NULL,'983557c68d20edadb.jpg'),(2506,'中大型车',0,223,0,'','','',NULL,'1576857c68d2109964.jpg'),(2507,'豪华车',0,223,0,'','','',NULL,'381057c68d21199ab.jpg'),(2508,'SUV',0,223,0,'','','',NULL,'512257c68d2126a3c.jpg'),(2509,'MPV',0,223,0,'','','',NULL,'853557c68d21359fa.jpg'),(2510,'跑车',0,223,0,'','','',NULL,'1949757c68d214b8d6.jpg'),(2511,'面包车',0,223,0,'','','',NULL,'626057c68d2158e5e.jpg'),(2512,'二手车',0,223,0,'','','',NULL,'1580757c68d2165f7f.png'),(2513,'导航仪',0,224,0,'','','',NULL,'769057c68d2171f39.jpg'),(2514,'安全预警仪',0,224,0,'','','',NULL,'15057c68d217e459.jpg'),(2515,'行车记录仪',0,224,0,'','','',NULL,'1302457c68d218d172.jpg'),(2516,'倒车雷达',0,224,0,'','','',NULL,'861557c68d219a0bc.jpg'),(2517,'蓝牙设备',0,224,0,'','','',NULL,'1895957c68d21a688b.jpg'),(2518,'车载影音',0,224,0,'','','',NULL,'858757c68d21b43fd.jpg'),(2519,'净化器',0,224,0,'','','',NULL,'2359757c68d21c340c.jpg'),(2520,'电源',0,224,0,'','','',NULL,'395457c68d21cfa97.jpg'),(2521,'智能驾驶',0,224,0,'','','',NULL,'635357c68d21dce54.jpg'),(2522,'冰箱',0,224,0,'','','',NULL,'2793257c68d21ebd96.jpg'),(2523,'车载电台',0,224,0,'','','',NULL,'2079057c68d2204494.jpg'),(2524,'车载电器配件',0,224,0,'','','',NULL,'1111157c68d2211875.jpg'),(2525,'吸尘器',0,224,0,'','','',NULL,'1972357c68d221e15d.jpg'),(2526,'智能车机',0,224,0,'','','',NULL,'1955757c68d222a9fa.jpg'),(2527,'汽车音响',0,224,0,'','','',NULL,'69357c68d2236c6b.jpg'),(2528,'车载生活电器',0,224,0,'','','',NULL,'2435157c68d224338b.jpg'),(2529,'机油',0,225,0,'','','',NULL,'1395357c68d22501ec.jpg'),(2530,'添加剂',0,225,0,'','','',NULL,'2724557c68d225cb9c.jpg'),(2531,'汽车喇叭',0,225,0,'','','',NULL,'2473757c68d2269a7a.jpg'),(2532,'防冻液',0,225,0,'','','',NULL,'1831557c68d22764dc.jpg'),(2533,'滤清器',0,225,0,'','','',NULL,'3070257c68d22854d4.jpg'),(2534,'火花塞',0,225,0,'','','',NULL,'1288157c68d22920ff.jpg'),(2535,'柴机油/辅助油',0,225,0,'','','',NULL,'2860257c68d22a4554.jpg'),(2536,'雨刷',0,225,0,'','','',NULL,'1746557c68d22b57a4.jpg'),(2537,'车灯',0,225,0,'','','',NULL,'2694157c68d22c3c40.jpg'),(2538,'后视镜',0,225,0,'','','',NULL,'3087857c68d22d1c4c.jpg'),(2539,'轮胎',0,225,0,'','','',NULL,'2390657c68d22dfe7c.jpg'),(2540,'轮毂',0,225,0,'','','',NULL,'302657c68d22ef294.jpg'),(2541,'刹车片/盘',0,225,0,'','','',NULL,'2713157c68d2307c92.jpg'),(2542,'维修配件',0,225,0,'','','',NULL,'2150257c68d231b2fb.jpg'),(2543,'蓄电池',0,225,0,'','','',NULL,'145457c68d232a718.jpg'),(2544,'底盘装甲/护板',0,225,0,'','','',NULL,'2711257c68d2336e2a.jpg'),(2545,'贴膜',0,225,0,'','','',NULL,'1434957c68d2344eb4.jpg'),(2546,'汽修工具',0,225,0,'','','',NULL,'2690357c68d2352912.jpg'),(2547,'改装配件',0,225,0,'','','',NULL,'812557c68d235fbb0.jpg'),(2548,'车蜡',0,226,0,'','','',NULL,'254257c68d236cd5a.jpg'),(2549,'补漆笔',0,226,0,'','','',NULL,'783857c68d237965c.jpg'),(2550,'玻璃水',0,226,0,'','','',NULL,'1169657c68d2389115.jpg'),(2551,'清洁剂',0,226,0,'','','',NULL,'109657c68d2397d73.jpg'),(2552,'洗车工具',0,226,0,'','','',NULL,'2957657c68d23a438d.jpg'),(2553,'镀晶镀膜',0,226,0,'','','',NULL,'444457c68d23b11ee.jpg'),(2554,'打蜡机',0,226,0,'','','',NULL,'2638957c68d23c302c.jpg'),(2555,'洗车配件',0,226,0,'','','',NULL,'1701957c68d23d70c8.jpg'),(2556,'洗车机',0,226,0,'','','',NULL,'717457c68d23e3af9.jpg'),(2557,'洗车水枪',0,226,0,'','','',NULL,'202057c68d23f0baf.jpg'),(2558,'毛巾掸子',0,226,0,'','','',NULL,'2655757c68d240a975.jpg'),(2559,'脚垫',0,227,0,'','','',NULL,'3046757c68d241a276.jpg'),(2560,'座垫',0,227,0,'','','',NULL,'1258657c68d242682f.jpg'),(2561,'座套',0,227,0,'','','',NULL,'1164257c68d243744f.jpg'),(2562,'后备箱垫',0,227,0,'','','',NULL,'2052357c68d244f304.jpg'),(2563,'头枕腰靠',0,227,0,'','','',NULL,'650557c68d245cab1.jpg'),(2564,'方向盘套',0,227,0,'','','',NULL,'30657c68d246bdf7.jpg'),(2565,'香水',0,227,0,'','','',NULL,'1459057c68d247f7e0.jpg'),(2566,'空气净化',0,227,0,'','','',NULL,'2229057c68d248d853.jpg'),(2567,'挂件摆件',0,227,0,'','','',NULL,'1321457c68d249a871.jpg'),(2568,'功能小件',0,227,0,'','','',NULL,'923457c68d24a7962.jpg'),(2569,'车身装饰件',0,227,0,'','','',NULL,'28357c68d24b95a1.jpg'),(2570,'车衣',0,227,0,'','','',NULL,'2374057c68d24c5aa6.jpg'),(2571,'安全座椅',0,228,0,'','','',NULL,'1429557c68d24d2465.jpg'),(2572,'胎压监测',0,228,0,'','','',NULL,'1894657c68d24def6f.jpg'),(2573,'防盗设备',0,228,0,'','','',NULL,'838657c68d24ebae0.jpg'),(2574,'应急救援',0,228,0,'','','',NULL,'1988457c68d2503718.jpg'),(2575,'保温箱',0,228,0,'','','',NULL,'2677857c68d2511d13.jpg'),(2576,'摩托车',0,228,0,'','','',NULL,'2130457c68d2520fad.jpg'),(2577,'充气泵',0,228,0,'','','',NULL,'1634357c68d252d60a.jpg'),(2578,'储物箱',0,228,0,'','','',NULL,'627557c68d253f75d.jpg'),(2579,'自驾野营',0,228,0,'','','',NULL,'181757c68d254f77c.jpg'),(2580,'摩托车装备',0,228,0,'','','',NULL,'536757c68d255dca3.jpg'),(2581,'清洗美容',0,229,0,'','','',NULL,'2154657c68d256fa44.png'),(2582,'功能升级',0,229,0,'','','',NULL,'1513657c68d257f480.png'),(2583,'保养维修',0,229,0,'','','',NULL,'1529657c68d258eb8a.png'),(2584,'加油卡',0,229,0,'','','',NULL,'2861657c68d259a787.jpg'),(2585,'油卡充值',0,229,0,'','','',NULL,'2832857c68d25a6a6b.jpg'),(2586,'内地男歌手',0,230,0,'','','',NULL,'1101957c68d25b3a1a.jpg'),(2587,'内地女歌手',0,230,0,'','','',NULL,'2791457c68d25c8dfe.jpg'),(2588,'欧美女歌手',0,230,0,'','','',NULL,'692057c68d25d9488.jpg'),(2589,'日韩组合',0,230,0,'','','',NULL,'2683557c68d25e5ea6.jpg'),(2590,'汽车音乐',0,230,0,'','','',NULL,'744457c68d2600cf3.jpg'),(2591,'HIFI流行',0,230,0,'','','',NULL,'3087257c68d260de8b.jpg'),(2592,'HIFI民族',0,230,0,'','','',NULL,'1885057c68d261df17.jpg'),(2593,'进口音乐会',0,230,0,'','','',NULL,'164757c68d262ac04.jpg'),(2594,'古典合辑',0,230,0,'','','',NULL,'2872757c68d263b4b4.jpg'),(2595,'班德瑞',0,230,0,'','','',NULL,'64457c68d264e85f.jpg'),(2596,'轻音乐',0,230,0,'','','',NULL,'310257c68d265c197.jpg'),(2597,'佛教音乐',0,230,0,'','','',NULL,'2444657c68d266888b.jpg'),(2598,'文化创意',0,231,0,'','','',NULL,'1632357c68d2678032.jpg'),(2599,'文房用品/文具',0,231,0,'','','',NULL,'2021157c68d2678cfa.jpg'),(2600,'居家日用',0,231,0,'','','',NULL,'508357c68d2679777.jpg'),(2601,'书法/绘画',0,231,0,'','','',NULL,'983957c68d267a299.jpg'),(2602,'时尚娱乐',0,231,0,'','','',NULL,'2476457c68d267afc8.jpg'),(2603,'其他文娱周边',0,231,0,'','','',NULL,'2301757c68d267bfec.jpg'),(2604,'影视/娱乐节目同款',0,231,0,'','','',NULL,'1525657c68d267cb8e.jpg'),(2605,'文化生活',0,231,0,'','','',NULL,'782757c68d267d3f9.jpg'),(2606,'形象设计',0,231,0,'','','',NULL,'2009357c68d267dfa5.jpg'),(2607,'创意DIY',0,231,0,'','','',NULL,'854657c68d267e894.jpg'),(2608,'明星代言',0,231,0,'','','',NULL,'3103357c68d267f0f9.jpg'),(2609,'组合/乐队',0,232,0,'','','',NULL,'2222457c68d267fb33.jpg'),(2610,'合集',0,232,0,'','','',NULL,'1910557c68d2680b2c.jpg'),(2611,'男歌手',0,233,0,'','','',NULL,'2191857c68d26813b3.jpg'),(2612,'女歌手',0,233,0,'','','',NULL,'736857c68d2681ce1.jpg'),(2613,'组合/乐队',0,233,0,'','','',NULL,'3189757c68d26828dd.jpg'),(2614,'合集',0,233,0,'','','',NULL,'1334857c68d2683f65.jpg'),(2615,'男歌手',0,234,0,'','','',NULL,'2553257c68d268551f.jpg'),(2616,'组合/乐队',0,234,0,'','','',NULL,'18757c68d2685f13.jpg'),(2617,'合集',0,234,0,'','','',NULL,'2332557c68d26867f6.jpg'),(2618,'男歌手',0,235,0,'','','',NULL,'2298257c68d2687088.jpg'),(2619,'女歌手',0,235,0,'','','',NULL,'372257c68d26878c9.jpg'),(2620,'合集',0,235,0,'','','',NULL,'395757c68d26881ef.jpg'),(2621,'HiFi试音',0,236,0,'','','',NULL,'2323157c68d2688e42.jpg'),(2622,'纯音乐',0,236,0,'','','',NULL,'1937657c68d2689703.jpg'),(2623,'古典',0,236,0,'','','',NULL,'246057c68d268a1fe.jpg'),(2624,'爵士',0,236,0,'','','',NULL,'1691157c68d268ac37.jpg'),(2625,'舞曲',0,236,0,'','','',NULL,'531957c68d268bc68.jpg'),(2626,'休闲',0,236,0,'','','',NULL,'2876257c68d268d282.jpg'),(2627,'其他',0,236,0,'','','',NULL,'1909957c68d268de6a.jpg'),(2628,'交响乐',0,237,0,'','','',NULL,'3183157c68d268e74d.jpg'),(2629,'室内乐',0,237,0,'','','',NULL,'2031157c68d268f068.jpg'),(2630,'协奏曲',0,237,0,'','','',NULL,'2474857c68d268f8d1.jpg'),(2631,'奏鸣曲',0,237,0,'','','',NULL,'124857c68d269017f.jpg'),(2632,'芭蕾/舞剧',0,237,0,'','','',NULL,'2716157c68d2690c74.jpg'),(2633,'歌剧/声乐',0,237,0,'','','',NULL,'3011257c68d2691561.jpg'),(2634,'Newage新世纪音乐',0,237,0,'','','',NULL,'2032457c68d2691db8.jpg'),(2635,'爵士',0,237,0,'','','',NULL,'83357c68d2692741.jpg'),(2636,'流行',0,237,0,'','','',NULL,'1679857c68d2692fed.jpg'),(2637,'拉丁',0,237,0,'','','',NULL,'2466157c68d2693acf.jpg'),(2638,'摇滚',0,237,0,'','','',NULL,'3269557c68d26945bf.jpg'),(2639,'民族音乐',0,237,0,'','','',NULL,'2154757c68d2694f40.jpg'),(2640,'休闲音乐',0,237,0,'','','',NULL,'395557c68d26956de.jpg'),(2641,'影视原声',0,237,0,'','','',NULL,'60857c68d2696260.jpg'),(2642,'宗教音乐',0,237,0,'','','',NULL,'389957c68d2696b72.jpg'),(2643,'其他',0,237,0,'','','',NULL,'3173057c68d269744a.jpg'),(2644,'音乐会',0,238,0,'','','',NULL,'2852357c68d2697bb1.jpg'),(2645,'交响乐',0,238,0,'','','',NULL,'1992557c68d26982af.jpg'),(2646,'室内乐',0,238,0,'','','',NULL,'589257c68d2698c41.jpg'),(2647,'协奏曲',0,238,0,'','','',NULL,'854857c68d2699455.jpg'),(2648,'管弦乐',0,238,0,'','','',NULL,'2224757c68d2699b8b.jpg'),(2649,'奏鸣曲',0,238,0,'','','',NULL,'2589257c68d269a2f7.jpg'),(2650,'独奏曲',0,238,0,'','','',NULL,'2663757c68d269aba3.jpg'),(2651,'芭蕾/舞剧',0,238,0,'','','',NULL,'2678857c68d269b593.jpg'),(2652,'歌剧/声乐',0,238,0,'','','',NULL,'2158957c68d269c205.jpg'),(2653,'其他',0,238,0,'','','',NULL,'2779457c68d269cb55.jpg'),(2654,'爵士',0,239,0,'','','',NULL,'2633057c68d269d43e.jpg'),(2655,'蓝调',0,239,0,'','','',NULL,'2872657c68d269dbdd.jpg'),(2656,'Newage新世纪音乐',0,240,0,'','','',NULL,'2661557c68d269e2ff.jpg'),(2657,'养生放松',0,240,0,'','','',NULL,'407457c68d269ea4e.jpg'),(2658,'风潮音乐',0,240,0,'','','',NULL,'1903657c68d269f246.jpg'),(2659,'瑜伽音乐',0,240,0,'','','',NULL,'930257c68d269fb32.jpg'),(2660,'神秘园',0,240,0,'','','',NULL,'2301457c68d26a033d.jpg'),(2661,'星座音乐',0,240,0,'','','',NULL,'420757c68d26a0cb7.jpg'),(2662,'世界音乐',0,240,0,'','','',NULL,'1691757c68d26a15cb.jpg'),(2663,'聆听大自然',0,240,0,'','','',NULL,'2369457c68d26a21d5.jpg'),(2664,'其他',0,240,0,'','','',NULL,'1263057c68d26a2ea7.jpg'),(2665,'民歌',0,241,0,'','','',NULL,'2843857c68d26a409f.jpg'),(2666,'民乐',0,241,0,'','','',NULL,'1830157c68d26a4ba2.jpg'),(2667,'红歌',0,241,0,'','','',NULL,'3059957c68d26a631f.jpg'),(2668,'军旅音乐',0,241,0,'','','',NULL,'1257157c68d26a8b6d.jpg'),(2669,'其他',0,241,0,'','','',NULL,'177857c68d26aa173.jpg'),(2670,'中国摇滚',0,242,0,'','','',NULL,'784357c68d26ab511.jpg'),(2671,'流行摇滚',0,242,0,'','','',NULL,'2691257c68d26ac871.jpg'),(2672,'英式',0,242,0,'','','',NULL,'3210957c68d26ad755.jpg'),(2673,'朋克',0,242,0,'','','',NULL,'1124857c68d26ae53b.jpg'),(2674,'重金属/硬摇滚',0,242,0,'','','',NULL,'1896757c68d26af16f.jpg'),(2675,'前卫摇滚',0,242,0,'','','',NULL,'2834957c68d26bc995.jpg'),(2676,'雷鬼',0,242,0,'','','',NULL,'2020057c68d26bf216.jpg'),(2677,'灵魂摇滚',0,242,0,'','','',NULL,'864457c68d26c04f8.jpg'),(2678,'古典摇滚',0,242,0,'','','',NULL,'3021657c68d26c1c00.jpg'),(2679,'曲艺',0,243,0,'','','',NULL,'2403357c68d26c51d9.jpg'),(2680,'特色分类',0,243,0,'','','',NULL,'2223057c68d26c8bf5.jpg'),(2681,'戏曲',0,243,0,'','','',NULL,'3254757c68d26cc5ab.jpg'),(2682,'相声',0,243,0,'','','',NULL,'785057c68d26cf3de.jpg'),(2683,'珍藏套装',0,243,0,'','','',NULL,'1664057c68d26d0446.jpg'),(2684,'电视原声',0,244,0,'','','',NULL,'1451357c68d26d35c2.jpg'),(2685,'电影原声',0,244,0,'','','',NULL,'2078757c68d26d5048.jpg'),(2686,'动漫音乐',0,244,0,'','','',NULL,'3017057c68d26d67ba.jpg'),(2687,'影视音乐合集',0,244,0,'','','',NULL,'1396657c68d26d76ce.jpg'),(2688,'其他',0,244,0,'','','',NULL,'1558857c68d26d8842.jpg'),(2689,'器乐',0,245,0,'','','',NULL,'492857c68d26debf0.jpg'),(2690,'声乐',0,245,0,'','','',NULL,'1946157c68d26e11b2.jpg'),(2691,'音乐考级',0,245,0,'','','',NULL,'1801257c68d26e5844.jpg'),(2692,'百科',0,246,0,'','','',NULL,'840257c68d26e78d6.jpg'),(2693,'国学',0,246,0,'','','',NULL,'2014457c68d26e888b.jpg'),(2694,'诗歌',0,246,0,'','','',NULL,'7057c68d26e9407.jpg'),(2695,'小说',0,246,0,'','','',NULL,'848457c68d26e9de2.jpg'),(2696,'其他',0,246,0,'','','',NULL,'1026557c68d26eade2.jpg'),(2697,'基督教音乐',0,247,0,'','','',NULL,'3052157c68d26eb79f.jpg'),(2698,'其他宗教音乐',0,247,0,'','','',NULL,'1531057c68d26ec080.jpg'),(2699,'庆典音乐',0,247,0,'','','',NULL,'3235557c68d26ec9e6.jpg'),(2700,'补肾壮阳',0,248,0,'','','',NULL,'2127257c68d26ed286.jpg'),(2701,'补气养血',0,248,0,'','','',NULL,'2235357c68d2705515.jpg'),(2702,'肠胃消化',0,248,0,'','','',NULL,'3188157c68d2711f0c.jpg'),(2703,'风湿骨外伤',0,248,0,'','','',NULL,'317457c68d271f6ec.jpg'),(2704,'维矿物质',0,248,0,'','','',NULL,'2423957c68d2730ee7.jpg'),(2705,'皮肤用药',0,248,0,'','','',NULL,'842257c68d27426fe.jpg'),(2706,'男科/泌尿',0,248,0,'','','',NULL,'1305557c68d27512fc.jpg'),(2707,'妇科用药',0,248,0,'','','',NULL,'989657c68d2763d72.jpg'),(2708,'儿科用药',0,248,0,'','','',NULL,'2899757c68d276fa21.jpg'),(2709,'眼科用药',0,248,0,'','','',NULL,'3028857c68d277c80b.jpg'),(2710,'耳鼻喉用药',0,248,0,'','','',NULL,'3058457c68d278939a.jpg'),(2711,'口腔用药',0,248,0,'','','',NULL,'1801157c68d279560e.jpg'),(2712,'感冒咳嗽',0,248,0,'','','',NULL,'641657c68d27a2175.jpg'),(2713,'避孕用药',0,248,0,'','','',NULL,'3264457c68d27b3b22.jpg'),(2714,'止痛镇痛',0,248,0,'','','',NULL,'675557c68d27c0450.jpg'),(2715,'心脑血管',0,248,0,'','','',NULL,'2490157c68d27cffb3.jpg'),(2716,'肝胆用药',0,248,0,'','','',NULL,'3265657c68d27de0cd.jpg'),(2717,'蛋白质',0,249,0,'','','',NULL,'2445857c68d27f06e4.jpg'),(2718,'玛咖',0,249,0,'','','',NULL,'511257c68d280be30.jpg'),(2719,'胶原蛋白',0,249,0,'','','',NULL,'1095757c68d281b31d.jpg'),(2720,'葡萄籽',0,249,0,'','','',NULL,'3030157c68d282754e.png'),(2721,'左旋肉碱',0,249,0,'','','',NULL,'772957c68d2835cfe.png'),(2722,'酵素',0,249,0,'','','',NULL,'591757c68d284338b.jpg'),(2723,'益生菌',0,249,0,'','','',NULL,'2747857c68d285fbab.png'),(2724,'维生素/矿物质',0,249,0,'','','',NULL,'1667557c68d287170e.jpg'),(2725,'鱼油/磷脂',0,249,0,'','','',NULL,'2304157c68d287e52a.jpg'),(2726,'美容养颜',0,250,0,'','','',NULL,'1933457c68d288adb0.jpg'),(2727,'调节免疫',0,250,0,'','','',NULL,'2503557c68d2899b2a.jpg'),(2728,'骨骼健康',0,250,0,'','','',NULL,'1661957c68d28a890c.jpg'),(2729,'调节三高',0,250,0,'','','',NULL,'2212957c68d28b54a2.jpg'),(2730,'肠胃养护',0,250,0,'','','',NULL,'2947357c68d28c43fc.jpg'),(2731,'肝肾养护',0,250,0,'','','',NULL,'2546757c68d28d384a.jpg'),(2732,'美体塑身',0,250,0,'','','',NULL,'2575657c68d28e4f66.jpg'),(2733,'缓解疲劳',0,250,0,'','','',NULL,'1493857c68d28f24d0.jpg'),(2734,'改善睡眠',0,250,0,'','','',NULL,'3243357c68d290d760.jpg'),(2735,'孕期营养',0,250,0,'','','',NULL,'1181657c68d291a23b.png'),(2736,'口罩',0,251,0,'','','',NULL,'70557c68d2926045.jpg'),(2737,'眼罩/耳塞',0,251,0,'','','',NULL,'478057c68d2935383.jpg'),(2738,'跌打损伤',0,251,0,'','','',NULL,'2194457c68d29465b7.jpg'),(2739,'暖贴',0,251,0,'','','',NULL,'828257c68d29593ae.jpg'),(2740,'体重秤',0,251,0,'','','',NULL,'14057c68d2968ce9.jpg'),(2741,'鼻喉护理',0,251,0,'','','',NULL,'2800057c68d29764e7.jpg'),(2742,'眼部保健',0,251,0,'','','',NULL,'2191557c68d29829ad.jpg'),(2743,'美体护理',0,251,0,'','','',NULL,'1944957c68d298f655.jpg'),(2744,'护理液',0,251,0,'','','',NULL,'2716357c68d299ce85.jpg'),(2745,'血压计',0,252,0,'','','',NULL,'836557c68d29aa319.jpg'),(2746,'血糖仪',0,252,0,'','','',NULL,'1945757c68d29b7553.jpg'),(2747,'血氧仪',0,252,0,'','','',NULL,'591557c68d29c3da4.jpg'),(2748,'体温计',0,252,0,'','','',NULL,'2457157c68d29d1a66.jpg'),(2749,'隐形眼镜',0,252,0,'','','',NULL,'473557c68d29de61c.jpg'),(2750,'胎心仪',0,252,0,'','','',NULL,'2879657c68d29eaf98.jpg'),(2751,'理疗仪',0,252,0,'','','',NULL,'2434757c68d2a04473.jpg'),(2752,'呼吸制氧',0,252,0,'','','',NULL,'3223557c68d2a13410.jpg'),(2753,'雾化器',0,252,0,'','','',NULL,'515757c68d2a207be.jpg'),(2754,'轮椅',0,252,0,'','','',NULL,'855557c68d2a2db63.jpg'),(2755,'拐杖',0,252,0,'','','',NULL,'2097157c68d2a3b4e8.jpg'),(2756,'中医保健',0,252,0,'','','',NULL,'790657c68d2a4bdc3.jpg'),(2757,'养生器械',0,252,0,'','','',NULL,'980157c68d2a59af4.jpg'),(2758,'家庭护理',0,252,0,'','','',NULL,'2665557c68d2a670c8.jpg'),(2759,'智能健康',0,252,0,'','','',NULL,'2909957c68d2a74f64.jpg'),(2760,'阿胶',0,253,0,'','','',NULL,'878757c68d2a824f3.jpg'),(2761,'冬虫夏草',0,253,0,'','','',NULL,'1463057c68d2a8ed91.jpg'),(2762,'人参/西洋参',0,253,0,'','','',NULL,'210857c68d2a9b735.jpg'),(2763,'燕窝',0,253,0,'','','',NULL,'3033057c68d2aa7f62.jpg'),(2764,'海参',0,253,0,'','','',NULL,'580757c68d2ab4802.jpg'),(2765,'灵芝/孢子粉',0,253,0,'','','',NULL,'1560557c68d2ac85e8.jpg'),(2766,'蜂蜜/蜂产品',0,253,0,'','','',NULL,'777857c68d2ae55de.jpg'),(2767,'枸杞',0,253,0,'','','',NULL,'65257c68d2af279f.jpg'),(2768,'三七',0,253,0,'','','',NULL,'2794857c68d2b0c5e0.jpg'),(2769,'石斛/枫斗',0,253,0,'','','',NULL,'580057c68d2b1bfde.jpg'),(2770,'养生茶饮',0,253,0,'','','',NULL,'462157c68d2b285a8.jpg'),(2771,'药食同源',0,253,0,'','','',NULL,'2367657c68d2b35b4e.jpg'),(2772,'杜蕾斯',0,254,0,'','','',NULL,'685357c68d2b44bc1.jpg'),(2773,'冈本',0,254,0,'','','',NULL,'1967557c68d2b53d67.jpg'),(2774,'杰士邦',0,254,0,'','','',NULL,'2425057c68d2b660d9.jpg'),(2775,'漫渺',0,254,0,'','','',NULL,'918857c68d2b76ea4.jpg'),(2776,'LELO',0,254,0,'','','',NULL,'1907357c68d2b84009.jpg'),(2777,'TENGA',0,254,0,'','','',NULL,'26457c68d2b909e0.jpg'),(2778,'超薄',0,255,0,'','','',NULL,'3079657c68d2b9d533.jpg'),(2779,'持久',0,255,0,'','','',NULL,'1335657c68d2ba9f72.jpg'),(2780,'小号',0,255,0,'','','',NULL,'127357c68d2bb6dbc.jpg'),(2781,'螺纹',0,255,0,'','','',NULL,'229857c68d2bceab8.jpg'),(2782,'果味',0,255,0,'','','',NULL,'2014157c68d2bdc9dc.jpg'),(2783,'大颗粒',0,255,0,'','','',NULL,'1065557c68d2be9436.jpg'),(2784,'飞机杯',0,256,0,'','','',NULL,'2894857c68d2c02d39.jpg'),(2785,'名器',0,256,0,'','','',NULL,'1549257c68d2c0ff2d.jpg'),(2786,'震动环',0,256,0,'','','',NULL,'1349657c68d2c1c6d0.jpg'),(2787,'男用按摩器',0,256,0,'','','',NULL,'1555657c68d2c28e48.jpg'),(2788,'狼牙套',0,256,0,'','','',NULL,'463057c68d2c35c63.jpg'),(2789,'充气娃娃',0,256,0,'','','',NULL,'1931457c68d2c4974f.jpg'),(2790,'震动棒',0,257,0,'','','',NULL,'1186357c68d2c55fba.jpg'),(2791,'AV棒',0,257,0,'','','',NULL,'2660357c68d2c62fef.jpg'),(2792,'跳蛋',0,257,0,'','','',NULL,'994557c68d2c6fa4d.jpg'),(2793,'缩阴球',0,257,0,'','','',NULL,'1222457c68d2c7bac8.jpg'),(2794,'硅胶棒',0,257,0,'','','',NULL,'2711257c68d2c885bb.jpg'),(2795,'转珠棒',0,257,0,'','','',NULL,'282257c68d2c94efe.jpg'),(2796,'热感',0,258,0,'','','',NULL,'367357c68d2ca0fe9.jpg'),(2797,'冰感',0,258,0,'','','',NULL,'410657c68d2cad821.jpg'),(2798,'水溶',0,258,0,'','','',NULL,'2685457c68d2cba292.jpg'),(2799,'连体衣',0,259,0,'','','',NULL,'44257c68d2cc6f01.jpg'),(2800,'吊带裙',0,259,0,'','','',NULL,'2187957c68d2cd642f.jpg'),(2801,'丁字裤',0,259,0,'','','',NULL,'979657c68d2ce3fc7.jpg'),(2802,'排卵试纸',0,260,0,'','','',NULL,'710957c68d2cf1310.jpg'),(2803,'早孕试纸',0,260,0,'','','',NULL,'2450257c68d2d0c20c.jpg'),(2804,'电子验孕棒',0,260,0,'','','',NULL,'2098257c68d2d18e50.jpg'),(2805,'大象',0,261,0,'','','',NULL,'3242757c68d2d2661b.jpg'),(2806,'诺丝',0,261,0,'','','',NULL,'2998157c68d2d32d4c.jpg'),(2807,'GENMU',0,261,0,'','','',NULL,'1824457c68d2d3f697.jpg'),(2808,'诺兰',0,261,0,'','','',NULL,'2836257c68d2d4e467.jpg'),(2809,'EVO',0,261,0,'','','',NULL,'895557c68d2d69100.jpg'),(2810,'COB',0,261,0,'','','',NULL,'1434757c68d2d78742.jpg'),(2811,'春水堂',0,261,0,'','','',NULL,'361357c68d2d8671b.jpg'),(2812,'谜姬',0,261,0,'','','',NULL,'347457c68d2d92dd6.jpg'),(2813,'雷霆',0,261,0,'','','',NULL,'150757c68d2da2199.jpg'),(2814,'观花植物',0,262,0,'','','',NULL,'149357c68d2db71ee.jpg'),(2815,'观叶植物',0,262,0,'','','',NULL,'934657c68d2dc3aae.jpg'),(2816,'多肉植物',0,262,0,'','','',NULL,'854757c68d2dd4bb3.jpg'),(2817,'苗木',0,262,0,'','','',NULL,'1707857c68d2de2fc6.jpg'),(2818,'大田作物类',0,263,0,'','','',NULL,'2836457c68d2df1bc5.jpg'),(2819,'瓜果类',0,263,0,'','','',NULL,'2932057c68d2e0b50a.jpg'),(2820,'蔬菜/菌类',0,263,0,'','','',NULL,'2631157c68d2e18081.jpg'),(2821,'花草林木类',0,263,0,'','','',NULL,'137957c68d2e2460b.jpg'),(2822,'花盆花架',0,264,0,'','','',NULL,'267957c68d2e30abd.jpg'),(2823,'资材',0,264,0,'','','',NULL,'811657c68d2e3d566.jpg'),(2824,'园林机械/工具',0,264,0,'','','',NULL,'2381357c68d2e4ca64.jpg'),(2825,'基质',0,264,0,'','','',NULL,'1194357c68d2e5aeaf.jpg'),(2826,'农机整机',0,264,0,'','','',NULL,'2327757c68d2e68e57.jpg'),(2827,'农技服务',0,264,0,'','','',NULL,'3091957c68d2e771dc.jpg'),(2828,'小型农机具',0,264,0,'','','',NULL,'2576357c68d2e84c96.png'),(2829,'农机配件',0,264,0,'','','',NULL,'217757c68d2e95f05.png'),(2830,'狗粮',0,265,0,'','','',NULL,'3264357c68d2ea73f5.jpg'),(2831,'猫粮',0,265,0,'','','',NULL,'2658757c68d2eb603f.jpg'),(2832,'猫狗罐头',0,265,0,'','','',NULL,'1002657c68d2ec27b2.jpg'),(2833,'猫狗妙鲜包',0,265,0,'','','',NULL,'791157c68d2ece93b.jpg'),(2834,'鱼粮/小宠',0,265,0,'','','',NULL,'3139957c68d2edb507.jpg'),(2835,'肉类零食',0,266,0,'','','',NULL,'1297557c68d2f0595d.jpg'),(2836,'磨牙/洁齿',0,266,0,'','','',NULL,'1130557c68d2f14405.jpg'),(2837,'饼干奶酪',0,266,0,'','','',NULL,'427957c68d2f21304.jpg'),(2838,'猫零食',0,266,0,'','','',NULL,'385257c68d2f2de20.jpg'),(2839,'小宠零食',0,266,0,'','','',NULL,'2950457c68d2f3d26e.jpg'),(2840,'猫狗窝',0,267,0,'','','',NULL,'1625257c68d2f500ea.jpg'),(2841,'食具水具',0,267,0,'','','',NULL,'2788857c68d2f5f178.jpg'),(2842,'猫狗厕所',0,267,0,'','','',NULL,'3072857c68d2f6d61a.jpg'),(2843,'猫砂/尿布',0,267,0,'','','',NULL,'3240957c68d2f7dbbf.jpg'),(2844,'清洁除味',0,267,0,'','','',NULL,'327857c68d2f8a9a9.jpg'),(2845,'笼子/围栏',0,267,0,'','','',NULL,'2870657c68d2f97a7e.jpg'),(2846,'水族世界',0,267,0,'','','',NULL,'31457c68d2fa4df8.jpg'),(2847,'水族世界',0,267,0,'','','',NULL,'1175557c68d2fb6667.jpg'),(2848,'浴液',0,268,0,'','','',NULL,'521357c68d2fcca56.jpg'),(2849,'护毛素',0,268,0,'','','',NULL,'1385957c68d2fdac98.jpg'),(2850,'美容用具',0,268,0,'','','',NULL,'1675157c68d2fe9689.jpg'),(2851,'美容电器',0,268,0,'','','',NULL,'1584057c68d300513a.jpg'),(2852,'发育补钙',0,269,0,'','','',NULL,'2380557c68d3013d31.jpg'),(2853,'护肤美毛',0,269,0,'','','',NULL,'1331657c68d3022802.jpg'),(2854,'肠胃调理',0,269,0,'','','',NULL,'3194257c68d3032064.jpg'),(2855,'奶粉',0,269,0,'','','',NULL,'1438157c68d303f9e1.jpg'),(2856,'宠物驱虫',0,269,0,'','','',NULL,'188857c68d304f3bd.jpg'),(2857,'口/耳/眼清洁',0,269,0,'','','',NULL,'365157c68d30633ee.jpg'),(2858,'皮肤病防治',0,269,0,'','','',NULL,'2920357c68d3072129.jpg'),(2859,'毛绒.绳结',0,270,0,'','','',NULL,'701557c68d307f8a7.jpg'),(2860,'训导玩具',0,270,0,'','','',NULL,'987657c68d308e582.jpg'),(2861,'橡胶玩具',0,270,0,'','','',NULL,'800257c68d309ad68.jpg'),(2862,'猫爬架/猫抓板',0,270,0,'','','',NULL,'601857c68d30ab014.jpg'),(2863,'宠物牵引',0,271,0,'','','',NULL,'1359157c68d30b7ddd.jpg'),(2864,'便携包/笼',0,271,0,'','','',NULL,'46157c68d30c44b2.jpg'),(2865,'服饰',0,271,0,'','','',NULL,'1688857c68d30d3b30.jpg'),(2866,'外出用品',0,271,0,'','','',NULL,'268557c68d30e1fb8.jpg'),(2867,'除草剂',0,272,0,'','','',NULL,'2510457c68d30f0473.jpg'),(2868,'杀菌剂',0,272,0,'','','',NULL,'906157c68d310a84e.jpg'),(2869,'杀虫剂',0,272,0,'','','',NULL,'1354357c68d3118187.jpg'),(2870,'杀螨剂',0,272,0,'','','',NULL,'1403157c68d31250a7.jpg'),(2871,'杀螺剂',0,272,0,'','','',NULL,'1049657c68d313418d.jpg'),(2872,'杀线虫剂',0,272,0,'','','',NULL,'2281757c68d3143a1a.jpg'),(2873,'植物生长调节剂',0,272,0,'','','',NULL,'1057457c68d3152cca.jpg'),(2874,'助剂',0,272,0,'','','',NULL,'3098557c68d315f9e9.png'),(2875,'氮/磷/钾肥',0,273,0,'','','',NULL,'2541457c68d316ba07.jpg'),(2876,'复合肥',0,273,0,'','','',NULL,'248657c68d31780c1.jpg'),(2877,'有机肥',0,273,0,'','','',NULL,'2115157c68d3184ade.jpg'),(2878,'生物菌肥',0,273,0,'','','',NULL,'1642057c68d31911cc.jpg'),(2879,'水溶/叶面肥',0,273,0,'','','',NULL,'2662757c68d31a047c.jpg'),(2880,'全价料',0,274,0,'','','',NULL,'90857c68d31acc54.jpg'),(2881,'浓缩料',0,274,0,'','','',NULL,'261157c68d31bd6c7.jpg'),(2882,'预混料',0,274,0,'','','',NULL,'2928957c68d31caa61.jpg'),(2883,'饲料添加剂',0,274,0,'','','',NULL,'2802057c68d31dbf50.jpg'),(2884,'中兽药',0,275,0,'','','',NULL,'1043357c68d31eab1d.jpg'),(2885,'西兽药',0,275,0,'','','',NULL,'2335757c68d32068f2.jpg'),(2886,'兽医器具',0,276,0,'','','',NULL,'654257c68d32137ad.jpg'),(2887,'生产/运输器具',0,276,0,'','','',NULL,'524757c68d3220ba0.jpg'),(2888,'热门品牌',0,6,0,'','','',NULL,NULL),(2889,'手机通讯',0,6,0,'','','',NULL,NULL),(2890,'运营商',0,6,0,'','','',NULL,NULL),(2891,'手机配件',0,6,0,'','','',NULL,NULL),(2892,'摄影摄像',0,6,0,'','','',NULL,NULL),(2893,'影音娱乐',0,6,0,'','','',NULL,NULL),(2894,'数码配件',0,6,0,'','','',NULL,NULL),(2895,'智能设备',0,6,0,'','','',NULL,NULL),(2896,'电子教育',0,6,0,'','','',NULL,NULL),(2897,'iPhone',0,2888,0,'','','',NULL,'1785057c6a2f0632b1.jpg'),(2898,'小米 ',0,2888,0,'','','',NULL,'1565457c6a2f0734cd.png'),(2899,'荣耀',0,2888,0,'','','',NULL,'847557c6a2f07f46a.jpg'),(2900,'华为',0,2888,0,'','','',NULL,'2835557c6a2f08b76c.jpg'),(2901,'乐视',0,2888,0,'','','',NULL,'2064657c6a2f099953.png'),(2902,'魅族',0,2888,0,'','','',NULL,'2562857c6a2f0a5983.jpg'),(2903,'三星',0,2888,0,'','','',NULL,'2900357c6a2f0b2964.png'),(2904,'OPPO',0,2888,0,'','','',NULL,'2310257c6a2f0be78d.png'),(2905,'360手机',0,2888,0,'','','',NULL,'3080657c6a2f0cac32.jpg'),(2906,'努比亚',0,2888,0,'','','',NULL,'1329257c6a2f0d82d1.jpg'),(2907,'vivo',0,2888,0,'','','',NULL,'754857c6a2f0e738b.png'),(2908,'中兴',0,2888,0,'','','',NULL,'1280057c6a2f0f329c.jpg'),(2909,'手机',0,2889,0,'','','',NULL,'2003857c6a2f10db39.png'),(2910,'对讲机',0,2889,0,'','','',NULL,'1732657c6a2f1195a8.jpg'),(2911,'以旧换新',0,2889,0,'','','',NULL,'1580257c6a2f125e99.jpg'),(2912,'京东维修',0,2889,0,'','','',NULL,'2201157c6a2f1331d2.jpg'),(2913,'合约机',0,2890,0,'','','',NULL,'3135357c6a2f13fd30.png'),(2914,'选号卡',0,2890,0,'','','',NULL,'100757c6a2f14b4be.png'),(2915,'京东网厅',0,2890,0,'','','',NULL,'170957c6a2f156b76.jpg'),(2916,'170靓号',0,2890,0,'','','',NULL,'2182957c6a2f165f34.png'),(2917,'办套餐',0,2890,0,'','','',NULL,'216657c6a2f171f4f.jpg'),(2918,'蓝牙耳机',0,2891,0,'','','',NULL,'2653457c6a2f18a25b.jpg'),(2919,'移动电源',0,2891,0,'','','',NULL,'786957c6a2f197566.jpg'),(2920,'苹果周边',0,2891,0,'','','',NULL,'3243557c6a2f1a3e3b.jpg'),(2921,'手机耳机',0,2891,0,'','','',NULL,'142557c6a2f1b0893.jpg'),(2922,'充电器',0,2891,0,'','','',NULL,'650557c6a2f1bf3da.jpg'),(2923,'手机贴膜',0,2891,0,'','','',NULL,'2008957c6a2f1cb914.jpg'),(2924,'数据线',0,2891,0,'','','',NULL,'2448957c6a2f1d7c55.jpg'),(2925,'手机存储卡',0,2891,0,'','','',NULL,'2161157c6a2f1e4149.jpg'),(2926,'手机电池',0,2891,0,'','','',NULL,'432157c6a2f1f0b36.jpg'),(2927,'手机保护套',0,2891,0,'','','',NULL,'415457c6a2f20a45c.jpg'),(2928,'车载配件',0,2891,0,'','','',NULL,'952057c6a2f2181cd.jpg'),(2929,'创意配件',0,2891,0,'','','',NULL,'2297257c6a2f226543.jpg'),(2930,'手机饰品',0,2891,0,'','','',NULL,'729257c6a2f232bff.jpg'),(2931,'拍照配件',0,2891,0,'','','',NULL,'1715557c6a2f243ad8.jpg'),(2932,'手机支架',0,2891,0,'','','',NULL,'493757c6a2f251846.jpg'),(2933,'单反相机',0,2892,0,'','','',NULL,'2619257c6a2f26109b.jpg'),(2934,'单电/微单相机',0,2892,0,'','','',NULL,'1315357c6a2f27049b.jpg'),(2935,'拍立得',0,2892,0,'','','',NULL,'119657c6a2f27cf42.jpg'),(2936,'数码相机',0,2892,0,'','','',NULL,'166657c6a2f28ce73.jpg'),(2937,'摄像机',0,2892,0,'','','',NULL,'59257c6a2f29b50d.jpg'),(2938,'运动相机',0,2892,0,'','','',NULL,'912957c6a2f2a8276.jpg'),(2939,'镜头',0,2892,0,'','','',NULL,'3052857c6a2f2b5184.jpg'),(2940,'户外器材',0,2892,0,'','','',NULL,'1325457c6a2f2c164f.jpg'),(2941,'影棚器材',0,2892,0,'','','',NULL,'3219557c6a2f2d03d3.jpg'),(2942,'冲印服务',0,2892,0,'','','',NULL,'2887657c6a2f2dcd76.png'),(2943,'耳机/耳麦',0,2893,0,'','','',NULL,'3011557c6a2f2e8a4c.jpg'),(2944,'音箱/音响',0,2893,0,'','','',NULL,'677757c6a2f301c3f.jpg'),(2945,'MP3/MP4',0,2893,0,'','','',NULL,'2722057c6a2f312029.jpg'),(2946,'便携/无线音箱',0,2893,0,'','','',NULL,'3029757c6a2f3203d8.jpg'),(2947,'收音机',0,2893,0,'','','',NULL,'3160857c6a2f330fab.jpg'),(2948,'麦克风',0,2893,0,'','','',NULL,'2374957c6a2f33e2be.jpg'),(2949,'专业音频',0,2893,0,'','','',NULL,'2517457c6a2f34d4e1.jpg'),(2950,'存储卡',0,2894,0,'','','',NULL,'893957c6a2f35b7e5.jpg'),(2951,'读卡器',0,2894,0,'','','',NULL,'1747357c6a2f36975c.jpg'),(2952,'滤镜',0,2894,0,'','','',NULL,'2923057c6a2f379275.jpg'),(2953,'闪光灯/手柄',0,2894,0,'','','',NULL,'1664557c6a2f38a0a4.jpg'),(2954,'相机包',0,2894,0,'','','',NULL,'2440857c6a2f397423.jpg'),(2955,'三脚架/云台',0,2894,0,'','','',NULL,'2605657c6a2f3a469b.jpg'),(2956,'相机清洁/贴膜',0,2894,0,'','','',NULL,'2673357c6a2f3b2ab1.jpg'),(2957,'相机贴膜',0,2894,0,'','','',NULL,'1230357c6a2f3bf892.jpg'),(2958,'机身附件',0,2894,0,'','','',NULL,'3025157c6a2f3cc597.jpg'),(2959,'镜头附件',0,2894,0,'','','',NULL,'2707157c6a2f3d92fc.jpg'),(2960,'电池/充电器',0,2894,0,'','','',NULL,'985157c6a2f3e6403.jpg'),(2961,'数码支架',0,2894,0,'','','',NULL,'1185957c6a2f3f25b2.jpg'),(2962,'智能手环',0,2895,0,'','','',NULL,'392557c6a2f40b548.jpg'),(2963,'智能手表',0,2895,0,'','','',NULL,'1091557c6a2f417c1f.jpg'),(2964,'健康监测',0,2895,0,'','','',NULL,'2609257c6a2f4244e9.jpg'),(2965,'智能家居',0,2895,0,'','','',NULL,'2967257c6a2f430b13.jpg'),(2966,'体感车',0,2895,0,'','','',NULL,'515157c6a2f43d002.jpg'),(2967,'智能眼镜',0,2895,0,'','','',NULL,'3069457c6a2f449729.jpg'),(2968,'运动跟踪器',0,2895,0,'','','',NULL,'2214257c6a2f4563d0.jpg'),(2969,'智能配饰',0,2895,0,'','','',NULL,'2236957c6a2f46348b.jpg'),(2970,'其他配件',0,2895,0,'','','',NULL,'393957c6a2f46f7a9.jpg'),(2971,'智能机器人',0,2895,0,'','','',NULL,'1774057c6a2f47e249.jpg'),(2972,'无人机',0,2895,0,'','','',NULL,'817857c6a2f48c319.jpg'),(2973,'电子词典',0,2896,0,'','','',NULL,'622357c6a2f49c671.jpg'),(2974,'电纸书',0,2896,0,'','','',NULL,'2406057c6a2f4a9c5c.jpg'),(2975,'录音笔',0,2896,0,'','','',NULL,'2703057c6a2f4b8a20.jpg'),(2976,'复读机',0,2896,0,'','','',NULL,'1385057c6a2f4c510b.jpg'),(2977,'点读机/笔',0,2896,0,'','','',NULL,'1306457c6a2f4d5064.jpg'),(2978,'学生平板',0,2896,0,'','','',NULL,'1727557c6a2f4e5b32.jpg'),(2979,'早教益智',0,2896,0,'','','',NULL,'1238257c6a2f4f23ed.jpg');
/*!40000 ALTER TABLE `ms_mall_goods_class_copy` ENABLE KEYS */;
UNLOCK TABLES;

--
-- Table structure for table `ms_mall_goods_extend`
--

DROP TABLE IF EXISTS `ms_mall_goods_extend`;
/*!40101 SET @saved_cs_client     = @@character_set_client */;
/*!40101 SET character_set_client = utf8 */;
CREATE TABLE `ms_mall_goods_extend` (
  `goods_id` int(10) DEFAULT NULL COMMENT '商品id',
  `atv_id` int(10) DEFAULT NULL COMMENT '商品属性id'
) ENGINE=InnoDB DEFAULT CHARSET=utf8 COMMENT='商品扩展表（sku）';
/*!40101 SET character_set_client = @saved_cs_client */;

--
-- Dumping data for table `ms_mall_goods_extend`
--

LOCK TABLES `ms_mall_goods_extend` WRITE;
/*!40000 ALTER TABLE `ms_mall_goods_extend` DISABLE KEYS */;
INSERT INTO `ms_mall_goods_extend` VALUES (3,0),(4,0),(5,0),(6,0),(7,0),(8,0),(9,0),(10,0),(11,0),(12,0),(13,0),(14,0),(15,0),(16,0),(17,0),(18,0),(19,0),(20,0),(21,0),(22,0),(23,0),(24,0),(25,0),(26,0),(27,0),(28,0),(29,0),(30,0),(31,0),(32,0),(33,0),(34,0),(35,0),(36,0),(37,0),(38,0),(39,0),(40,0),(41,0),(42,0),(43,0),(44,0),(45,0),(46,0),(47,0),(1,0),(2,8),(2,9),(2,12),(2,13),(58,0),(57,0),(56,0),(55,0),(63,19),(49,8),(49,12),(49,9),(49,13),(49,10),(49,14),(49,11),(49,15),(62,8),(62,12),(53,0),(60,0),(75,8),(75,14),(75,9),(75,13),(78,19),(78,21);
/*!40000 ALTER TABLE `ms_mall_goods_extend` ENABLE KEYS */;
UNLOCK TABLES;

--
-- Table structure for table `ms_mall_goods_extend_copy`
--

DROP TABLE IF EXISTS `ms_mall_goods_extend_copy`;
/*!40101 SET @saved_cs_client     = @@character_set_client */;
/*!40101 SET character_set_client = utf8 */;
CREATE TABLE `ms_mall_goods_extend_copy` (
  `extend_id` int(10) NOT NULL AUTO_INCREMENT,
  `goods_id` int(10) DEFAULT NULL COMMENT '商品id',
  `atv_id` int(10) DEFAULT NULL COMMENT '商品属性id',
  `add_price` decimal(10,2) DEFAULT '0.00' COMMENT '增加的价格',
  PRIMARY KEY (`extend_id`)
) ENGINE=InnoDB AUTO_INCREMENT=88 DEFAULT CHARSET=utf8 COMMENT='商品扩展表（sku）';
/*!40101 SET character_set_client = @saved_cs_client */;

--
-- Dumping data for table `ms_mall_goods_extend_copy`
--

LOCK TABLES `ms_mall_goods_extend_copy` WRITE;
/*!40000 ALTER TABLE `ms_mall_goods_extend_copy` DISABLE KEYS */;
INSERT INTO `ms_mall_goods_extend_copy` VALUES (3,3,0,0.00),(4,4,0,0.00),(5,5,0,0.00),(6,6,0,0.00),(7,7,0,0.00),(8,8,0,0.00),(9,9,0,0.00),(10,10,0,0.00),(11,11,0,0.00),(12,12,0,0.00),(13,13,0,0.00),(14,14,0,0.00),(15,15,0,0.00),(16,16,0,0.00),(17,17,0,0.00),(18,18,0,0.00),(19,19,0,0.00),(20,20,0,0.00),(21,21,0,0.00),(22,22,0,0.00),(23,23,0,0.00),(24,24,0,0.00),(25,25,0,0.00),(26,26,0,0.00),(27,27,0,0.00),(28,28,0,0.00),(29,29,0,0.00),(30,30,0,0.00),(31,31,0,0.00),(32,32,0,0.00),(33,33,0,0.00),(34,34,0,0.00),(35,35,0,0.00),(36,36,0,0.00),(37,37,0,0.00),(38,38,0,0.00),(39,39,0,0.00),(40,40,0,0.00),(41,41,0,0.00),(42,42,0,0.00),(43,43,0,0.00),(44,44,0,0.00),(45,45,0,0.00),(46,46,0,0.00),(47,47,0,0.00),(51,49,8,0.00),(52,49,12,0.00),(55,51,8,10.00),(56,51,12,12.00),(57,51,13,13.00),(62,1,0,0.00),(65,48,0,0.00),(66,2,8,10.00),(67,2,9,20.00),(68,2,12,10.00),(69,2,13,20.00),(78,53,0,0.00),(79,60,0,0.00),(80,59,0,0.00),(81,58,0,0.00),(82,57,0,0.00),(83,56,0,0.00),(84,55,0,0.00),(85,54,0,0.00),(86,52,8,12.00),(87,52,12,12.00);
/*!40000 ALTER TABLE `ms_mall_goods_extend_copy` ENABLE KEYS */;
UNLOCK TABLES;

--
-- Table structure for table `ms_mall_goods_img`
--

DROP TABLE IF EXISTS `ms_mall_goods_img`;
/*!40101 SET @saved_cs_client     = @@character_set_client */;
/*!40101 SET character_set_client = utf8 */;
CREATE TABLE `ms_mall_goods_img` (
  `goods_id` int(4) NOT NULL COMMENT '商品id',
  `save_name` varchar(100) NOT NULL COMMENT '图片名',
  `save_path` varchar(255) DEFAULT NULL COMMENT '图片路径',
  `is_cover` smallint(1) DEFAULT '0' COMMENT '封面 0 不是 1 是'
) ENGINE=InnoDB DEFAULT CHARSET=utf8 COMMENT='商品图片表';
/*!40101 SET character_set_client = @saved_cs_client */;

--
-- Dumping data for table `ms_mall_goods_img`
--

LOCK TABLES `ms_mall_goods_img` WRITE;
/*!40000 ALTER TABLE `ms_mall_goods_img` DISABLE KEYS */;
INSERT INTO `ms_mall_goods_img` VALUES (1,'215465773629e13c5a.jpg','Mall/Seller/2/Goods/',0),(1,'300195773629e7e58f.jpg','Mall/Seller/2/Goods/',0),(1,'36715773629f013b4.jpg','Mall/Seller/2/Goods/',0),(1,'99045773629f62a5c.jpg','Mall/Seller/2/Goods/',0),(1,'268405773629fc0bf0.jpg','Mall/Seller/2/Goods/',0),(2,'17757577362a0e0ff9.jpg','Mall/Seller/2/Goods/',0),(2,'2140577362a1689bf.jpg','Mall/Seller/2/Goods/',0),(2,'24844577362a1d7d47.jpg','Mall/Seller/2/Goods/',0),(2,'2665577362a264234.jpg','Mall/Seller/2/Goods/',0),(2,'27320577362a2d81f1.jpg','Mall/Seller/2/Goods/',0),(3,'30464577362a4465dc.jpg','Mall/Seller/2/Goods/',0),(3,'27210577362a4bb279.jpg','Mall/Seller/2/Goods/',0),(3,'19984577362a54b1db.jpg','Mall/Seller/2/Goods/',0),(3,'25854577362a5cbda2.jpg','Mall/Seller/2/Goods/',0),(3,'10211577362a652909.jpg','Mall/Seller/2/Goods/',0),(4,'10235577362a7cf6d5.jpg','Mall/Seller/2/Goods/',0),(4,'14448577362a8523c6.jpg','Mall/Seller/2/Goods/',0),(4,'14308577362a8c0f8d.jpg','Mall/Seller/2/Goods/',0),(4,'1024577362bbb767e.jpg','Mall/Seller/2/Goods/',0),(4,'26995577362c52fbdc.jpg','Mall/Seller/2/Goods/',0),(5,'12345577362c6626f3.jpg','Mall/Seller/2/Goods/',1),(5,'23985577362c6adbd3.jpg','Mall/Seller/2/Goods/',0),(5,'28944577362c70698f.jpg','Mall/Seller/2/Goods/',0),(6,'18216577362c89915a.jpg','Mall/Seller/2/Goods/',0),(6,'23249577362c91cb6c.jpg','Mall/Seller/2/Goods/',0),(6,'30267577362c9aeec4.jpg','Mall/Seller/2/Goods/',0),(6,'10496577362ca326e5.jpg','Mall/Seller/2/Goods/',0),(6,'10518577362caa929d.jpg','Mall/Seller/2/Goods/',0),(7,'23160577362cbf114d.jpg','Mall/Seller/2/Goods/',0),(8,'28303577362cd3a78c.jpg','Mall/Seller/2/Goods/',0),(8,'28548577362cf373ac.jpg','Mall/Seller/2/Goods/',0),(8,'14212577362cfad13a.jpg','Mall/Seller/2/Goods/',0),(8,'1691577362d019785.jpg','Mall/Seller/2/Goods/',0),(8,'19717577362d0a872c.jpg','Mall/Seller/2/Goods/',0),(9,'25009577362d210ca4.jpg','Mall/Seller/2/Goods/',0),(9,'6856577362d280124.jpg','Mall/Seller/2/Goods/',0),(9,'21712577362d30e16f.jpg','Mall/Seller/2/Goods/',0),(9,'2622577362d383b9e.jpg','Mall/Seller/2/Goods/',0),(9,'17683577362d403195.jpg','Mall/Seller/2/Goods/',0),(10,'8887577362d576d01.jpg','Mall/Seller/2/Goods/',0),(10,'4684577362d6210d0.jpg','Mall/Seller/2/Goods/',0),(10,'1746577362d69b83a.jpg','Mall/Seller/2/Goods/',0),(10,'4508577362d72099f.jpg','Mall/Seller/2/Goods/',0),(10,'24987577362d790e68.jpg','Mall/Seller/2/Goods/',0),(11,'17238577362d8c7dd3.jpg','Mall/Seller/2/Goods/',0),(11,'25892577362d947c35.jpg','Mall/Seller/2/Goods/',0),(11,'27832577362d9c1f17.jpg','Mall/Seller/2/Goods/',0),(11,'3822577362da2a8ca.jpg','Mall/Seller/2/Goods/',0),(11,'15782577362da90c56.jpg','Mall/Seller/2/Goods/',0),(12,'3522577362dc1bb0e.jpg','Mall/Seller/2/Goods/',0),(12,'29293577362dcb245e.jpg','Mall/Seller/2/Goods/',0),(12,'7431577362dd5a1ca.jpg','Mall/Seller/2/Goods/',0),(12,'23577577362de098f9.jpg','Mall/Seller/2/Goods/',0),(12,'18482577362deb263a.jpg','Mall/Seller/2/Goods/',0),(13,'4272577362e03841d.jpg','Mall/Seller/2/Goods/',0),(13,'5255577362e0afb17.jpg','Mall/Seller/2/Goods/',0),(13,'17947577362e122a6e.jpg','Mall/Seller/2/Goods/',0),(13,'17032577362e198944.jpg','Mall/Seller/2/Goods/',0),(13,'117577362e212d1e.jpg','Mall/Seller/2/Goods/',0),(14,'7722577362e34832a.jpg','Mall/Seller/2/Goods/',0),(14,'27316577362e3b9625.jpg','Mall/Seller/2/Goods/',0),(14,'20248577362e43b1df.jpg','Mall/Seller/2/Goods/',0),(14,'12056577362e4a183c.jpg','Mall/Seller/2/Goods/',0),(15,'25000577362e619a69.jpg','Mall/Seller/2/Goods/',0),(15,'5195577362e694dd5.jpg','Mall/Seller/2/Goods/',0),(15,'510577362e72879b.jpg','Mall/Seller/2/Goods/',0),(15,'25537577362e7ac218.jpg','Mall/Seller/2/Goods/',0),(15,'19149577362e84627c.jpg','Mall/Seller/2/Goods/',0),(16,'28595577362e982446.jpg','Mall/Seller/2/Goods/',0),(16,'5289577362e9f02e6.jpg','Mall/Seller/2/Goods/',0),(16,'19063577362ea6ef64.jpg','Mall/Seller/2/Goods/',0),(16,'4720577362eadb187.jpg','Mall/Seller/2/Goods/',0),(16,'14348577362eb653f0.jpg','Mall/Seller/2/Goods/',0),(17,'27734577362eca5d0b.jpg','Mall/Seller/2/Goods/',0),(17,'14744577362ed2f68a.jpg','Mall/Seller/2/Goods/',0),(17,'8045577362edaac21.jpg','Mall/Seller/2/Goods/',0),(17,'19275577362ee1d318.jpg','Mall/Seller/2/Goods/',0),(17,'7437577362eeac287.jpg','Mall/Seller/2/Goods/',0),(18,'10369577362f015d60.jpg','Mall/Seller/2/Goods/',0),(18,'20845577362f0952ff.jpg','Mall/Seller/2/Goods/',0),(18,'11136577362f116600.jpg','Mall/Seller/2/Goods/',0),(18,'17071577362f244522.jpg','Mall/Seller/2/Goods/',0),(18,'24860577362f2e0963.jpg','Mall/Seller/2/Goods/',0),(19,'31189577362f4399a2.jpg','Mall/Seller/2/Goods/',0),(19,'680577362f4a0336.jpg','Mall/Seller/2/Goods/',0),(19,'12790577362f533b18.jpg','Mall/Seller/2/Goods/',0),(19,'870577362f5a2dc5.jpg','Mall/Seller/2/Goods/',0),(19,'31483577362f62c830.jpg','Mall/Seller/2/Goods/',0),(20,'16353577362f774e8a.jpg','Mall/Seller/2/Goods/',0),(20,'4752577362f7de61f.jpg','Mall/Seller/2/Goods/',0),(20,'18475577362f868698.jpg','Mall/Seller/2/Goods/',0),(20,'27346577362f8e7fdc.jpg','Mall/Seller/2/Goods/',0),(20,'4905577362f964011.jpg','Mall/Seller/2/Goods/',0),(21,'28097577362faa17db.jpg','Mall/Seller/2/Goods/',0),(21,'16733577362fb3123e.jpg','Mall/Seller/2/Goods/',0),(21,'9679577362fbb3c34.jpg','Mall/Seller/2/Goods/',0),(21,'6616577362fc47204.jpg','Mall/Seller/2/Goods/',0),(21,'23571577362fcc27ac.jpg','Mall/Seller/2/Goods/',0),(22,'2694577362fe2528d.jpg','Mall/Seller/2/Goods/',0),(22,'6953577362fed4233.jpg','Mall/Seller/2/Goods/',0),(22,'19370577362ff76bc9.jpg','Mall/Seller/2/Goods/',0),(22,'992577362fff1076.jpg','Mall/Seller/2/Goods/',0),(23,'17466577363014615a.jpg','Mall/Seller/2/Goods/',0),(23,'1319557736301e2c58.jpg','Mall/Seller/2/Goods/',0),(23,'10089577363025a3db.jpg','Mall/Seller/2/Goods/',0),(23,'865457736302f3925.jpg','Mall/Seller/2/Goods/',0),(24,'2489357736304464f9.jpg','Mall/Seller/2/Goods/',0),(24,'1718257736304c2ea1.jpg','Mall/Seller/2/Goods/',0),(24,'8285773630531057.jpg','Mall/Seller/2/Goods/',0),(24,'13203577363058f3c9.jpg','Mall/Seller/2/Goods/',0),(24,'1092457736306996dd.jpg','Mall/Seller/2/Goods/',0),(25,'28698577363165a429.jpg','Mall/Seller/2/Goods/',0),(25,'1648757736316db98e.jpg','Mall/Seller/2/Goods/',0),(25,'2088357736317573ab.jpg','Mall/Seller/2/Goods/',0),(26,'3154757736318a33fc.jpg','Mall/Seller/2/Goods/',0),(26,'222395773631919fff.jpg','Mall/Seller/2/Goods/',0),(26,'67915773631988751.jpg','Mall/Seller/2/Goods/',0),(26,'378157736319f0af1.jpg','Mall/Seller/2/Goods/',0),(27,'258235773631b6c327.jpg','Mall/Seller/2/Goods/',0),(27,'301595773631c0a9f3.jpg','Mall/Seller/2/Goods/',0),(27,'213845773631ca45ec.jpg','Mall/Seller/2/Goods/',0),(27,'97795773631de8178.jpg','Mall/Seller/2/Goods/',0),(27,'210855773631e63b44.jpg','Mall/Seller/2/Goods/',0),(28,'149305773631fbafea.jpg','Mall/Seller/2/Goods/',0),(28,'4108577363202ea3f.jpg','Mall/Seller/2/Goods/',0),(28,'2339357736320abdf1.jpg','Mall/Seller/2/Goods/',0),(28,'225345773632105273.jpg','Mall/Seller/2/Goods/',0),(28,'1474257736321c8be1.jpg','Mall/Seller/2/Goods/',0),(29,'122875773632325958.jpg','Mall/Seller/2/Goods/',0),(29,'256057736323a16b2.jpg','Mall/Seller/2/Goods/',0),(29,'20259577363243bf2c.jpg','Mall/Seller/2/Goods/',0),(29,'1643957736324c78ad.jpg','Mall/Seller/2/Goods/',0),(29,'157915773632551188.jpg','Mall/Seller/2/Goods/',0),(30,'5809577363269ff66.jpg','Mall/Seller/2/Goods/',0),(30,'3090657736327158b6.jpg','Mall/Seller/2/Goods/',0),(30,'98095773632780e79.jpg','Mall/Seller/2/Goods/',0),(30,'2794157736327edadf.jpg','Mall/Seller/2/Goods/',0),(30,'25135773632862cce.jpg','Mall/Seller/2/Goods/',0),(31,'292857736329add5f.jpg','Mall/Seller/2/Goods/',0),(31,'257875773632a298db.jpg','Mall/Seller/2/Goods/',0),(31,'229495773632a9cdf0.jpg','Mall/Seller/2/Goods/',0),(31,'110015773632b2b780.jpg','Mall/Seller/2/Goods/',0),(31,'203425773632ba0bb3.jpg','Mall/Seller/2/Goods/',0),(32,'213025773632d479cb.jpg','Mall/Seller/2/Goods/',0),(33,'262255773632e9226b.jpg','Mall/Seller/2/Goods/',0),(34,'240595773632fd244f.jpg','Mall/Seller/2/Goods/',0),(34,'10138577363306c5ea.jpg','Mall/Seller/2/Goods/',0),(35,'2243657736334b432f.jpg','Mall/Seller/2/Goods/',0),(35,'6165577363352bb5f.jpg','Mall/Seller/2/Goods/',0),(36,'10673577363366e3e3.jpg','Mall/Seller/2/Goods/',0),(36,'12659577363371bced.jpg','Mall/Seller/2/Goods/',0),(36,'21182577363378533c.jpg','Mall/Seller/2/Goods/',0),(36,'247885773634017b08.jpg','Mall/Seller/2/Goods/',0),(36,'19870577363413f2a8.jpg','Mall/Seller/2/Goods/',0),(37,'303325773634a043ea.jpg','Mall/Seller/2/Goods/',0),(37,'157355773634a72a39.jpg','Mall/Seller/2/Goods/',0),(37,'165265773634ae2267.jpg','Mall/Seller/2/Goods/',0),(37,'262765773634b5d850.jpg','Mall/Seller/2/Goods/',0),(37,'25773634bd11e9.jpg','Mall/Seller/2/Goods/',0),(38,'212975773634d225e2.jpg','Mall/Seller/2/Goods/',0),(38,'223305773634dad231.jpg','Mall/Seller/2/Goods/',0),(38,'61325773634e3ff10.jpg','Mall/Seller/2/Goods/',0),(38,'54995773634ec9b79.jpg','Mall/Seller/2/Goods/',0),(38,'110635773634f3f52c.jpg','Mall/Seller/2/Goods/',0),(39,'13105577363555cade.jpg','Mall/Seller/2/Goods/',0),(39,'1439257736355dbc84.jpg','Mall/Seller/2/Goods/',0),(39,'190915773635662ac4.jpg','Mall/Seller/2/Goods/',0),(39,'1308757736356ef348.jpg','Mall/Seller/2/Goods/',0),(39,'201745773635772bce.jpg','Mall/Seller/2/Goods/',0),(40,'1033757736358f07dc.jpg','Mall/Seller/2/Goods/',0),(40,'1704577363598045c.jpg','Mall/Seller/2/Goods/',0),(40,'325305773635a165f6.jpg','Mall/Seller/2/Goods/',0),(40,'309175773635a9d4e2.jpg','Mall/Seller/2/Goods/',0),(40,'196555773635b2602a.jpg','Mall/Seller/2/Goods/',0),(41,'175005773635c85798.jpg','Mall/Seller/2/Goods/',0),(41,'287135773635d07172.jpg','Mall/Seller/2/Goods/',0),(41,'57005773635d77067.jpg','Mall/Seller/2/Goods/',0),(42,'325245773635ed11ce.jpg','Mall/Seller/2/Goods/',0),(42,'138415773635f705f2.jpg','Mall/Seller/2/Goods/',0),(42,'310665773635fec266.jpg','Mall/Seller/2/Goods/',0),(42,'2083577363607e52e.jpg','Mall/Seller/2/Goods/',0),(42,'23750577363613e9da.jpg','Mall/Seller/2/Goods/',0),(43,'11715773636294780.jpg','Mall/Seller/2/Goods/',0),(43,'10467577363632cca2.jpg','Mall/Seller/2/Goods/',0),(43,'863757736363aa81b.jpg','Mall/Seller/2/Goods/',0),(44,'29640577363651b36b.jpg','Mall/Seller/2/Goods/',0),(44,'228357736382e1c8d.jpg','Mall/Seller/2/Goods/',0),(44,'256955773638373e3f.jpg','Mall/Seller/2/Goods/',0),(44,'1436257736383ec101.jpg','Mall/Seller/2/Goods/',0),(44,'98785773638479666.jpg','Mall/Seller/2/Goods/',0),(45,'213957736385c117e.jpg','Mall/Seller/2/Goods/',0),(45,'87855773638645566.jpg','Mall/Seller/2/Goods/',0),(45,'1148757736387110fe.jpg','Mall/Seller/2/Goods/',0),(45,'4691577363878859f.jpg','Mall/Seller/2/Goods/',0),(45,'264485773638818ecb.jpg','Mall/Seller/2/Goods/',0),(46,'10002577363897753b.jpg','Mall/Seller/2/Goods/',0),(46,'1715457736389e73b4.jpg','Mall/Seller/2/Goods/',0),(46,'2805757736397aa856.jpg','Mall/Seller/2/Goods/',0),(46,'234995773639821741.jpg','Mall/Seller/2/Goods/',0),(47,'111157736399576b6.jpg','Mall/Seller/2/Goods/',0),(47,'2449557736399b1af8.jpg','Mall/Seller/2/Goods/',0),(47,'291825773639a2bcf5.jpg','Mall/Seller/2/Goods/',0),(47,'224615773639a9ce75.jpg','Mall/Seller/2/Goods/',0),(47,'295475773639b02034.jpg','Mall/Seller/2/Goods/',0),(48,'173855773639c5b985.jpg','Mall/Seller/2/Goods/',0),(48,'276755773639cc081b.jpg','Mall/Seller/2/Goods/',0),(48,'241645773639d411f0.jpg','Mall/Seller/2/Goods/',0),(48,'174965773639dadb8b.jpg','Mall/Seller/2/Goods/',0),(48,'91535773639e3ccef.jpg','Mall/Seller/2/Goods/',0),(59,'57c918e9d0514.jpg','Mall/Seller/2/Goods/',0),(58,'57c918f99ee48.jpg','Mall/Seller/2/Goods/',0),(57,'57c91903256d0.jpg','Mall/Seller/2/Goods/',0),(56,'57c9190d9ba20.jpg','Mall/Seller/2/Goods/',0),(55,'57c919174fda5.jpg','Mall/Seller/2/Goods/',0),(54,'57c91920a8aad.jpg','Mall/Seller/2/Goods/',0),(60,'57dfd33d4772e.jpg','Mall/Seller/1/Goods/',0),(49,'57e253c02e510.jpg','Mall/Seller/2/Goods/',0),(49,'57e253c030f61.jpg','Mall/Seller/2/Goods/',0),(61,'580aea62c24d7.jpg','Mall/Seller/6/Goods/',0),(61,'580aed7e0efb9.jpg','Mall/Seller/6/Goods/',0),(62,'580b00fc6320d.jpg','Mall/Seller/6/Goods/',0),(64,'5811f1ca5de87.png','Mall/Seller/4/Goods/',0),(65,'58130e9daa3b7.png','Mall/Seller/7/Goods/',0),(66,'5813103793581.png','Mall/Seller/7/Goods/',0),(68,'5814913fbc9d0.jpg','Mall/Seller/2/Goods/',0),(68,'5814913fce27e.jpg','Mall/Seller/2/Goods/',0),(68,'5814913fcf17b.jpg','Mall/Seller/2/Goods/',0),(75,'5816c9e6a7278.jpg','Mall/Seller/8/Goods/',1),(75,'581a982371063.jpg','Mall/Seller/8/Goods/',0),(78,'581af59c1c512.jpg','Mall/Seller/9/Goods/',0);
/*!40000 ALTER TABLE `ms_mall_goods_img` ENABLE KEYS */;
UNLOCK TABLES;

--
-- Table structure for table `ms_mall_goods_spec`
--

DROP TABLE IF EXISTS `ms_mall_goods_spec`;
/*!40101 SET @saved_cs_client     = @@character_set_client */;
/*!40101 SET character_set_client = utf8 */;
CREATE TABLE `ms_mall_goods_spec` (
  `spec_id` int(10) unsigned NOT NULL AUTO_INCREMENT,
  `spec_cover` varchar(100) CHARACTER SET utf8 DEFAULT NULL COMMENT '商品封面',
  `spec_sn` varchar(60) CHARACTER SET utf8 NOT NULL DEFAULT '',
  `spec_name` varchar(120) CHARACTER SET utf8 NOT NULL DEFAULT '' COMMENT '规格名称',
  `spec_value` text,
  `spec_cost_price` decimal(10,2) DEFAULT '0.00' COMMENT '成本价',
  `spec_add_price` decimal(10,2) unsigned NOT NULL DEFAULT '0.00' COMMENT '在模板价格的基础上增加的价格',
  `spec_sales` int(10) DEFAULT '0' COMMENT '销量',
  `spec_inventory` int(10) DEFAULT '0' COMMENT '库存',
  `goods_id` int(10) DEFAULT NULL COMMENT '商品基本表id',
  `store_id` int(10) DEFAULT '0' COMMENT '店铺id',
  PRIMARY KEY (`spec_id`),
  KEY `goods_sn` (`spec_sn`)
) ENGINE=MyISAM AUTO_INCREMENT=19 DEFAULT CHARSET=gbk COMMENT='商品表';
/*!40101 SET character_set_client = @saved_cs_client */;

--
-- Dumping data for table `ms_mall_goods_spec`
--

LOCK TABLES `ms_mall_goods_spec` WRITE;
/*!40000 ALTER TABLE `ms_mall_goods_spec` DISABLE KEYS */;
INSERT INTO `ms_mall_goods_spec` VALUES (1,'204105810afdb4199a.jpg','','S 红','8,12',100.00,110.00,0,100,49,2),(2,'36145810afdb807e1.jpg','','M 黄','9,13',110.00,120.00,0,100,49,2),(3,'267315810afdbabefd.jpg','','L 蓝','10,14',120.00,130.00,0,100,49,2),(4,'217005810afdbd7b1a.jpg','','XL 绿','11,15',130.00,140.00,0,100,49,2),(15,'32326581ae0618506b.jpg','','S 蓝','8,14',123.00,127.00,0,3,75,8),(7,'3229581490e3221de.jpg','','S 红','8,12',100.00,120.00,0,100,67,2),(8,'14299581490e3690f0.jpg','','M 黄','9,13',110.00,130.00,0,100,67,2),(9,'3186258149196a6f6c.jpg','','S 红','8,12',100.00,120.00,0,100,69,2),(10,'264958149196dd151.jpg','','L 蓝','10,14',110.00,130.00,0,100,69,2),(11,'2439658149bf89371a.jpg','','L 红','10,12',110.00,120.00,0,100,70,2),(12,'2855158149bf8da4fa.jpg','','M 蓝','9,14',110.00,120.00,0,100,70,2),(14,'14881581ae06151c50.jpg','','M 黄','9,13',125.00,128.00,0,2,75,8),(17,'15851581af59c6bf19.jpg','','500ml','19',0.01,0.10,0,100,78,2),(18,'6056583718d21d3b3.jpg','','600ml','21',1.00,1.00,0,111,78,2);
/*!40000 ALTER TABLE `ms_mall_goods_spec` ENABLE KEYS */;
UNLOCK TABLES;

--
-- Table structure for table `ms_mall_love`
--

DROP TABLE IF EXISTS `ms_mall_love`;
/*!40101 SET @saved_cs_client     = @@character_set_client */;
/*!40101 SET character_set_client = utf8 */;
CREATE TABLE `ms_mall_love` (
  `out_trade_no` char(14) NOT NULL,
  `uid` int(10) DEFAULT NULL,
  `fee` decimal(10,2) DEFAULT '0.00',
  `type` tinyint(1) DEFAULT NULL,
  `order_sn` text,
  `grant_time` int(10) DEFAULT NULL,
  PRIMARY KEY (`out_trade_no`)
) ENGINE=MyISAM DEFAULT CHARSET=utf8;
/*!40101 SET character_set_client = @saved_cs_client */;

--
-- Dumping data for table `ms_mall_love`
--

LOCK TABLES `ms_mall_love` WRITE;
/*!40000 ALTER TABLE `ms_mall_love` DISABLE KEYS */;
INSERT INTO `ms_mall_love` VALUES ('14768439484049',41,10.00,1,NULL,1476843948),('14768465247158',41,1.00,1,NULL,1476846524),('14768466762832',41,12.00,1,NULL,1476846676),('14768467001202',6,12.00,1,NULL,1476846700),('14775313589497',49,100.00,1,NULL,1477531358),('14775313597263',49,100.00,1,NULL,1477531359),('14775313615684',49,100.00,1,NULL,1477531361),('14775313636807',49,100.00,1,NULL,1477531363),('14775313654480',49,100.00,1,NULL,1477531365),('14775314213583',49,100.00,1,NULL,1477531421),('14775314271530',49,100.00,1,NULL,1477531427),('14775316982042',49,10.00,1,NULL,1477531698),('14775325301705',49,1.00,2,NULL,1477532530),('14775622841130',49,800.00,1,NULL,1477562284),('14775622868139',49,800.00,1,NULL,1477562286),('14777111627533',88,1.00,1,NULL,1477711162),('14777343919193',88,1.00,1,NULL,1477734391),('14777403649377',2,100.00,1,NULL,1477740364),('14777403726063',2,100.00,1,NULL,1477740372),('14777405587097',2,100.00,1,NULL,1477740558),('14778142087795',86,1.00,1,NULL,1477814208),('14778155251341',86,0.10,1,NULL,1477815525),('14778214768098',94,1.00,1,NULL,1477821476),('14805768788156',128,100.00,1,NULL,1480576878),('14805768865690',128,100.00,2,NULL,1480576886);
/*!40000 ALTER TABLE `ms_mall_love` ENABLE KEYS */;
UNLOCK TABLES;

--
-- Table structure for table `ms_mall_model`
--

DROP TABLE IF EXISTS `ms_mall_model`;
/*!40101 SET @saved_cs_client     = @@character_set_client */;
/*!40101 SET character_set_client = utf8 */;
CREATE TABLE `ms_mall_model` (
  `mid` int(10) unsigned NOT NULL AUTO_INCREMENT,
  `model_name` varchar(60) CHARACTER SET utf8 NOT NULL DEFAULT '',
  `enabled` tinyint(1) unsigned NOT NULL DEFAULT '1',
  `range` varchar(100) CHARACTER SET utf8 DEFAULT NULL COMMENT '价格区间',
  `keywords` varchar(50) CHARACTER SET utf8 DEFAULT NULL COMMENT '关键字',
  `gc_id` int(10) DEFAULT NULL COMMENT '商品分类id',
  `brand_list` text CHARACTER SET utf8 COMMENT '品牌id，多个用半角逗号分隔',
  PRIMARY KEY (`mid`)
) ENGINE=MyISAM AUTO_INCREMENT=3 DEFAULT CHARSET=gbk COMMENT='商品模型表';
/*!40101 SET character_set_client = @saved_cs_client */;

--
-- Dumping data for table `ms_mall_model`
--

LOCK TABLES `ms_mall_model` WRITE;
/*!40000 ALTER TABLE `ms_mall_model` DISABLE KEYS */;
INSERT INTO `ms_mall_model` VALUES (1,'服装',1,'0-99,100-199,200-299,300-399,400以上','',1,'1,2,3,4,5,6,7,8,9'),(2,'酒水',1,'','',13,NULL);
/*!40000 ALTER TABLE `ms_mall_model` ENABLE KEYS */;
UNLOCK TABLES;

--
-- Table structure for table `ms_mall_model_attr`
--

DROP TABLE IF EXISTS `ms_mall_model_attr`;
/*!40101 SET @saved_cs_client     = @@character_set_client */;
/*!40101 SET character_set_client = utf8 */;
CREATE TABLE `ms_mall_model_attr` (
  `attr_id` int(10) unsigned NOT NULL AUTO_INCREMENT COMMENT '属性id',
  `mid` int(10) unsigned NOT NULL DEFAULT '0' COMMENT '模型id与模型表关联',
  `attr_name` varchar(60) NOT NULL DEFAULT '' COMMENT '属性名',
  `attr_input_type` tinyint(1) unsigned NOT NULL DEFAULT '1' COMMENT '输入类型',
  `attr_type` tinyint(1) unsigned NOT NULL DEFAULT '1' COMMENT '属性类型',
  `kxcs` tinyint(1) DEFAULT NULL COMMENT '是否是可选属性',
  `sxjs` tinyint(1) DEFAULT NULL COMMENT '是否出现在商品介绍中',
  `sxsx` tinyint(1) DEFAULT NULL COMMENT '是否允许筛选检索',
  PRIMARY KEY (`attr_id`)
) ENGINE=MyISAM AUTO_INCREMENT=5 DEFAULT CHARSET=utf8 COMMENT='模型属性表';
/*!40101 SET character_set_client = @saved_cs_client */;

--
-- Dumping data for table `ms_mall_model_attr`
--

LOCK TABLES `ms_mall_model_attr` WRITE;
/*!40000 ALTER TABLE `ms_mall_model_attr` DISABLE KEYS */;
INSERT INTO `ms_mall_model_attr` VALUES (1,0,'sdf',1,1,NULL,1,1),(2,1,'尺码',1,1,NULL,1,1),(3,1,'颜色',1,1,NULL,1,1),(4,2,'容量',3,1,NULL,1,1);
/*!40000 ALTER TABLE `ms_mall_model_attr` ENABLE KEYS */;
UNLOCK TABLES;

--
-- Table structure for table `ms_mall_model_attr_value`
--

DROP TABLE IF EXISTS `ms_mall_model_attr_value`;
/*!40101 SET @saved_cs_client     = @@character_set_client */;
/*!40101 SET character_set_client = utf8 */;
CREATE TABLE `ms_mall_model_attr_value` (
  `atv_id` smallint(10) NOT NULL AUTO_INCREMENT,
  `attr_id` smallint(10) DEFAULT NULL COMMENT '属性id，与属性表对应，一对多',
  `attr_value` varchar(50) DEFAULT NULL COMMENT '属性值',
  PRIMARY KEY (`atv_id`)
) ENGINE=InnoDB AUTO_INCREMENT=29 DEFAULT CHARSET=utf8 COMMENT='模型属性值表';
/*!40101 SET character_set_client = @saved_cs_client */;

--
-- Dumping data for table `ms_mall_model_attr_value`
--

LOCK TABLES `ms_mall_model_attr_value` WRITE;
/*!40000 ALTER TABLE `ms_mall_model_attr_value` DISABLE KEYS */;
INSERT INTO `ms_mall_model_attr_value` VALUES (5,1,'hello'),(6,1,'hello'),(7,1,'hello'),(8,2,'S'),(9,2,'M'),(10,2,'L'),(11,2,'XL'),(12,3,'红'),(13,3,'黄'),(14,3,'蓝'),(15,3,'绿'),(19,4,'500ml'),(20,4,'350ml'),(21,4,'600ml'),(22,4,'799'),(23,4,'1000'),(24,4,'123'),(25,4,'123'),(26,4,'1222'),(27,4,'111'),(28,4,'');
/*!40000 ALTER TABLE `ms_mall_model_attr_value` ENABLE KEYS */;
UNLOCK TABLES;

--
-- Table structure for table `ms_mall_navigation`
--

DROP TABLE IF EXISTS `ms_mall_navigation`;
/*!40101 SET @saved_cs_client     = @@character_set_client */;
/*!40101 SET character_set_client = utf8 */;
CREATE TABLE `ms_mall_navigation` (
  `id` int(10) unsigned NOT NULL AUTO_INCREMENT COMMENT 'ID',
  `nav_name` varchar(250) NOT NULL DEFAULT '' COMMENT '栏目名称',
  `nav_sort` int(10) unsigned NOT NULL COMMENT '排序',
  `nav_url` varchar(250) NOT NULL DEFAULT '' COMMENT '外链地址',
  `nav_thumb` varchar(50) NOT NULL DEFAULT '' COMMENT '栏目缩略图',
  `nav_keywords` varchar(250) NOT NULL DEFAULT '' COMMENT '栏目关键字',
  `nav_description` varchar(250) NOT NULL DEFAULT '' COMMENT '栏目描述',
  `is_show` smallint(1) DEFAULT '1' COMMENT '是否显示',
  PRIMARY KEY (`id`)
) ENGINE=MyISAM AUTO_INCREMENT=15 DEFAULT CHARSET=utf8 COMMENT='分类表';
/*!40101 SET character_set_client = @saved_cs_client */;

--
-- Dumping data for table `ms_mall_navigation`
--

LOCK TABLES `ms_mall_navigation` WRITE;
/*!40000 ALTER TABLE `ms_mall_navigation` DISABLE KEYS */;
INSERT INTO `ms_mall_navigation` VALUES (2,'品牌',50,'/Brand/index','','','',1),(3,'专题',50,'/Single/special','','','',1),(4,'活动',50,'/Activity/index','','','',1),(5,'商家入驻',60,'/seller.php','','','',1),(6,'精品店铺',50,'/Store/slist','','','',1),(7,'易网农产品',50,'http://www.ywncpjyzx.com/','','','',1),(12,'342',50,'235434','20140929025509944.png','343','2453',1),(13,'123',50,'143123','','23423','2134123',1),(14,'3434',50,'34534','5767d83cda9ed.png','','',1);
/*!40000 ALTER TABLE `ms_mall_navigation` ENABLE KEYS */;
UNLOCK TABLES;

--
-- Table structure for table `ms_mall_order_goods`
--

DROP TABLE IF EXISTS `ms_mall_order_goods`;
/*!40101 SET @saved_cs_client     = @@character_set_client */;
/*!40101 SET character_set_client = utf8 */;
CREATE TABLE `ms_mall_order_goods` (
  `order_sn` char(14) NOT NULL DEFAULT '0',
  `goods_id` mediumint(8) unsigned NOT NULL DEFAULT '0' COMMENT '商品id',
  `goods_name` varchar(120) NOT NULL DEFAULT '' COMMENT '商品名称',
  `goods_img` varchar(60) DEFAULT '' COMMENT '商品图片',
  `prosum` smallint(5) unsigned NOT NULL DEFAULT '1' COMMENT '商品数量',
  `price` decimal(10,2) NOT NULL DEFAULT '0.00' COMMENT '商品数量',
  `cost_price` decimal(10,2) DEFAULT '0.00' COMMENT '供货价',
  `is_evaluation` int(1) DEFAULT '0' COMMENT '是否已评价',
  `extend` text COMMENT '扩展信息',
  `spec_id` int(10) DEFAULT NULL COMMENT '规格id',
  `is_refund` tinyint(1) DEFAULT '0' COMMENT '是否申请退货1是0否',
  KEY `order_id` (`order_sn`) USING BTREE
) ENGINE=InnoDB DEFAULT CHARSET=utf8 COMMENT='订单中的商品';
/*!40101 SET character_set_client = @saved_cs_client */;

--
-- Dumping data for table `ms_mall_order_goods`
--

LOCK TABLES `ms_mall_order_goods` WRITE;
/*!40000 ALTER TABLE `ms_mall_order_goods` DISABLE KEYS */;
INSERT INTO `ms_mall_order_goods` VALUES ('14776577950000',60,'合作商四星套餐B','Mall/Seller/2/Goods/Thumb/s_303325773634a043ea.jpg',1,1.00,0.00,0,NULL,NULL,0),('14777264260000',37,'释宝儿蕾丝拼接印花雪纺连衣裙(XL)','Mall/Seller/2/Goods/Thumb/s_303325773634a043ea.jpg',1,130.00,0.00,0,NULL,NULL,0),('14777046350000',64,'123','Mall/Seller/2/Goods/Thumb/s_303325773634a043ea.jpg',1,1.00,12.00,0,NULL,NULL,0),('14777075510000',54,'合作商一星套餐B','Mall/Seller/2/Goods/Thumb/s_303325773634a043ea.jpg',1,1.00,0.00,0,NULL,NULL,0),('14777336370000',60,'合作商四星套餐B','Mall/Seller/2/Goods/Thumb/s_303325773634a043ea.jpg',1,1.00,0.00,0,NULL,NULL,0),('14777413496251',37,'释宝儿蕾丝拼接印花雪纺连衣裙(XL)','Mall/Seller/2/Goods/Thumb/s_303325773634a043ea.jpg',1,130.00,0.00,0,NULL,0,0),('14777426963314',43,'莉菲姿 2015款女装裙子复古印花长袖中腰圆领修身连衣裙(白色 M)','Mall/Seller/2/Goods/Thumb/s_11715773636294780.jpg',3,137.00,0.00,0,NULL,0,0),('14777426963314',37,'释宝儿蕾丝拼接印花雪纺连衣裙(XL)','Mall/Seller/2/Goods/Thumb/s_303325773634a043ea.jpg',1,130.00,0.00,0,NULL,0,0),('14778153930000',48,'玛迪苏2016新款韩版女装名媛约会礼服OL气质淑女大码打底连衣裙子-大5-541-C-1166-22(红色 XL)',NULL,1,1161.00,0.00,0,NULL,NULL,1),('14778190150000',60,'合作商四星套餐B',NULL,1,1.00,0.00,0,NULL,NULL,0),('14778252000000',60,'合作商四星套餐B',NULL,1,1.00,0.00,0,NULL,NULL,0),('14778257180000',60,'合作商四星套餐B',NULL,1,1.00,0.00,0,NULL,NULL,0),('14778764150000',60,'合作商四星套餐B',NULL,1,1.00,0.00,0,NULL,NULL,0),('14778770760000',60,'合作商四星套餐B',NULL,1,1.00,0.00,0,NULL,NULL,0),('14778779440000',60,'合作商四星套餐B',NULL,1,1.00,0.00,0,NULL,NULL,0),('14778786890000',60,'合作商四星套餐B',NULL,1,1.00,0.00,0,NULL,NULL,0),('14778804410000',60,'合作商四星套餐B',NULL,1,1.00,0.00,0,NULL,NULL,0),('14778809890000',60,'合作商四星套餐B',NULL,1,1.00,0.00,0,NULL,NULL,0),('14778820520000',60,'合作商四星套餐B',NULL,1,1.00,0.00,0,NULL,NULL,0),('14778823820000',60,'合作商四星套餐B',NULL,1,1.00,0.00,0,NULL,NULL,1),('14779847230000',75,'测试111',NULL,1,1.00,123.00,0,NULL,NULL,1),('14779861860000',75,'测试111',NULL,1,1.00,123.00,0,NULL,NULL,0),('14779863090000',75,'测试111',NULL,1,1.00,123.00,0,NULL,NULL,0),('14779864680000',75,'测试111',NULL,1,1.00,123.00,0,NULL,NULL,0),('14779870640000',75,'测试111',NULL,1,1.00,123.00,0,NULL,NULL,0),('14779871330000',75,'测试111',NULL,1,1.00,123.00,0,NULL,NULL,0),('14779871890000',75,'测试111',NULL,1,1.00,123.00,0,NULL,NULL,0),('14779875060000',75,'测试111',NULL,1,1.00,123.00,0,NULL,NULL,0),('14779878200000',75,'测试111',NULL,1,1.00,123.00,0,NULL,NULL,0),('14779899480000',75,'测试111',NULL,1,1.00,123.00,0,NULL,NULL,0),('14779919620000',60,'合作商四星套餐B',NULL,1,1.00,0.00,0,NULL,NULL,0),('14779946000000',75,'测试111',NULL,1,1.00,123.00,0,NULL,NULL,0),('14781580670000',75,'测试111',NULL,1,1.00,123.00,0,NULL,NULL,0),('14781622280000',78,'52度酒鬼酒',NULL,1,0.20,0.25,0,NULL,NULL,0),('14782487930000',43,'莉菲姿 2015款女装裙子复古印花长袖中腰圆领修身连衣裙(白色 M)',NULL,1,137.00,0.00,0,NULL,NULL,0),('14783115840000',78,'52度酒鬼酒',NULL,1,0.20,0.25,0,NULL,NULL,0),('14783337460000',44,'欣漾风尚连衣裙雪纺(套装 女 春夏时尚春装2016 春 女装)(黑色 M)',NULL,1,201.00,0.00,0,NULL,NULL,0),('14796374510000',60,'合作商四星套餐B','Mall/Seller/2/Goods/Thumb/s_303325773634a043ea.jpg',1,1.00,0.00,0,NULL,NULL,0),('14805769830000',37,'释宝儿蕾丝拼接印花雪纺连衣裙(XL)',NULL,1,130.00,0.00,0,NULL,NULL,0),('14805794350000',43,'莉菲姿 2015款女装裙子复古印花长袖中腰圆领修身连衣裙(白色 M)',NULL,1,137.00,0.00,0,NULL,NULL,0),('14805794390000',43,'莉菲姿 2015款女装裙子复古印花长袖中腰圆领修身连衣裙(白色 M)',NULL,1,137.00,0.00,0,NULL,NULL,0);
/*!40000 ALTER TABLE `ms_mall_order_goods` ENABLE KEYS */;
UNLOCK TABLES;

--
-- Table structure for table `ms_mall_order_info`
--

DROP TABLE IF EXISTS `ms_mall_order_info`;
/*!40101 SET @saved_cs_client     = @@character_set_client */;
/*!40101 SET character_set_client = utf8 */;
CREATE TABLE `ms_mall_order_info` (
  `order_sn` char(14) NOT NULL,
  `uid` int(10) DEFAULT NULL,
  `receipt_status` int(4) DEFAULT '0' COMMENT '收货状态',
  `shipping_status` int(4) DEFAULT '0' COMMENT '配送状态',
  `pay_status` int(4) DEFAULT '0' COMMENT '支付状态',
  `refund_status` int(4) DEFAULT '0' COMMENT '是否存在退货商品',
  `evaluate_status` int(4) DEFAULT '0' COMMENT '评价状态',
  `consignee` varchar(50) DEFAULT NULL,
  `address` varchar(200) DEFAULT NULL,
  `mobile` varchar(20) DEFAULT NULL,
  `shipping_id` int(10) DEFAULT NULL COMMENT '配送方式id',
  `shipping_sn` varchar(30) DEFAULT NULL COMMENT '运单编号',
  `freight` decimal(10,2) DEFAULT '0.00' COMMENT '运费',
  `pay_id` int(10) DEFAULT NULL,
  `postscript` varchar(200) DEFAULT NULL,
  `order_time` int(10) DEFAULT NULL COMMENT '下单时间',
  `pay_time` int(10) DEFAULT NULL COMMENT '支付时间',
  `send_time` int(10) DEFAULT NULL COMMENT '发货时间',
  `confirm_time` int(10) DEFAULT NULL COMMENT '成交时间',
  `order_ip` char(15) DEFAULT NULL,
  `store_id` int(11) DEFAULT '0' COMMENT '店铺ID',
  `cash` decimal(10,2) DEFAULT '0.00',
  `integral` int(10) DEFAULT '0',
  `total` decimal(10,2) DEFAULT '0.00' COMMENT '订单总额',
  `yjt` decimal(10,2) DEFAULT '0.00' COMMENT '一卷通',
  `gwq` decimal(10,2) DEFAULT '0.00' COMMENT '购物券',
  `settlement_total` decimal(10,2) DEFAULT '0.00' COMMENT '应结总额',
  `settlement_already` decimal(10,2) DEFAULT '0.00' COMMENT '已经结算',
  `settlement_no` decimal(10,2) DEFAULT '0.00' COMMENT '未结算总额',
  `settlement_status` int(1) DEFAULT '0' COMMENT '结算状态0未结算1结算',
  `settlement_time` int(10) DEFAULT '0' COMMENT '结算时间',
  `is_love` int(1) DEFAULT '0' COMMENT '是否捐款',
  `upgrade` int(1) DEFAULT '0' COMMENT '是否是升级订单',
  `is_exchange` tinyint(1) DEFAULT '0' COMMENT '是否是换货订单',
  PRIMARY KEY (`order_sn`),
  UNIQUE KEY `order_sn` (`order_sn`) USING BTREE
) ENGINE=InnoDB DEFAULT CHARSET=utf8 COMMENT='订单表';
/*!40101 SET character_set_client = @saved_cs_client */;

--
-- Dumping data for table `ms_mall_order_info`
--

LOCK TABLES `ms_mall_order_info` WRITE;
/*!40000 ALTER TABLE `ms_mall_order_info` DISABLE KEYS */;
INSERT INTO `ms_mall_order_info` VALUES ('14776577950000',3,0,0,1,0,0,'胥传国','黑龙江省省哈尔滨市市12387','15095010388',NULL,NULL,0.00,0,NULL,1477657795,NULL,NULL,NULL,'117.136.94.24',1,1.00,0,1.00,0.00,0.00,0.00,0.00,0.00,0,0,0,0,0),('14777046350000',3,0,0,0,0,0,'123','北京省北京市市123123','18654542348',NULL,NULL,0.00,0,NULL,1477704635,NULL,NULL,NULL,'27.211.49.119',4,0.00,0,1.00,0.00,0.00,12.00,0.00,12.00,0,0,0,0,0),('14777075510000',3,0,0,1,0,0,'15095010388','河北省省石家庄市市1587','15095010388',NULL,NULL,0.00,0,NULL,1477707551,NULL,NULL,NULL,'27.211.49.119',1,0.00,0,1.00,0.00,0.00,0.00,0.00,0.00,0,0,0,1,0),('14777264260000',3,0,1,1,0,0,'123','北京省北京市市123123','18654542348',1,'421534523452',0.00,0,NULL,1477726426,NULL,NULL,NULL,'112.224.17.18',2,0.00,0,130.00,0.00,0.00,0.00,0.00,0.00,0,0,0,0,0),('14777336370000',88,0,1,1,0,0,'15095010388','河北省省石家庄市市1587','15095010388',1,'12345',0.00,0,NULL,1477733637,NULL,NULL,NULL,'27.211.49.119',1,0.00,0,1.00,0.00,0.00,0.00,0.00,0.00,0,0,0,1,0),('14777413496251',90,0,0,0,0,0,'123','北京省北京市市北京省北京市市123123','18654542348',NULL,NULL,0.00,0,NULL,1477741349,NULL,NULL,NULL,'127.0.0.1',2,0.00,0,130.00,0.00,0.00,0.00,0.00,0.00,0,0,0,0,0),('14777426963314',90,0,0,0,0,0,'123','北京省北京市市北京省北京市市123123','18654542348',NULL,NULL,0.00,0,NULL,1477742696,NULL,NULL,NULL,'127.0.0.1',2,0.00,0,541.00,0.00,0.00,0.00,0.00,0.00,0,0,0,0,0),('14778153930000',3,0,0,0,1,0,'胥传国','河北省省石家庄市市胥传国','18753137165',NULL,NULL,0.00,0,NULL,1477815393,NULL,NULL,NULL,'119.163.213.67',2,0.00,0,1161.00,0.00,0.00,0.00,0.00,0.00,0,0,0,0,0),('14778190150000',94,0,0,1,0,0,'胥传国','北京省北京市市胥传国','18753137166',NULL,NULL,0.00,0,NULL,1477819015,NULL,NULL,NULL,'119.163.213.67',1,0.00,0,1.00,0.00,0.00,0.00,0.00,0.00,0,0,0,1,0),('14778252000000',96,0,0,1,0,0,'胥传国','北京省北京市市133498','15895871234',NULL,NULL,0.00,0,NULL,1477825200,NULL,NULL,NULL,'119.163.213.67',1,0.00,0,1.00,0.00,0.00,0.00,0.00,0.00,0,0,0,1,0),('14778257180000',98,0,0,1,0,0,'胥传国','北京省北京市市1234587856','15095010388',NULL,NULL,0.00,0,NULL,1477825718,NULL,NULL,NULL,'119.163.213.67',1,0.00,0,1.00,0.00,0.00,0.00,0.00,0.00,0,0,0,1,0),('14778764150000',101,0,0,1,0,0,'15095010578','天津省天津市市胥传国','15095017896',NULL,NULL,0.00,0,NULL,1477876415,NULL,NULL,NULL,'119.163.213.67',1,0.00,0,1.00,0.00,0.00,0.00,0.00,0.00,0,0,0,1,0),('14778770760000',103,0,0,1,0,0,'花露水','山西省省太原市市育碧泉','15095014568',NULL,NULL,0.00,0,NULL,1477877076,NULL,NULL,NULL,'119.163.213.67',1,0.00,0,1.00,0.00,0.00,0.00,0.00,0.00,0,0,0,1,0),('14778779440000',105,0,0,1,0,0,'无创投','山西省省太原市市呜啊趋势','18753121456',NULL,NULL,0.00,0,NULL,1477877944,NULL,NULL,NULL,'119.163.213.67',1,0.00,0,1.00,0.00,0.00,0.00,0.00,0.00,0,0,0,1,0),('14778786890000',107,0,0,1,0,0,'胥传国','天津省天津市市无标题','18753134567',NULL,NULL,0.00,0,NULL,1477878689,NULL,NULL,NULL,'119.163.213.67',1,0.00,0,1.00,0.00,0.00,0.00,0.00,0.00,0,0,0,1,0),('14778804410000',109,0,0,1,0,0,'呜啊去啊你说','北京省北京市市otup','15095040388',NULL,NULL,0.00,0,NULL,1477880441,NULL,NULL,NULL,'119.163.213.67',1,0.00,0,1.00,0.00,0.00,0.00,0.00,0.00,0,0,0,1,0),('14778809890000',111,0,0,1,0,0,'jut','北京省北京市市具体','15095011232',NULL,NULL,0.00,0,NULL,1477880989,NULL,NULL,NULL,'119.163.213.67',1,0.00,0,1.00,0.00,0.00,0.00,0.00,0.00,0,0,0,1,0),('14778820520000',113,0,1,1,0,0,'胥传国','北京省北京市市1235','15095010388',1,'123456',0.00,0,NULL,1477882052,NULL,NULL,NULL,'119.163.213.67',1,0.00,0,1.00,0.00,0.00,0.00,0.00,0.00,0,0,0,1,0),('14778823820000',115,0,1,1,1,0,'胥传国','北京省北京市市1234','15095010388',1,'33645645',0.00,0,NULL,1477882382,NULL,NULL,NULL,'119.163.213.67',1,0.00,0,1.00,0.00,0.00,0.00,0.00,0.00,0,0,0,1,0),('14779847230000',115,0,0,1,1,0,'胥传国','北京省北京市市1234','15095010388',NULL,NULL,0.00,0,NULL,1477984723,NULL,NULL,NULL,'117.136.94.79',8,0.00,0,1.00,0.00,0.00,123.00,0.00,123.00,0,0,0,0,0),('14779861860000',118,0,0,0,0,0,'胥传国','福建省省福州市市胥传国','15095010322',NULL,NULL,0.00,0,NULL,1477986186,NULL,NULL,NULL,'117.136.94.79',8,0.00,0,1.00,0.00,0.00,123.00,0.00,123.00,0,0,0,0,0),('14779863090000',118,0,0,1,0,0,'胥传国','福建省省福州市市胥传国','15095010322',NULL,NULL,0.00,0,NULL,1477986309,NULL,NULL,NULL,'117.136.94.79',8,0.00,0,1.00,0.00,0.00,123.00,0.00,123.00,0,0,0,0,0),('14779864680000',119,0,0,1,0,0,'胥传国','北京省北京市市胥传国','15095010388',NULL,NULL,0.00,0,NULL,1477986468,NULL,NULL,NULL,'117.136.94.79',8,0.00,0,1.00,0.00,0.00,123.00,0.00,123.00,0,0,0,0,0),('14779870640000',117,0,0,0,0,0,'胥传国','北京省北京市市胥传国','15095010388',NULL,NULL,0.00,0,NULL,1477987064,NULL,NULL,NULL,'117.136.94.79',8,0.00,0,1.00,0.00,0.00,123.00,0.00,123.00,0,0,0,0,0),('14779871330000',117,0,0,0,0,0,'胥传国','北京省北京市市胥传国','15095010388',NULL,NULL,0.00,0,NULL,1477987133,NULL,NULL,NULL,'117.136.94.79',8,0.00,0,1.00,0.00,0.00,123.00,0.00,123.00,0,0,0,0,0),('14779871890000',117,0,0,0,0,0,'胥传国','北京省北京市市胥传国','15095010388',NULL,NULL,0.00,0,NULL,1477987189,NULL,NULL,NULL,'117.136.94.79',8,0.00,0,1.00,0.00,0.00,123.00,0.00,123.00,0,0,0,0,0),('14779875060000',117,0,0,1,0,0,'胥传国','北京省北京市市胥传国','15095010388',NULL,NULL,0.00,0,NULL,1477987506,NULL,NULL,NULL,'117.136.94.79',8,0.00,0,1.00,0.00,0.00,123.00,0.00,123.00,0,0,0,0,0),('14779878200000',117,0,0,1,0,0,'胥传国','北京省北京市市胥传国','15095010388',NULL,NULL,0.00,0,NULL,1477987820,NULL,NULL,NULL,'117.136.94.79',8,0.00,0,1.00,0.00,0.00,123.00,0.00,123.00,0,0,0,0,0),('14779899480000',121,0,0,1,0,0,'胥传国','北京省北京市市与记录','15095010388',NULL,NULL,0.00,0,NULL,1477989948,NULL,NULL,NULL,'117.136.94.79',8,0.00,0,1.00,0.00,0.00,123.00,0.00,123.00,0,0,0,0,0),('14779919620000',119,1,1,1,0,1,'胥传国','北京省北京市市胥传国','15095010388',15,'1234',0.00,0,NULL,1477991962,NULL,NULL,NULL,'117.136.94.79',1,0.00,0,1.00,0.00,0.00,0.00,0.00,0.00,0,0,0,1,0),('14779946000000',119,0,0,1,0,0,'胥传国','北京省北京市市胥传国','15095010388',NULL,NULL,0.00,0,NULL,1477994600,NULL,NULL,NULL,'117.136.94.79',8,0.00,0,1.00,0.00,0.00,123.00,0.00,123.00,0,0,0,0,0),('14781580670000',119,1,1,1,0,1,'胥传国','北京省北京市市胥传国','15095010388',3,'1234',0.00,0,NULL,1478158067,NULL,NULL,NULL,'112.232.57.208',8,0.00,0,1.00,0.00,0.00,123.00,0.00,123.00,0,0,0,0,0),('14781622280000',126,0,0,1,0,0,'廖鹏','北京省北京市市在内网萧山人','15974252691',NULL,NULL,0.00,0,NULL,1478162228,NULL,NULL,NULL,'117.136.77.193',9,0.00,0,0.20,0.00,0.00,0.25,0.00,0.25,0,0,0,0,0),('14782487930000',92,0,0,0,0,0,'是','北京省北京市市looutywwooktupkano','18513959292',NULL,NULL,0.00,0,NULL,1478248793,NULL,NULL,NULL,'61.148.244.156',2,0.00,0,137.00,0.00,0.00,0.00,0.00,0.00,0,0,0,0,0),('14783115840000',119,0,0,1,0,0,'胥传国','北京省北京市市胥传国','15095010388',NULL,NULL,0.00,0,NULL,1478311584,NULL,NULL,NULL,'113.128.63.228',9,0.00,0,0.20,0.00,0.00,0.25,0.00,0.25,0,0,0,0,0),('14783337460000',88,0,0,0,0,0,'15095010388','河北省省石家庄市市1587','15095010388',NULL,NULL,0.00,0,NULL,1478333746,NULL,NULL,NULL,'113.128.59.124',2,0.00,0,201.00,0.00,0.00,0.00,0.00,0.00,0,0,0,0,0),('14796374510000',3,0,0,1,0,0,'胥传国','黑龙江省省哈尔滨市市12387','15095010388',NULL,NULL,0.00,0,NULL,1477657795,NULL,NULL,NULL,'117.136.94.24',1,1.00,0,1.00,0.00,0.00,0.00,0.00,0.00,0,0,0,0,0),('14805769830000',128,0,0,1,0,0,'周末‘','北京省北京市市山东济南没有呢','18954066795',NULL,NULL,0.00,0,NULL,1480576983,NULL,NULL,NULL,'124.132.14.176',2,0.00,0,130.00,0.00,0.00,0.00,0.00,0.00,0,0,0,0,0),('14805794350000',128,0,0,0,0,0,'周末‘','北京省北京市市山东济南没有呢','18954066795',NULL,NULL,0.00,0,NULL,1480579435,NULL,NULL,NULL,'124.132.14.176',2,0.00,0,137.00,0.00,0.00,0.00,0.00,0.00,0,0,0,0,0),('14805794390000',128,0,0,0,0,0,'周末‘','北京省北京市市山东济南没有呢','18954066795',NULL,NULL,0.00,0,NULL,1480579439,NULL,NULL,NULL,'124.132.14.176',2,0.00,0,137.00,0.00,0.00,0.00,0.00,0.00,0,0,0,0,0);
/*!40000 ALTER TABLE `ms_mall_order_info` ENABLE KEYS */;
UNLOCK TABLES;

--
-- Table structure for table `ms_mall_pay_temporary`
--

DROP TABLE IF EXISTS `ms_mall_pay_temporary`;
/*!40101 SET @saved_cs_client     = @@character_set_client */;
/*!40101 SET character_set_client = utf8 */;
CREATE TABLE `ms_mall_pay_temporary` (
  `out_trade_no` char(20) NOT NULL,
  `order_sn` text,
  `cash` decimal(10,2) DEFAULT '0.00',
  `integral` int(10) DEFAULT '0',
  `yjt` decimal(10,2) DEFAULT '0.00' COMMENT '消费的一卷通',
  `gwq` decimal(10,2) DEFAULT '0.00' COMMENT '消费的购物券',
  `total` decimal(10,2) DEFAULT '0.00' COMMENT '消费总额',
  `status` int(1) DEFAULT '0',
  PRIMARY KEY (`out_trade_no`)
) ENGINE=InnoDB DEFAULT CHARSET=utf8 COMMENT='订单支付表';
/*!40101 SET character_set_client = @saved_cs_client */;

--
-- Dumping data for table `ms_mall_pay_temporary`
--

LOCK TABLES `ms_mall_pay_temporary` WRITE;
/*!40000 ALTER TABLE `ms_mall_pay_temporary` DISABLE KEYS */;
INSERT INTO `ms_mall_pay_temporary` VALUES ('14776577956969','14776577950000',0.00,0,0.00,0.00,1.00,1),('14776584551993','14776584550000',0.00,0,0.00,0.00,1.00,1),('14776595006889','14776595000000',0.00,0,0.00,0.00,1.00,0),('14777013444297','14777013440000',0.00,0,0.00,1.00,NULL,0),('14777013462066','14777013460000',0.00,0,0.00,1.00,NULL,0),('14777013491981','14777013490000',0.00,0,0.00,1.00,NULL,0),('14777013684674','14777013680000',0.00,0,0.00,0.00,1.00,0),('14777046358981','14777046350000',0.00,0,0.00,0.00,1.00,0),('14777075511952','14777075510000',0.00,0,0.00,0.00,1.00,0),('14777264265663','14777264260000',0.00,0,0.00,0.00,130.00,0),('14777264471421','14777264470000',0.00,0,0.00,130.00,NULL,0),('14777264607193','14777264600000',0.00,0,0.00,130.00,NULL,0),('14777266986595','14777266980000',0.00,0,0.00,130.00,NULL,0),('14777267007455','14777267000000',0.00,0,0.00,130.00,NULL,0),('14777267043797','14777267040000',0.00,0,0.00,130.00,NULL,0),('14777267077665','14777267070000',0.00,0,0.00,130.00,NULL,0),('14777267082817','14777267080000',0.00,0,0.00,130.00,NULL,0),('14777267083112','14777267080000',0.00,0,0.00,130.00,NULL,0),('14777267086760','14777267080000',0.00,0,0.00,130.00,NULL,0),('14777267088100','14777267080000',0.00,0,0.00,130.00,NULL,0),('14777267089403','14777267080000',0.00,0,0.00,130.00,NULL,0),('14777267894687','14777267890000',0.00,0,0.00,130.00,NULL,0),('14777271282096','14777271280000',0.00,0,0.00,130.00,NULL,0),('14777271497012','14777271490000',0.00,0,0.00,130.00,NULL,0),('14777285372591','14777285370000',0.00,0,0.00,130.00,NULL,0),('14777336371030','14777336370000',0.00,0,0.00,0.00,1.00,0),('14777356325251','14777356320000',0.00,0,130.00,128.00,NULL,0),('14777356353116','14777356350000',0.00,0,0.00,258.00,NULL,0),('14777356374864','14777356370000',0.00,0,0.00,258.00,NULL,0),('14777407775980','14777407770000',0.00,0,0.00,130.00,NULL,0),('14777412596258','14777412595440',0.00,0,0.00,130.00,NULL,0),('14777413492025','14777413496251',0.00,0,0.00,130.00,NULL,0),('14777415706340','14777415706986',0.00,0,0.00,130.00,NULL,0),('14777415743229','14777415741568',0.00,0,0.00,130.00,NULL,0),('14777416353952','14777416354077',0.00,0,0.00,130.00,NULL,0),('14777416528870','14777416524835',0.00,0,0.00,130.00,NULL,0),('14777419802175','14777419805441,14777419808584',0.00,0,0.00,130.00,NULL,0),('14777426962085','14777426963314,14777426969316',0.00,0,0.00,130.00,NULL,0),('14778142737125','14778142739630',0.00,0,0.00,273.00,NULL,0),('14778149721877','14778149720000',0.00,0,0.00,0.00,0.00,0),('14778150061413','14778150060000',0.00,0,0.00,0.00,259.00,0),('14778150226089','14778150220000',0.00,0,0.00,130.00,129.00,0),('14778153932779','14778153930000',0.00,0,1161.00,0.00,0.00,0),('14778156961005','14778153930000',0.00,0,0.00,0.00,1161.00,0),('14778162877340','14778162870000',0.00,0,0.00,745.00,744.00,0),('14778163215209','14778163210000',0.00,0,0.00,608.00,607.00,0),('14778190156829','14778190150000',0.00,0,0.00,0.00,1.00,0),('14778208083693','14778208080000',0.00,0,0.00,0.00,0.00,0),('14778208591549','14778208080000',0.00,0,0.00,0.00,0.00,0),('14778252004195','14778252000000',0.00,0,0.00,0.00,1.00,0),('14778257187370','14778257180000',0.00,0,0.00,0.00,1.00,0),('14778763299425','14778763290000',0.00,0,0.00,0.00,1.00,0),('14778764153297','14778764150000',0.00,0,0.00,0.00,1.00,0),('14778770762926','14778770760000',0.00,0,0.00,0.00,1.00,0),('14778779449239','14778779440000',0.00,0,0.00,0.00,1.00,0),('14778786891763','14778786890000',0.00,0,0.00,0.00,1.00,0),('14778804412433','14778804410000',0.00,0,0.00,0.00,1.00,0),('14778809897883','14778809890000',0.00,0,0.00,0.00,1.00,0),('14778820526337','14778820520000',0.00,0,0.00,0.00,1.00,0),('14778823824879','14778823820000',0.00,0,0.00,0.00,1.00,0),('14779712579953','14779712570000',0.00,0,0.00,0.00,745.00,0),('14779713313754','14779713318471',0.00,0,0.00,1837.00,NULL,0),('14779847239740','14779847230000',0.00,0,0.00,0.00,1.00,1),('14779861865936','14779861860000',0.00,0,1.00,0.00,0.00,0),('14779862054551','14779861860000',0.00,0,0.00,0.00,1.00,0),('14779862433113','14779862430000',0.00,0,1.00,0.00,0.00,0),('14779863093199','14779863090000',0.00,0,0.00,0.00,1.00,1),('14779864683052','14779864680000',0.00,0,0.00,0.00,1.00,1),('14779870648470','14779870640000',0.00,0,0.00,1.00,0.00,0),('14779871338565','14779871330000',0.00,0,0.00,1.00,0.00,0),('14779871891290','14779871890000',0.00,0,0.00,1.00,0.00,0),('14779875068875','14779875060000',0.00,0,0.00,1.00,0.00,1),('14779875948019','14779875940000',0.00,0,0.00,1.00,0.00,0),('14779876666424','14779876660000',0.00,0,0.00,1.00,0.00,0),('14779878201837','14779878200000',0.00,0,0.00,1.00,0.00,1),('14779899489741','14779899480000',0.00,0,1.00,0.00,0.00,1),('14779919625843','14779919620000',0.00,0,0.00,0.00,1.00,0),('14779946002176','14779946000000',0.00,0,0.00,1.00,0.00,1),('14781580676012','14781580670000',0.00,0,0.00,1.00,0.00,1),('14781622285986','14781622280000',0.00,0,0.00,0.00,0.00,1),('14782487934144','14782487930000',0.00,0,0.00,0.00,274.00,0),('14783089612645','14783089610000',0.00,0,0.00,1.00,0.00,0),('14783089626693','14783089620000',0.00,0,0.00,1.00,0.00,0),('14783089659531','14783089650000',0.00,0,0.00,0.00,1.00,0),('14783115849803','14783115840000',0.00,0,0.00,0.00,0.00,1),('14783116373439','14783116373821',0.00,0,0.00,129.00,NULL,0),('14783337462882','14783337460000',0.00,0,0.00,0.00,400.00,0),('14805769834389','14805769830000',0.00,0,0.00,130.00,0.00,1),('14805794351047','14805794350000',0.00,0,137.00,0.00,0.00,0),('14805794398014','14805794390000',0.00,0,137.00,0.00,0.00,0),('14805795142060','14805794390000',0.00,0,0.00,0.00,137.00,0);
/*!40000 ALTER TABLE `ms_mall_pay_temporary` ENABLE KEYS */;
UNLOCK TABLES;

--
-- Table structure for table `ms_mall_pond`
--

DROP TABLE IF EXISTS `ms_mall_pond`;
/*!40101 SET @saved_cs_client     = @@character_set_client */;
/*!40101 SET character_set_client = utf8 */;
CREATE TABLE `ms_mall_pond` (
  `code` char(10) DEFAULT NULL,
  `total` bigint(20) DEFAULT '0'
) ENGINE=MyISAM DEFAULT CHARSET=utf8 COMMENT='黑金总数';
/*!40101 SET character_set_client = @saved_cs_client */;

--
-- Dumping data for table `ms_mall_pond`
--

LOCK TABLES `ms_mall_pond` WRITE;
/*!40000 ALTER TABLE `ms_mall_pond` DISABLE KEYS */;
INSERT INTO `ms_mall_pond` VALUES ('HEIJIN',0);
/*!40000 ALTER TABLE `ms_mall_pond` ENABLE KEYS */;
UNLOCK TABLES;

--
-- Table structure for table `ms_mall_refund`
--

DROP TABLE IF EXISTS `ms_mall_refund`;
/*!40101 SET @saved_cs_client     = @@character_set_client */;
/*!40101 SET character_set_client = utf8 */;
CREATE TABLE `ms_mall_refund` (
  `refund_id` int(11) NOT NULL AUTO_INCREMENT,
  `order_sn` char(14) DEFAULT NULL,
  `refund_img` varchar(255) DEFAULT NULL,
  `goods_id` int(11) DEFAULT NULL,
  `amount` decimal(10,2) DEFAULT '0.00',
  `reason` varchar(255) DEFAULT NULL COMMENT '原因',
  `status` tinyint(1) DEFAULT '0' COMMENT '退款状态 1 已确认 2 已发回 3 已退款 4 已换货',
  `create_time` int(11) DEFAULT NULL COMMENT '创建时间',
  `refund_time` int(11) DEFAULT NULL COMMENT '返还时间',
  `store_id` int(11) DEFAULT NULL COMMENT '店铺ID',
  `user_id` int(11) DEFAULT NULL COMMENT '申请人',
  `ship_id` varchar(25) DEFAULT NULL COMMENT '配送单编号',
  `ship_company` varchar(25) DEFAULT NULL COMMENT '配送公司',
  `ship_time` int(11) DEFAULT NULL COMMENT '配送填写时间',
  `type` enum('换货','退货') DEFAULT '退货' COMMENT '退换货类型',
  `sure_time` int(11) DEFAULT NULL COMMENT '同意时间',
  `cash` decimal(10,2) DEFAULT '0.00',
  `yqt` decimal(10,2) DEFAULT '0.00',
  `gwq` decimal(10,2) DEFAULT '0.00',
  PRIMARY KEY (`refund_id`)
) ENGINE=InnoDB AUTO_INCREMENT=12 DEFAULT CHARSET=utf8 COMMENT='用户退换货表';
/*!40101 SET character_set_client = @saved_cs_client */;

--
-- Dumping data for table `ms_mall_refund`
--

LOCK TABLES `ms_mall_refund` WRITE;
/*!40000 ALTER TABLE `ms_mall_refund` DISABLE KEYS */;
INSERT INTO `ms_mall_refund` VALUES (2,'14776577950000',NULL,60,1.00,'',2,1479566775,NULL,2,3,'123181723432','中通快递',1479659145,'退货',1479651882,1.00,0.00,0.00),(4,'14778153930000',NULL,48,0.00,'不想要了',0,1480409898,NULL,2,3,NULL,NULL,NULL,'退货',NULL,0.00,NULL,0.00),(7,'14779847230000',NULL,75,0.00,'123123',0,1480410853,NULL,8,115,NULL,NULL,NULL,'退货',NULL,0.00,NULL,0.00),(11,'14778823820000','Refund2016-11-30//583e3d45ec79f.png',60,0.00,'111111',0,1480473925,NULL,1,115,NULL,NULL,NULL,'退货',NULL,1.00,NULL,0.00);
/*!40000 ALTER TABLE `ms_mall_refund` ENABLE KEYS */;
UNLOCK TABLES;

--
-- Table structure for table `ms_mall_rule`
--

DROP TABLE IF EXISTS `ms_mall_rule`;
/*!40101 SET @saved_cs_client     = @@character_set_client */;
/*!40101 SET character_set_client = utf8 */;
CREATE TABLE `ms_mall_rule` (
  `type` int(11) NOT NULL,
  `name` varchar(50) DEFAULT NULL,
  `bfb` tinyint(1) DEFAULT '0',
  `config` text
) ENGINE=InnoDB DEFAULT CHARSET=utf8 COMMENT='全局规则（充值，提现，升级，提现）';
/*!40101 SET character_set_client = @saved_cs_client */;

--
-- Dumping data for table `ms_mall_rule`
--

LOCK TABLES `ms_mall_rule` WRITE;
/*!40000 ALTER TABLE `ms_mall_rule` DISABLE KEYS */;
INSERT INTO `ms_mall_rule` VALUES (5,'对碰设置',0,'a:5:{i:0;a:3:{i:0;a:5:{s:7:\"min_fee\";s:1:\"1\";s:7:\"max_fee\";s:7:\"1000000\";s:2:\"bi\";s:1:\"3\";s:8:\"cap_type\";s:6:\"no_cap\";s:7:\"cap_fee\";a:4:{i:0;s:0:\"\";i:1;s:0:\"\";i:2;s:0:\"\";i:3;s:0:\"\";}}i:1;a:5:{s:7:\"min_fee\";s:7:\"1000000\";s:7:\"max_fee\";s:7:\"3000000\";s:2:\"bi\";s:1:\"2\";s:8:\"cap_type\";s:6:\"no_cap\";s:7:\"cap_fee\";a:4:{i:0;s:0:\"\";i:1;s:0:\"\";i:2;s:0:\"\";i:3;s:0:\"\";}}i:2;a:5:{s:7:\"min_fee\";s:7:\"3000000\";s:7:\"max_fee\";s:0:\"\";s:2:\"bi\";s:1:\"1\";s:8:\"cap_type\";s:3:\"day\";s:7:\"cap_fee\";a:4:{i:0;s:4:\"2000\";i:1;s:4:\"5000\";i:2;s:4:\"8000\";i:3;s:5:\"10000\";}}}i:1;a:1:{s:7:\"DUIPENG\";a:2:{s:4:\"open\";s:1:\"1\";s:4:\"bobi\";a:4:{i:1;s:1:\"6\";i:2;s:1:\"8\";i:3;s:1:\"9\";i:4;s:2:\"10\";}}}i:2;a:1:{s:8:\"JIANDIAN\";a:4:{s:4:\"open\";s:1:\"1\";s:4:\"bobi\";s:3:\"0.5\";s:8:\"cap_type\";s:6:\"no_cap\";s:7:\"cap_fee\";s:1:\"0\";}}i:3;a:1:{s:9:\"CHONGXIAO\";s:2:\"20\";}i:4;a:1:{s:2:\"JF\";a:5:{s:4:\"zzjf\";s:2:\"50\";s:3:\"zcb\";s:2:\"50\";s:4:\"dcsf\";s:2:\"10\";s:3:\"zzb\";s:2:\"10\";s:4:\"zzys\";s:2:\"24\";}}}'),(2,'黑金',0,'1'),(6,'代理商 ',1,'a:25:{s:9:\"3_V_N_G_I\";s:3:\"6.5\";s:9:\"3_V_N_J_I\";s:3:\"6.5\";s:9:\"3_V_N_G_O\";s:1:\"2\";s:7:\"3_V_2_G\";s:1:\"1\";s:7:\"3_V_2_J\";s:1:\"1\";s:7:\"3_V_1_G\";s:1:\"1\";s:7:\"3_V_1_J\";s:1:\"1\";s:7:\"S_V_3_G\";s:1:\"1\";s:7:\"S_V_3_J\";s:1:\"1\";s:9:\"2_V_N_G_I\";s:3:\"5.5\";s:9:\"2_V_N_J_I\";s:3:\"5.5\";s:9:\"2_V_N_G_O\";s:1:\"2\";s:9:\"2_V_N_J_O\";s:1:\"2\";s:7:\"2_V_1_G\";s:3:\"1.5\";s:7:\"2_V_1_J\";s:3:\"1.5\";s:7:\"S_V_2_G\";s:3:\"1.5\";s:7:\"S_V_2_J\";s:3:\"1.5\";s:9:\"1_V_N_G_I\";s:1:\"4\";s:9:\"1_V_N_J_I\";s:1:\"4\";s:9:\"1_V_N_G_O\";s:1:\"2\";s:9:\"1_V_N_J_O\";s:1:\"2\";s:7:\"S_V_1_G\";s:1:\"2\";s:7:\"S_V_1_J\";s:1:\"2\";s:7:\"S_V_N_G\";s:1:\"2\";s:7:\"S_V_N_J\";s:1:\"2\";}'),(1,'充值 ',1,'a:3:{s:3:\"GWQ\";s:1:\"1\";s:3:\"YJT\";s:1:\"1\";s:12:\"CZ_GWQ_S_GWQ\";s:2:\"50\";}'),(1,'提现 ',1,'a:5:{s:2:\"JF\";s:1:\"1\";s:3:\"YJT\";s:1:\"1\";s:6:\"TX_FEE\";s:1:\"5\";s:6:\"TX_MIN\";s:3:\"100\";s:7:\"TX_BASE\";s:3:\"100\";}'),(1,'提现 ',1,'a:5:{s:5:\"YJT_H\";s:3:\"100\";s:5:\"GWQ_H\";s:3:\"100\";s:9:\"FXZSYJT_H\";s:2:\"50\";s:3:\"HJS\";s:3:\"100\";s:8:\"TX_FEE_H\";s:1:\"5\";}'),(4,'合格消费商升级条件',1,'a:2:{s:4:\"TJGS\";s:1:\"1\";s:7:\"GWQGDCZ\";s:1:\"1\";}'),(4,'一卷通购物赠送一卷通',1,'a:9:{s:2:\"D1\";a:3:{i:0;s:3:\"100\";i:1;s:3:\"100\";i:2;s:2:\"20\";}s:2:\"D2\";a:3:{i:0;s:3:\"100\";i:1;s:3:\"100\";i:2;s:2:\"10\";}s:2:\"D3\";a:3:{i:0;s:3:\"100\";i:1;s:3:\"100\";i:2;s:2:\"15\";}s:2:\"D4\";a:3:{i:0;s:1:\"0\";i:1;s:1:\"0\";i:2;s:1:\"0\";}s:2:\"D5\";a:3:{i:0;s:1:\"0\";i:1;s:1:\"0\";i:2;s:1:\"0\";}s:2:\"D6\";a:3:{i:0;s:1:\"0\";i:1;s:1:\"0\";i:2;s:1:\"0\";}s:2:\"D7\";a:3:{i:0;s:1:\"0\";i:1;s:1:\"0\";i:2;s:1:\"0\";}s:2:\"D8\";a:3:{i:0;s:1:\"0\";i:1;s:1:\"0\";i:2;s:1:\"0\";}s:2:\"D9\";a:3:{i:0;s:1:\"0\";i:1;s:1:\"0\";i:2;s:1:\"0\";}}'),(4,'充值购物券赠送一卷通 ',1,'a:9:{s:2:\"D1\";a:3:{i:0;s:3:\"100\";i:1;s:3:\"100\";i:2;s:2:\"10\";}s:2:\"D2\";a:3:{i:0;s:3:\"100\";i:1;s:3:\"100\";i:2;s:2:\"20\";}s:2:\"D3\";a:3:{i:0;s:3:\"100\";i:1;s:3:\"100\";i:2;s:2:\"30\";}s:2:\"D4\";a:3:{i:0;s:3:\"100\";i:1;s:3:\"100\";i:2;s:2:\"40\";}s:2:\"D5\";a:3:{i:0;s:3:\"100\";i:1;s:3:\"100\";i:2;s:2:\"50\";}s:2:\"D6\";a:3:{i:0;s:3:\"100\";i:1;s:3:\"100\";i:2;s:2:\"60\";}s:2:\"D7\";a:3:{i:0;s:3:\"100\";i:1;s:3:\"100\";i:2;s:2:\"70\";}s:2:\"D8\";a:3:{i:0;s:3:\"100\";i:1;s:3:\"100\";i:2;s:2:\"80\";}s:2:\"D9\";a:3:{i:0;s:3:\"100\";i:1;s:3:\"100\";i:2;s:2:\"90\";}}');
/*!40000 ALTER TABLE `ms_mall_rule` ENABLE KEYS */;
UNLOCK TABLES;

--
-- Table structure for table `ms_mall_rule_copy`
--

DROP TABLE IF EXISTS `ms_mall_rule_copy`;
/*!40101 SET @saved_cs_client     = @@character_set_client */;
/*!40101 SET character_set_client = utf8 */;
CREATE TABLE `ms_mall_rule_copy` (
  `type` int(11) NOT NULL,
  `name` varchar(50) DEFAULT NULL,
  `bfb` tinyint(1) DEFAULT '0',
  `config` text
) ENGINE=InnoDB DEFAULT CHARSET=utf8 COMMENT='全局规则（充值，提现，升级，提现）';
/*!40101 SET character_set_client = @saved_cs_client */;

--
-- Dumping data for table `ms_mall_rule_copy`
--

LOCK TABLES `ms_mall_rule_copy` WRITE;
/*!40000 ALTER TABLE `ms_mall_rule_copy` DISABLE KEYS */;
INSERT INTO `ms_mall_rule_copy` VALUES (1,'充值比例',0,'a:6:{s:3:\"GWQ\";i:1;s:3:\"YJT\";i:1;s:3:\"BDB\";i:1;s:3:\"DZB\";i:1;s:3:\"ZCB\";i:1;s:2:\"JF\";i:1;}'),(1,'提现',0,'a:1:{s:5:\"TXSXF\";d:0.050000000000000003;}'),(1,'积分',0,'a:3:{s:4:\"JFDJ\";d:0.5;s:4:\"JFSF\";d:0.5;s:4:\"DCSF\";d:0.10000000000000001;}'),(1,'赠送购物券',0,'a:2:{s:4:\"CZZS\";d:0.5;s:4:\"XFZS\";d:0.5;}'),(3,'合格消费商升级条件',0,'a:2:{s:4:\"TJGS\";i:5;s:7:\"GWQGDCZ\";i:200;}'),(4,'一卷通购物赠送一卷通',1,'a:9:{s:2:\"D1\";a:3:{i:0;s:3:\"100\";i:1;s:2:\"20\";i:2;s:1:\"0\";}s:2:\"D2\";a:3:{i:0;s:3:\"100\";i:1;s:2:\"20\";i:2;s:2:\"10\";}s:2:\"D3\";a:3:{i:0;s:3:\"100\";i:1;s:2:\"20\";i:2;s:2:\"15\";}s:2:\"D4\";a:3:{i:0;s:1:\"0\";i:1;s:1:\"0\";i:2;s:1:\"0\";}s:2:\"D5\";a:3:{i:0;s:1:\"0\";i:1;s:1:\"0\";i:2;s:1:\"0\";}s:2:\"D6\";a:3:{i:0;s:1:\"0\";i:1;s:1:\"0\";i:2;s:1:\"0\";}s:2:\"D7\";a:3:{i:0;s:1:\"0\";i:1;s:1:\"0\";i:2;s:1:\"0\";}s:2:\"D8\";a:3:{i:0;s:1:\"0\";i:1;s:1:\"0\";i:2;s:1:\"0\";}s:2:\"D9\";a:3:{i:0;s:1:\"0\";i:1;s:1:\"0\";i:2;s:1:\"0\";}}'),(4,'充值购物券赠送一卷通 ',1,'a:9:{s:2:\"D1\";a:3:{i:0;s:3:\"100\";i:1;s:3:\"100\";i:2;s:1:\"0\";}s:2:\"D2\";a:3:{i:0;s:3:\"100\";i:1;s:3:\"100\";i:2;s:2:\"10\";}s:2:\"D3\";a:3:{i:0;s:3:\"100\";i:1;s:3:\"100\";i:2;s:2:\"15\";}s:2:\"D4\";a:3:{i:0;s:1:\"0\";i:1;s:1:\"0\";i:2;s:1:\"0\";}s:2:\"D5\";a:3:{i:0;s:1:\"0\";i:1;s:1:\"0\";i:2;s:1:\"0\";}s:2:\"D6\";a:3:{i:0;s:1:\"0\";i:1;s:1:\"0\";i:2;s:1:\"0\";}s:2:\"D7\";a:3:{i:0;s:1:\"0\";i:1;s:1:\"0\";i:2;s:1:\"0\";}s:2:\"D8\";a:3:{i:0;s:1:\"0\";i:1;s:1:\"0\";i:2;s:1:\"0\";}s:2:\"D9\";a:3:{i:0;s:1:\"0\";i:1;s:1:\"0\";i:2;s:1:\"0\";}}');
/*!40000 ALTER TABLE `ms_mall_rule_copy` ENABLE KEYS */;
UNLOCK TABLES;

--
-- Table structure for table `ms_mall_shipping`
--

DROP TABLE IF EXISTS `ms_mall_shipping`;
/*!40101 SET @saved_cs_client     = @@character_set_client */;
/*!40101 SET character_set_client = utf8 */;
CREATE TABLE `ms_mall_shipping` (
  `shipping_id` tinyint(3) unsigned NOT NULL AUTO_INCREMENT,
  `shipping_code` varchar(20) NOT NULL DEFAULT '',
  `shipping_name` varchar(120) NOT NULL DEFAULT '',
  `shipping_desc` varchar(255) NOT NULL DEFAULT '',
  `insure` varchar(10) NOT NULL DEFAULT '0',
  `support_cod` tinyint(1) unsigned NOT NULL DEFAULT '0',
  `enabled` tinyint(1) unsigned NOT NULL DEFAULT '0',
  `shipping_print` text,
  `print_bg` varchar(255) DEFAULT NULL,
  `config_lable` text,
  `print_model` tinyint(1) DEFAULT '0',
  `shipping_order` tinyint(3) unsigned NOT NULL DEFAULT '0',
  PRIMARY KEY (`shipping_id`),
  KEY `shipping_code` (`shipping_code`,`enabled`)
) ENGINE=MyISAM AUTO_INCREMENT=55 DEFAULT CHARSET=utf8 COMMENT='快递';
/*!40101 SET character_set_client = @saved_cs_client */;

--
-- Dumping data for table `ms_mall_shipping`
--

LOCK TABLES `ms_mall_shipping` WRITE;
/*!40000 ALTER TABLE `ms_mall_shipping` DISABLE KEYS */;
INSERT INTO `ms_mall_shipping` VALUES (1,'ems','EMS','','0',0,1,'',NULL,NULL,0,0),(2,'shentong','申通','','0',0,1,'',NULL,NULL,0,0),(3,'zhongtong','中通','','0',0,1,'',NULL,NULL,0,0),(4,'yunda','韵达','','0',0,1,'',NULL,NULL,0,0),(5,'zhaijisong','宅急送','','0',0,1,'',NULL,NULL,0,0),(6,'youzhengguonei','邮政包裹','','0',0,1,'',NULL,NULL,0,0),(7,'shunfeng','顺丰','','0',0,1,'',NULL,NULL,0,0),(8,'yuantong','圆通','','0',0,1,'',NULL,NULL,0,0),(9,'huitongkuaidi','汇通','','0',0,1,'',NULL,NULL,0,0),(10,'tiantian','天天','','0',0,1,'',NULL,NULL,0,0),(11,'quanfengkuaidi','全峰','','0',0,1,'',NULL,NULL,0,0),(12,'rufengda','凡客配送','','0',0,1,'',NULL,NULL,0,0),(13,'youzhengguonei','包裹/平邮','','0',0,1,'',NULL,NULL,0,0),(14,'bangsongwuliu','邦送物流','','0',0,1,'',NULL,NULL,0,0),(15,'dhl','DHL','','0',0,1,'',NULL,NULL,0,0),(16,'debangwuliu','德邦','','0',0,1,'',NULL,NULL,0,0),(17,'disifang','递四方','','0',0,1,'',NULL,NULL,0,0),(18,'ems','E邮宝','','0',0,1,'',NULL,NULL,0,0),(19,'emsguoji','EMS国际','','0',0,1,'',NULL,NULL,0,0),(20,'fedex','FedEx','','0',0,1,'',NULL,NULL,0,0),(21,'feibaokuaidi','飞豹快递','','0',0,0,'',NULL,NULL,0,0),(22,'feikangda','飞康达','','0',0,0,'',NULL,NULL,0,0),(23,'youzhengguonei','挂号信','','0',0,0,'',NULL,NULL,0,0),(24,'guotongkuaidi','国通快递','','0',0,0,'',NULL,NULL,0,0),(25,'ganzhongnengda','能达速递','','0',0,0,'',NULL,NULL,0,0),(26,'huitongkuaidi','汇通快运','','0',0,0,'',NULL,NULL,0,0),(27,'huaqikuaiyun','华企快运','','0',0,0,'',NULL,NULL,0,0),(28,'jiajiwuliu','佳吉快运','','0',0,0,'',NULL,NULL,0,0),(29,'jialidatong','嘉里大通','','0',0,0,'',NULL,NULL,0,0),(30,'jixianda','急先达','','0',0,0,'',NULL,NULL,0,0),(31,'kuaijiesudi','快捷速递','','0',0,0,'',NULL,NULL,0,0),(32,'kuayue','跨越速递','','0',0,0,'',NULL,NULL,0,0),(33,'lianbangkuaidi','联邦快递','','0',0,0,'',NULL,NULL,0,0),(34,'lianhaowuliu','联昊通','','0',0,0,'',NULL,NULL,0,0),(35,'quanfengkuaidi','全峰快递','','0',0,0,'',NULL,NULL,0,0),(36,'quanchenkuaidi','全晨快递','','0',0,0,'',NULL,NULL,0,0),(37,'quanyikuaidi','全一快递','','0',0,0,'',NULL,NULL,0,0),(38,'suer','速尔快递','','0',0,0,'',NULL,NULL,0,0),(39,'shangcheng','尚橙物流','','0',0,0,'',NULL,NULL,0,0),(40,'tnt','TNT','','0',0,0,'',NULL,NULL,0,0),(41,'tiandihuayu','天地华宇','','0',0,0,'',NULL,NULL,0,0),(42,'usps','USPS','','0',0,0,'',NULL,NULL,0,0),(43,'ups','UPS','','0',0,0,'',NULL,NULL,0,0),(44,'youshuwuliu','优速快递','','0',0,0,'',NULL,NULL,0,0),(45,'xinbangwuliu','新邦物流','','0',0,0,'',NULL,NULL,0,0),(46,'xinfengwuliu','信丰物流','','0',0,0,'',NULL,NULL,0,0),(47,'neweggozzo','新蛋物流','','0',0,0,'',NULL,NULL,0,0),(48,'youzhengguonei','邮政国内','','0',0,0,'',NULL,NULL,0,0),(49,'youzhengguoji','邮政国际','','0',0,0,'',NULL,NULL,0,0),(50,'yinjiesudi','银捷速递','','0',0,0,'',NULL,NULL,0,0),(51,'zhongyouwuliu','中邮物流','','0',0,0,'',NULL,NULL,0,0),(52,'ztky','中铁物流','','0',0,0,'',NULL,NULL,0,0),(53,'zhongtiewuliu','中铁快运','','0',0,0,'',NULL,NULL,0,0),(54,'ems','EMS','','0',0,1,NULL,NULL,NULL,0,0);
/*!40000 ALTER TABLE `ms_mall_shipping` ENABLE KEYS */;
UNLOCK TABLES;

--
-- Table structure for table `ms_mall_shipping_area`
--

DROP TABLE IF EXISTS `ms_mall_shipping_area`;
/*!40101 SET @saved_cs_client     = @@character_set_client */;
/*!40101 SET character_set_client = utf8 */;
CREATE TABLE `ms_mall_shipping_area` (
  `templ_id` int(4) DEFAULT NULL COMMENT '模板id',
  `area_id` int(4) DEFAULT NULL COMMENT '区域id',
  `shipping_id` int(4) DEFAULT NULL COMMENT '配送方式id'
) ENGINE=InnoDB DEFAULT CHARSET=utf8 COMMENT='配送区域';
/*!40101 SET character_set_client = @saved_cs_client */;

--
-- Dumping data for table `ms_mall_shipping_area`
--

LOCK TABLES `ms_mall_shipping_area` WRITE;
/*!40000 ALTER TABLE `ms_mall_shipping_area` DISABLE KEYS */;
INSERT INTO `ms_mall_shipping_area` VALUES (3,223,1),(3,224,1),(3,225,1),(3,226,1),(3,227,1),(3,228,1),(3,229,1),(3,230,1),(3,231,1),(3,232,1),(3,233,1),(3,234,1),(3,235,1),(3,236,1),(3,237,1),(3,238,1),(3,239,1),(3,223,7),(3,224,7),(3,225,7),(3,226,7),(3,227,7),(3,228,7),(3,229,7),(3,230,7),(3,231,7),(3,232,7),(3,233,7),(3,234,7),(3,235,7),(3,236,7),(3,237,7),(3,238,7),(3,239,7),(4,36,1),(4,40,1),(4,73,1),(4,74,1),(4,75,1),(4,76,1),(4,77,1),(4,78,1),(4,79,1),(4,80,1),(4,81,1),(4,82,1),(4,83,1),(4,84,1),(4,85,1),(4,86,1),(4,87,1),(4,88,1),(4,89,1),(4,90,1),(4,91,1),(4,92,1),(4,93,1),(4,94,1),(4,95,1),(4,96,1),(4,97,1),(4,98,1),(4,99,1),(4,100,1),(4,101,1),(4,102,1),(4,103,1),(4,104,1),(4,105,1),(4,106,1),(4,107,1),(4,108,1),(4,109,1),(4,110,1),(4,111,1),(4,112,1),(4,113,1),(4,114,1),(4,115,1),(4,116,1),(4,117,1),(4,118,1),(4,119,1),(4,120,1),(4,121,1),(4,122,1),(4,123,1),(4,124,1),(4,125,1),(4,126,1),(4,127,1),(4,128,1),(4,129,1),(4,130,1),(4,131,1),(4,132,1),(4,133,1),(4,134,1),(4,135,1),(4,136,1),(4,137,1),(4,138,1),(4,139,1),(4,140,1),(4,141,1),(4,142,1),(4,39,1),(4,162,1),(4,163,1),(4,164,1),(4,165,1),(4,166,1),(4,167,1),(4,168,1),(4,169,1),(4,170,1),(4,171,1),(4,172,1),(4,173,1),(4,174,1),(4,175,1),(4,176,1),(4,177,1),(4,178,1),(4,179,1),(4,180,1),(4,181,1),(4,182,1),(4,183,1),(4,184,1),(4,185,1),(4,186,1),(4,187,1),(4,188,1),(4,189,1),(4,190,1),(4,191,1),(4,192,1),(4,193,1),(4,194,1),(4,195,1),(4,196,1),(4,197,1),(4,198,1),(4,199,1),(4,200,1),(4,201,1),(4,202,1),(4,203,1),(4,204,1),(4,205,1),(4,206,1),(4,207,1),(4,208,1),(4,209,1),(4,210,1),(4,211,1),(4,212,1),(4,213,1),(4,214,1),(4,215,1),(4,216,1),(4,217,1),(4,218,1),(4,219,1),(4,220,1),(4,221,1),(4,222,1),(4,223,1),(4,224,1),(4,225,1),(4,226,1),(4,227,1),(4,228,1),(4,229,1),(4,230,1),(4,231,1),(4,232,1),(4,233,1),(4,234,1),(4,235,1),(4,236,1),(4,237,1),(4,238,1),(4,239,1),(4,240,1),(4,241,1),(4,242,1),(4,243,1),(4,244,1),(4,245,1),(4,246,1),(4,247,1),(4,248,1),(4,249,1),(4,250,1),(4,251,1),(4,252,1),(4,253,1),(4,254,1),(4,255,1),(4,256,1),(4,257,1),(4,258,1),(4,259,1),(4,260,1),(4,261,1),(4,262,1),(4,263,1),(4,264,1),(4,265,1),(4,266,1),(4,267,1),(4,268,1),(4,269,1),(4,270,1),(4,271,1),(4,272,1),(4,273,1),(4,274,1),(4,275,1),(4,276,1),(4,277,1),(4,278,1),(4,279,1),(4,280,1),(4,281,1),(4,282,1),(4,283,1),(4,284,1),(4,285,1),(4,286,1),(4,287,1),(4,288,1),(4,289,1),(4,290,1),(4,291,1),(4,292,1),(4,293,1),(4,294,1),(4,295,1),(4,296,1),(4,297,1),(4,298,1),(4,299,1),(4,300,1),(4,301,1),(4,302,1),(4,303,1),(4,304,1),(4,305,1),(4,306,1),(4,307,1),(4,308,1),(4,309,1),(4,310,1),(4,311,1),(4,312,1),(4,313,1),(4,314,1),(4,315,1),(4,316,1),(4,317,1),(4,318,1),(4,319,1),(4,320,1),(4,321,1),(4,322,1),(4,323,1),(4,324,1),(4,325,1),(4,326,1),(4,327,1),(4,328,1),(4,329,1),(4,330,1),(4,331,1),(4,332,1),(4,333,1),(4,334,1),(4,335,1),(4,336,1),(4,337,1),(4,338,1),(4,339,1),(4,340,1),(4,341,1),(4,342,1),(4,343,1),(4,344,1),(4,62,1),(4,385,1),(4,386,1),(4,387,1),(4,388,1),(4,389,1),(4,390,1),(4,391,1),(4,392,1),(4,393,1),(4,394,1),(4,395,1),(4,396,1),(4,397,1),(4,398,1),(4,399,1),(4,400,1),(4,401,1),(4,402,1),(4,403,1),(4,404,1),(4,405,1),(4,406,1),(4,407,1),(4,408,1),(4,409,1),(4,410,1),(4,411,1),(4,412,1),(4,413,1),(4,414,1),(4,415,1),(4,416,1),(4,417,1),(4,418,1),(4,419,1),(4,420,1),(4,421,1),(4,422,1),(4,423,1),(4,424,1),(4,425,1),(4,426,1),(4,427,1),(4,428,1),(4,429,1),(4,430,1),(4,431,1),(4,432,1),(4,433,1),(4,434,1),(4,435,1),(4,436,1),(4,437,1),(4,438,1),(4,439,1),(4,440,1),(4,441,1),(4,442,1),(4,443,1),(4,444,1),(4,445,1),(4,446,1),(4,447,1),(4,448,1),(4,449,1),(4,450,1),(4,451,1),(4,452,1),(4,453,1),(4,454,1),(4,455,1),(4,456,1),(4,457,1),(4,458,1),(4,459,1),(4,460,1),(4,461,1),(4,462,1),(4,463,1),(4,464,1),(4,465,1),(4,466,1),(4,467,1),(4,468,1),(4,469,1),(4,470,1),(4,471,1),(4,472,1),(4,473,1),(4,474,1),(4,475,1),(4,476,1),(4,477,1),(4,478,1),(4,479,1),(4,480,1),(4,481,1),(4,482,1),(4,483,1),(4,484,1),(4,485,1),(4,486,1),(4,487,1),(4,488,1),(4,489,1),(4,490,1),(4,491,1),(4,492,1),(4,493,1),(4,494,1),(4,495,1),(4,496,1),(4,497,1),(4,498,1),(4,499,1),(4,500,1),(4,501,1),(4,502,1),(4,503,1),(4,504,1),(4,505,1),(4,506,1),(4,507,1),(4,508,1),(4,509,1),(4,510,1),(4,511,1),(4,512,1),(4,513,1),(4,514,1),(4,515,1),(4,516,1),(4,517,1),(4,518,1),(4,519,1),(4,520,1),(4,521,1),(4,522,1),(4,523,1),(4,524,1),(4,525,1),(4,526,1),(4,527,1),(4,528,1),(4,529,1),(4,530,1),(4,531,1),(4,532,1),(4,533,1),(4,534,1),(4,45055,1),(5,36,1),(5,40,1),(5,73,1),(5,74,1),(5,75,1),(5,76,1),(5,77,1),(5,78,1),(5,79,1),(5,80,1),(5,81,1),(5,82,1),(5,83,1),(5,84,1),(5,85,1),(5,86,1),(5,87,1),(5,88,1),(5,89,1),(5,90,1),(5,91,1),(5,92,1),(5,93,1),(5,94,1),(5,95,1),(5,96,1),(5,97,1),(5,98,1),(5,99,1),(5,100,1),(5,101,1),(5,102,1),(5,103,1),(5,104,1),(5,105,1),(5,106,1),(5,107,1),(5,108,1),(5,109,1),(5,110,1),(5,111,1),(5,112,1),(5,113,1),(5,114,1),(5,115,1),(5,116,1),(5,117,1),(5,118,1),(5,119,1),(5,120,1),(5,121,1),(5,122,1),(5,123,1),(5,124,1),(5,125,1),(5,126,1),(5,127,1),(5,128,1),(5,129,1),(5,130,1),(5,131,1),(5,132,1),(5,133,1),(5,134,1),(5,135,1),(5,136,1),(5,137,1),(5,138,1),(5,139,1),(5,140,1),(5,141,1),(5,142,1),(5,39,1),(5,162,1),(5,163,1),(5,164,1),(5,165,1),(5,166,1),(5,167,1),(5,168,1),(5,169,1),(5,170,1),(5,171,1),(5,172,1),(5,173,1),(5,174,1),(5,175,1),(5,176,1),(5,177,1),(5,178,1),(5,179,1),(5,180,1),(5,181,1),(5,182,1),(5,183,1),(5,184,1),(5,185,1),(5,186,1),(5,187,1),(5,188,1),(5,189,1),(5,190,1),(5,191,1),(5,192,1),(5,193,1),(5,194,1),(5,195,1),(5,196,1),(5,197,1),(5,198,1),(5,199,1),(5,200,1),(5,201,1),(5,202,1),(5,203,1),(5,204,1),(5,205,1),(5,206,1),(5,207,1),(5,208,1),(5,209,1),(5,210,1),(5,211,1),(5,212,1),(5,213,1),(5,214,1),(5,215,1),(5,216,1),(5,217,1),(5,218,1),(5,219,1),(5,220,1),(5,221,1),(5,222,1),(5,223,1),(5,224,1),(5,225,1),(5,226,1),(5,227,1),(5,228,1),(5,229,1),(5,230,1),(5,231,1),(5,232,1),(5,233,1),(5,234,1),(5,235,1),(5,236,1),(5,237,1),(5,238,1),(5,239,1),(5,240,1),(5,241,1),(5,242,1),(5,243,1),(5,244,1),(5,245,1),(5,246,1),(5,247,1),(5,248,1),(5,249,1),(5,250,1),(5,251,1),(5,252,1),(5,253,1),(5,254,1),(5,255,1),(5,256,1),(5,257,1),(5,258,1),(5,259,1),(5,260,1),(5,261,1),(5,262,1),(5,263,1),(5,264,1),(5,265,1),(5,266,1),(5,267,1),(5,268,1),(5,269,1),(5,270,1),(5,271,1),(5,272,1),(5,273,1),(5,274,1),(5,275,1),(5,276,1),(5,277,1),(5,278,1),(5,279,1),(5,280,1),(5,281,1),(5,282,1),(5,283,1),(5,284,1),(5,285,1),(5,286,1),(5,287,1),(5,288,1),(5,289,1),(5,290,1),(5,291,1),(5,292,1),(5,293,1),(5,294,1),(5,295,1),(5,296,1),(5,297,1),(5,298,1),(5,299,1),(5,300,1),(5,301,1),(5,302,1),(5,303,1),(5,304,1),(5,305,1),(5,306,1),(5,307,1),(5,308,1),(5,309,1),(5,310,1),(5,311,1),(5,312,1),(5,313,1),(5,314,1),(5,315,1),(5,316,1),(5,317,1),(5,318,1),(5,319,1),(5,320,1),(5,321,1),(5,322,1),(5,323,1),(5,324,1),(5,325,1),(5,326,1),(5,327,1),(5,328,1),(5,329,1),(5,330,1),(5,331,1),(5,332,1),(5,333,1),(5,334,1),(5,335,1),(5,336,1),(5,337,1),(5,338,1),(5,339,1),(5,340,1),(5,341,1),(5,342,1),(5,343,1),(5,344,1),(5,62,1),(5,385,1),(5,386,1),(5,387,1),(5,388,1),(5,389,1),(5,390,1),(5,391,1),(5,392,1),(5,393,1),(5,394,1),(5,395,1),(5,396,1),(5,397,1),(5,398,1),(5,399,1),(5,400,1),(5,401,1),(5,402,1),(5,403,1),(5,404,1),(5,405,1),(5,406,1),(5,407,1),(5,408,1),(5,409,1),(5,410,1),(5,411,1),(5,412,1),(5,413,1),(5,414,1),(5,415,1),(5,416,1),(5,417,1),(5,418,1),(5,419,1),(5,420,1),(5,421,1),(5,422,1),(5,423,1),(5,424,1),(5,425,1),(5,426,1),(5,427,1),(5,428,1),(5,429,1),(5,430,1),(5,431,1),(5,432,1),(5,433,1),(5,434,1),(5,435,1),(5,436,1),(5,437,1),(5,438,1),(5,439,1),(5,440,1),(5,441,1),(5,442,1),(5,443,1),(5,444,1),(5,445,1),(5,446,1),(5,447,1),(5,448,1),(5,449,1),(5,450,1),(5,451,1),(5,452,1),(5,453,1),(5,454,1),(5,455,1),(5,456,1),(5,457,1),(5,458,1),(5,459,1),(5,460,1),(5,461,1),(5,462,1),(5,463,1),(5,464,1),(5,465,1),(5,466,1),(5,467,1),(5,468,1),(5,469,1),(5,470,1),(5,471,1),(5,472,1),(5,473,1),(5,474,1),(5,475,1),(5,476,1),(5,477,1),(5,478,1),(5,479,1),(5,480,1),(5,481,1),(5,482,1),(5,483,1),(5,484,1),(5,485,1),(5,486,1),(5,487,1),(5,488,1),(5,489,1),(5,490,1),(5,491,1),(5,492,1),(5,493,1),(5,494,1),(5,495,1),(5,496,1),(5,497,1),(5,498,1),(5,499,1),(5,500,1),(5,501,1),(5,502,1),(5,503,1),(5,504,1),(5,505,1),(5,506,1),(5,507,1),(5,508,1),(5,509,1),(5,510,1),(5,511,1),(5,512,1),(5,513,1),(5,514,1),(5,515,1),(5,516,1),(5,517,1),(5,518,1),(5,519,1),(5,520,1),(5,521,1),(5,522,1),(5,523,1),(5,524,1),(5,525,1),(5,526,1),(5,527,1),(5,528,1),(5,529,1),(5,530,1),(5,531,1),(5,532,1),(5,533,1),(5,534,1),(5,45055,1),(5,36,2),(5,40,2),(5,73,2),(5,74,2),(5,75,2),(5,76,2),(5,77,2),(5,78,2),(5,79,2),(5,80,2),(5,81,2),(5,82,2),(5,83,2),(5,84,2),(5,85,2),(5,86,2),(5,87,2),(5,88,2),(5,89,2),(5,90,2),(5,91,2),(5,92,2),(5,93,2),(5,94,2),(5,95,2),(5,96,2),(5,97,2),(5,98,2),(5,99,2),(5,100,2),(5,101,2),(5,102,2),(5,103,2),(5,104,2),(5,105,2),(5,106,2),(5,107,2),(5,108,2),(5,109,2),(5,110,2),(5,111,2),(5,112,2),(5,113,2),(5,114,2),(5,115,2),(5,116,2),(5,117,2),(5,118,2),(5,119,2),(5,120,2),(5,121,2),(5,122,2),(5,123,2),(5,124,2),(5,125,2),(5,126,2),(5,127,2),(5,128,2),(5,129,2),(5,130,2),(5,131,2),(5,132,2),(5,133,2),(5,134,2),(5,135,2),(5,136,2),(5,137,2),(5,138,2),(5,139,2),(5,140,2),(5,141,2),(5,142,2),(5,39,2),(5,162,2),(5,163,2),(5,164,2),(5,165,2),(5,166,2),(5,167,2),(5,168,2),(5,169,2),(5,170,2),(5,171,2),(5,172,2),(5,173,2),(5,174,2),(5,175,2),(5,176,2),(5,177,2),(5,178,2),(5,179,2),(5,180,2),(5,181,2),(5,182,2),(5,183,2),(5,184,2),(5,185,2),(5,186,2),(5,187,2),(5,188,2),(5,189,2),(5,190,2),(5,191,2),(5,192,2),(5,193,2),(5,194,2),(5,195,2),(5,196,2),(5,197,2),(5,198,2),(5,199,2),(5,200,2),(5,201,2),(5,202,2),(5,203,2),(5,204,2),(5,205,2),(5,206,2),(5,207,2),(5,208,2),(5,209,2),(5,210,2),(5,211,2),(5,212,2),(5,213,2),(5,214,2),(5,215,2),(5,216,2),(5,217,2),(5,218,2),(5,219,2),(5,220,2),(5,221,2),(5,222,2),(5,223,2),(5,224,2),(5,225,2),(5,226,2),(5,227,2),(5,228,2),(5,229,2),(5,230,2),(5,231,2),(5,232,2),(5,233,2),(5,234,2),(5,235,2),(5,236,2),(5,237,2),(5,238,2),(5,239,2),(5,240,2),(5,241,2),(5,242,2),(5,243,2),(5,244,2),(5,245,2),(5,246,2),(5,247,2),(5,248,2),(5,249,2),(5,250,2),(5,251,2),(5,252,2),(5,253,2),(5,254,2),(5,255,2),(5,256,2),(5,257,2),(5,258,2),(5,259,2),(5,260,2),(5,261,2),(5,262,2),(5,263,2),(5,264,2),(5,265,2),(5,266,2),(5,267,2),(5,268,2),(5,269,2),(5,270,2),(5,271,2),(5,272,2),(5,273,2),(5,274,2),(5,275,2),(5,276,2),(5,277,2),(5,278,2),(5,279,2),(5,280,2),(5,281,2),(5,282,2),(5,283,2),(5,284,2),(5,285,2),(5,286,2),(5,287,2),(5,288,2),(5,289,2),(5,290,2),(5,291,2),(5,292,2),(5,293,2),(5,294,2),(5,295,2),(5,296,2),(5,297,2),(5,298,2),(5,299,2),(5,300,2),(5,301,2),(5,302,2),(5,303,2),(5,304,2),(5,305,2),(5,306,2),(5,307,2),(5,308,2),(5,309,2),(5,310,2),(5,311,2),(5,312,2),(5,313,2),(5,314,2),(5,315,2),(5,316,2),(5,317,2),(5,318,2),(5,319,2),(5,320,2),(5,321,2),(5,322,2),(5,323,2),(5,324,2),(5,325,2),(5,326,2),(5,327,2),(5,328,2),(5,329,2),(5,330,2),(5,331,2),(5,332,2),(5,333,2),(5,334,2),(5,335,2),(5,336,2),(5,337,2),(5,338,2),(5,339,2),(5,340,2),(5,341,2),(5,342,2),(5,343,2),(5,344,2),(5,62,2),(5,385,2),(5,386,2),(5,387,2),(5,388,2),(5,389,2),(5,390,2),(5,391,2),(5,392,2),(5,393,2),(5,394,2),(5,395,2),(5,396,2),(5,397,2),(5,398,2),(5,399,2),(5,400,2),(5,401,2),(5,402,2),(5,403,2),(5,404,2),(5,405,2),(5,406,2),(5,407,2),(5,408,2),(5,409,2),(5,410,2),(5,411,2),(5,412,2),(5,413,2),(5,414,2),(5,415,2),(5,416,2),(5,417,2),(5,418,2),(5,419,2),(5,420,2),(5,421,2),(5,422,2),(5,423,2),(5,424,2),(5,425,2),(5,426,2),(5,427,2),(5,428,2),(5,429,2),(5,430,2),(5,431,2),(5,432,2),(5,433,2),(5,434,2),(5,435,2),(5,436,2),(5,437,2),(5,438,2),(5,439,2),(5,440,2),(5,441,2),(5,442,2),(5,443,2),(5,444,2),(5,445,2),(5,446,2),(5,447,2),(5,448,2),(5,449,2),(5,450,2),(5,451,2),(5,452,2),(5,453,2),(5,454,2),(5,455,2),(5,456,2),(5,457,2),(5,458,2),(5,459,2),(5,460,2),(5,461,2),(5,462,2),(5,463,2),(5,464,2),(5,465,2),(5,466,2),(5,467,2),(5,468,2),(5,469,2),(5,470,2),(5,471,2),(5,472,2),(5,473,2),(5,474,2),(5,475,2),(5,476,2),(5,477,2),(5,478,2),(5,479,2),(5,480,2),(5,481,2),(5,482,2),(5,483,2),(5,484,2),(5,485,2),(5,486,2),(5,487,2),(5,488,2),(5,489,2),(5,490,2),(5,491,2),(5,492,2),(5,493,2),(5,494,2),(5,495,2),(5,496,2),(5,497,2),(5,498,2),(5,499,2),(5,500,2),(5,501,2),(5,502,2),(5,503,2),(5,504,2),(5,505,2),(5,506,2),(5,507,2),(5,508,2),(5,509,2),(5,510,2),(5,511,2),(5,512,2),(5,513,2),(5,514,2),(5,515,2),(5,516,2),(5,517,2),(5,518,2),(5,519,2),(5,520,2),(5,521,2),(5,522,2),(5,523,2),(5,524,2),(5,525,2),(5,526,2),(5,527,2),(5,528,2),(5,529,2),(5,530,2),(5,531,2),(5,532,2),(5,533,2),(5,534,2),(5,45055,2),(5,36,3),(5,40,3),(5,73,3),(5,74,3),(5,75,3),(5,76,3),(5,77,3),(5,78,3),(5,79,3),(5,80,3),(5,81,3),(5,82,3),(5,83,3),(5,84,3),(5,85,3),(5,86,3),(5,87,3),(5,88,3),(5,89,3),(5,90,3),(5,91,3),(5,92,3),(5,93,3),(5,94,3),(5,95,3),(5,96,3),(5,97,3),(5,98,3),(5,99,3),(5,100,3),(5,101,3),(5,102,3),(5,103,3),(5,104,3),(5,105,3),(5,106,3),(5,107,3),(5,108,3),(5,109,3),(5,110,3),(5,111,3),(5,112,3),(5,113,3),(5,114,3),(5,115,3),(5,116,3),(5,117,3),(5,118,3),(5,119,3),(5,120,3),(5,121,3),(5,122,3),(5,123,3),(5,124,3),(5,125,3),(5,126,3),(5,127,3),(5,128,3),(5,129,3),(5,130,3),(5,131,3),(5,132,3),(5,133,3),(5,134,3),(5,135,3),(5,136,3),(5,137,3),(5,138,3),(5,139,3),(5,140,3),(5,141,3),(5,142,3),(5,39,3),(5,162,3),(5,163,3),(5,164,3),(5,165,3),(5,166,3),(5,167,3),(5,168,3),(5,169,3),(5,170,3),(5,171,3),(5,172,3),(5,173,3),(5,174,3),(5,175,3),(5,176,3),(5,177,3),(5,178,3),(5,179,3),(5,180,3),(5,181,3),(5,182,3),(5,183,3),(5,184,3),(5,185,3),(5,186,3),(5,187,3),(5,188,3),(5,189,3),(5,190,3),(5,191,3),(5,192,3),(5,193,3),(5,194,3),(5,195,3),(5,196,3),(5,197,3),(5,198,3),(5,199,3),(5,200,3),(5,201,3),(5,202,3),(5,203,3),(5,204,3),(5,205,3),(5,206,3),(5,207,3),(5,208,3),(5,209,3),(5,210,3),(5,211,3),(5,212,3),(5,213,3),(5,214,3),(5,215,3),(5,216,3),(5,217,3),(5,218,3),(5,219,3),(5,220,3),(5,221,3),(5,222,3),(5,223,3),(5,224,3),(5,225,3),(5,226,3),(5,227,3),(5,228,3),(5,229,3),(5,230,3),(5,231,3),(5,232,3),(5,233,3),(5,234,3),(5,235,3),(5,236,3),(5,237,3),(5,238,3),(5,239,3),(5,240,3),(5,241,3),(5,242,3),(5,243,3),(5,244,3),(5,245,3),(5,246,3),(5,247,3),(5,248,3),(5,249,3),(5,250,3),(5,251,3),(5,252,3),(5,253,3),(5,254,3),(5,255,3),(5,256,3),(5,257,3),(5,258,3),(5,259,3),(5,260,3),(5,261,3),(5,262,3),(5,263,3),(5,264,3),(5,265,3),(5,266,3),(5,267,3),(5,268,3),(5,269,3),(5,270,3),(5,271,3),(5,272,3),(5,273,3),(5,274,3),(5,275,3),(5,276,3),(5,277,3),(5,278,3),(5,279,3),(5,280,3),(5,281,3),(5,282,3),(5,283,3),(5,284,3),(5,285,3),(5,286,3),(5,287,3),(5,288,3),(5,289,3),(5,290,3),(5,291,3),(5,292,3),(5,293,3),(5,294,3),(5,295,3),(5,296,3),(5,297,3),(5,298,3),(5,299,3),(5,300,3),(5,301,3),(5,302,3),(5,303,3),(5,304,3),(5,305,3),(5,306,3),(5,307,3),(5,308,3),(5,309,3),(5,310,3),(5,311,3),(5,312,3),(5,313,3),(5,314,3),(5,315,3),(5,316,3),(5,317,3),(5,318,3),(5,319,3),(5,320,3),(5,321,3),(5,322,3),(5,323,3),(5,324,3),(5,325,3),(5,326,3),(5,327,3),(5,328,3),(5,329,3),(5,330,3),(5,331,3),(5,332,3),(5,333,3),(5,334,3),(5,335,3),(5,336,3),(5,337,3),(5,338,3),(5,339,3),(5,340,3),(5,341,3),(5,342,3),(5,343,3),(5,344,3),(5,62,3),(5,385,3),(5,386,3),(5,387,3),(5,388,3),(5,389,3),(5,390,3),(5,391,3),(5,392,3),(5,393,3),(5,394,3),(5,395,3),(5,396,3),(5,397,3),(5,398,3),(5,399,3),(5,400,3),(5,401,3),(5,402,3),(5,403,3),(5,404,3),(5,405,3),(5,406,3),(5,407,3),(5,408,3),(5,409,3),(5,410,3),(5,411,3),(5,412,3),(5,413,3),(5,414,3),(5,415,3),(5,416,3),(5,417,3),(5,418,3),(5,419,3),(5,420,3),(5,421,3),(5,422,3),(5,423,3),(5,424,3),(5,425,3),(5,426,3),(5,427,3),(5,428,3),(5,429,3),(5,430,3),(5,431,3),(5,432,3),(5,433,3),(5,434,3),(5,435,3),(5,436,3),(5,437,3),(5,438,3),(5,439,3),(5,440,3),(5,441,3),(5,442,3),(5,443,3),(5,444,3),(5,445,3),(5,446,3),(5,447,3),(5,448,3),(5,449,3),(5,450,3),(5,451,3),(5,452,3),(5,453,3),(5,454,3),(5,455,3),(5,456,3),(5,457,3),(5,458,3),(5,459,3),(5,460,3),(5,461,3),(5,462,3),(5,463,3),(5,464,3),(5,465,3),(5,466,3),(5,467,3),(5,468,3),(5,469,3),(5,470,3),(5,471,3),(5,472,3),(5,473,3),(5,474,3),(5,475,3),(5,476,3),(5,477,3),(5,478,3),(5,479,3),(5,480,3),(5,481,3),(5,482,3),(5,483,3),(5,484,3),(5,485,3),(5,486,3),(5,487,3),(5,488,3),(5,489,3),(5,490,3),(5,491,3),(5,492,3),(5,493,3),(5,494,3),(5,495,3),(5,496,3),(5,497,3),(5,498,3),(5,499,3),(5,500,3),(5,501,3),(5,502,3),(5,503,3),(5,504,3),(5,505,3),(5,506,3),(5,507,3),(5,508,3),(5,509,3),(5,510,3),(5,511,3),(5,512,3),(5,513,3),(5,514,3),(5,515,3),(5,516,3),(5,517,3),(5,518,3),(5,519,3),(5,520,3),(5,521,3),(5,522,3),(5,523,3),(5,524,3),(5,525,3),(5,526,3),(5,527,3),(5,528,3),(5,529,3),(5,530,3),(5,531,3),(5,532,3),(5,533,3),(5,534,3),(5,45055,3),(5,36,4),(5,40,4),(5,73,4),(5,74,4),(5,75,4),(5,76,4),(5,77,4),(5,78,4),(5,79,4),(5,80,4),(5,81,4),(5,82,4),(5,83,4),(5,84,4),(5,85,4),(5,86,4),(5,87,4),(5,88,4),(5,89,4),(5,90,4),(5,91,4),(5,92,4),(5,93,4),(5,94,4),(5,95,4),(5,96,4),(5,97,4),(5,98,4),(5,99,4),(5,100,4),(5,101,4),(5,102,4),(5,103,4),(5,104,4),(5,105,4),(5,106,4),(5,107,4),(5,108,4),(5,109,4),(5,110,4),(5,111,4),(5,112,4),(5,113,4),(5,114,4),(5,115,4),(5,116,4),(5,117,4),(5,118,4),(5,119,4),(5,120,4),(5,121,4),(5,122,4),(5,123,4),(5,124,4),(5,125,4),(5,126,4),(5,127,4),(5,128,4),(5,129,4),(5,130,4),(5,131,4),(5,132,4),(5,133,4),(5,134,4),(5,135,4),(5,136,4),(5,137,4),(5,138,4),(5,139,4),(5,140,4),(5,141,4),(5,142,4),(5,39,4),(5,162,4),(5,163,4),(5,164,4),(5,165,4),(5,166,4),(5,167,4),(5,168,4),(5,169,4),(5,170,4),(5,171,4),(5,172,4),(5,173,4),(5,174,4),(5,175,4),(5,176,4),(5,177,4),(5,178,4),(5,179,4),(5,180,4),(5,181,4),(5,182,4),(5,183,4),(5,184,4),(5,185,4),(5,186,4),(5,187,4),(5,188,4),(5,189,4),(5,190,4),(5,191,4),(5,192,4),(5,193,4),(5,194,4),(5,195,4),(5,196,4),(5,197,4),(5,198,4),(5,199,4),(5,200,4),(5,201,4),(5,202,4),(5,203,4),(5,204,4),(5,205,4),(5,206,4),(5,207,4),(5,208,4),(5,209,4),(5,210,4),(5,211,4),(5,212,4),(5,213,4),(5,214,4),(5,215,4),(5,216,4),(5,217,4),(5,218,4),(5,219,4),(5,220,4),(5,221,4),(5,222,4),(5,223,4),(5,224,4),(5,225,4),(5,226,4),(5,227,4),(5,228,4),(5,229,4),(5,230,4),(5,231,4),(5,232,4),(5,233,4),(5,234,4),(5,235,4),(5,236,4),(5,237,4),(5,238,4),(5,239,4),(5,240,4),(5,241,4),(5,242,4),(5,243,4),(5,244,4),(5,245,4),(5,246,4),(5,247,4),(5,248,4),(5,249,4),(5,250,4),(5,251,4),(5,252,4),(5,253,4),(5,254,4),(5,255,4),(5,256,4),(5,257,4),(5,258,4),(5,259,4),(5,260,4),(5,261,4),(5,262,4),(5,263,4),(5,264,4),(5,265,4),(5,266,4),(5,267,4),(5,268,4),(5,269,4),(5,270,4),(5,271,4),(5,272,4),(5,273,4),(5,274,4),(5,275,4),(5,276,4),(5,277,4),(5,278,4),(5,279,4),(5,280,4),(5,281,4),(5,282,4),(5,283,4),(5,284,4),(5,285,4),(5,286,4),(5,287,4),(5,288,4),(5,289,4),(5,290,4),(5,291,4),(5,292,4),(5,293,4),(5,294,4),(5,295,4),(5,296,4),(5,297,4),(5,298,4),(5,299,4),(5,300,4),(5,301,4),(5,302,4),(5,303,4),(5,304,4),(5,305,4),(5,306,4),(5,307,4),(5,308,4),(5,309,4),(5,310,4),(5,311,4),(5,312,4),(5,313,4),(5,314,4),(5,315,4),(5,316,4),(5,317,4),(5,318,4),(5,319,4),(5,320,4),(5,321,4),(5,322,4),(5,323,4),(5,324,4),(5,325,4),(5,326,4),(5,327,4),(5,328,4),(5,329,4),(5,330,4),(5,331,4),(5,332,4),(5,333,4),(5,334,4),(5,335,4),(5,336,4),(5,337,4),(5,338,4),(5,339,4),(5,340,4),(5,341,4),(5,342,4),(5,343,4),(5,344,4),(5,62,4),(5,385,4),(5,386,4),(5,387,4),(5,388,4),(5,389,4),(5,390,4),(5,391,4),(5,392,4),(5,393,4),(5,394,4),(5,395,4),(5,396,4),(5,397,4),(5,398,4),(5,399,4),(5,400,4),(5,401,4),(5,402,4),(5,403,4),(5,404,4),(5,405,4),(5,406,4),(5,407,4),(5,408,4),(5,409,4),(5,410,4),(5,411,4),(5,412,4),(5,413,4),(5,414,4),(5,415,4),(5,416,4),(5,417,4),(5,418,4),(5,419,4),(5,420,4),(5,421,4),(5,422,4),(5,423,4),(5,424,4),(5,425,4),(5,426,4),(5,427,4),(5,428,4),(5,429,4),(5,430,4),(5,431,4),(5,432,4),(5,433,4),(5,434,4),(5,435,4),(5,436,4),(5,437,4),(5,438,4),(5,439,4),(5,440,4),(5,441,4),(5,442,4),(5,443,4),(5,444,4),(5,445,4),(5,446,4),(5,447,4),(5,448,4),(5,449,4),(5,450,4),(5,451,4),(5,452,4),(5,453,4),(5,454,4),(5,455,4),(5,456,4),(5,457,4),(5,458,4),(5,459,4),(5,460,4),(5,461,4),(5,462,4),(5,463,4),(5,464,4),(5,465,4),(5,466,4),(5,467,4),(5,468,4),(5,469,4),(5,470,4),(5,471,4),(5,472,4),(5,473,4),(5,474,4),(5,475,4),(5,476,4),(5,477,4),(5,478,4),(5,479,4),(5,480,4),(5,481,4),(5,482,4),(5,483,4),(5,484,4),(5,485,4),(5,486,4),(5,487,4),(5,488,4),(5,489,4),(5,490,4),(5,491,4),(5,492,4),(5,493,4),(5,494,4),(5,495,4),(5,496,4),(5,497,4),(5,498,4),(5,499,4),(5,500,4),(5,501,4),(5,502,4),(5,503,4),(5,504,4),(5,505,4),(5,506,4),(5,507,4),(5,508,4),(5,509,4),(5,510,4),(5,511,4),(5,512,4),(5,513,4),(5,514,4),(5,515,4),(5,516,4),(5,517,4),(5,518,4),(5,519,4),(5,520,4),(5,521,4),(5,522,4),(5,523,4),(5,524,4),(5,525,4),(5,526,4),(5,527,4),(5,528,4),(5,529,4),(5,530,4),(5,531,4),(5,532,4),(5,533,4),(5,534,4),(5,45055,4),(5,36,5),(5,40,5),(5,73,5),(5,74,5),(5,75,5),(5,76,5),(5,77,5),(5,78,5),(5,79,5),(5,80,5),(5,81,5),(5,82,5),(5,83,5),(5,84,5),(5,85,5),(5,86,5),(5,87,5),(5,88,5),(5,89,5),(5,90,5),(5,91,5),(5,92,5),(5,93,5),(5,94,5),(5,95,5),(5,96,5),(5,97,5),(5,98,5),(5,99,5),(5,100,5),(5,101,5),(5,102,5),(5,103,5),(5,104,5),(5,105,5),(5,106,5),(5,107,5),(5,108,5),(5,109,5),(5,110,5),(5,111,5),(5,112,5),(5,113,5),(5,114,5),(5,115,5),(5,116,5),(5,117,5),(5,118,5),(5,119,5),(5,120,5),(5,121,5),(5,122,5),(5,123,5),(5,124,5),(5,125,5),(5,126,5),(5,127,5),(5,128,5),(5,129,5),(5,130,5),(5,131,5),(5,132,5),(5,133,5),(5,134,5),(5,135,5),(5,136,5),(5,137,5),(5,138,5),(5,139,5),(5,140,5),(5,141,5),(5,142,5),(5,39,5),(5,162,5),(5,163,5),(5,164,5),(5,165,5),(5,166,5),(5,167,5),(5,168,5),(5,169,5),(5,170,5),(5,171,5),(5,172,5),(5,173,5),(5,174,5),(5,175,5),(5,176,5),(5,177,5),(5,178,5),(5,179,5),(5,180,5),(5,181,5),(5,182,5),(5,183,5),(5,184,5),(5,185,5),(5,186,5),(5,187,5),(5,188,5),(5,189,5),(5,190,5),(5,191,5),(5,192,5),(5,193,5),(5,194,5),(5,195,5),(5,196,5),(5,197,5),(5,198,5),(5,199,5),(5,200,5),(5,201,5),(5,202,5),(5,203,5),(5,204,5),(5,205,5),(5,206,5),(5,207,5),(5,208,5),(5,209,5),(5,210,5),(5,211,5),(5,212,5),(5,213,5),(5,214,5),(5,215,5),(5,216,5),(5,217,5),(5,218,5),(5,219,5),(5,220,5),(5,221,5),(5,222,5),(5,223,5),(5,224,5),(5,225,5),(5,226,5),(5,227,5),(5,228,5),(5,229,5),(5,230,5),(5,231,5),(5,232,5),(5,233,5),(5,234,5),(5,235,5),(5,236,5),(5,237,5),(5,238,5),(5,239,5),(5,240,5),(5,241,5),(5,242,5),(5,243,5),(5,244,5),(5,245,5),(5,246,5),(5,247,5),(5,248,5),(5,249,5),(5,250,5),(5,251,5),(5,252,5),(5,253,5),(5,254,5),(5,255,5),(5,256,5),(5,257,5),(5,258,5),(5,259,5),(5,260,5),(5,261,5),(5,262,5),(5,263,5),(5,264,5),(5,265,5),(5,266,5),(5,267,5),(5,268,5),(5,269,5),(5,270,5),(5,271,5),(5,272,5),(5,273,5),(5,274,5),(5,275,5),(5,276,5),(5,277,5),(5,278,5),(5,279,5),(5,280,5),(5,281,5),(5,282,5),(5,283,5),(5,284,5),(5,285,5),(5,286,5),(5,287,5),(5,288,5),(5,289,5),(5,290,5),(5,291,5),(5,292,5),(5,293,5),(5,294,5),(5,295,5),(5,296,5),(5,297,5),(5,298,5),(5,299,5),(5,300,5),(5,301,5),(5,302,5),(5,303,5),(5,304,5),(5,305,5),(5,306,5),(5,307,5),(5,308,5),(5,309,5),(5,310,5),(5,311,5),(5,312,5),(5,313,5),(5,314,5),(5,315,5),(5,316,5),(5,317,5),(5,318,5),(5,319,5),(5,320,5),(5,321,5),(5,322,5),(5,323,5),(5,324,5),(5,325,5),(5,326,5),(5,327,5),(5,328,5),(5,329,5),(5,330,5),(5,331,5),(5,332,5),(5,333,5),(5,334,5),(5,335,5),(5,336,5),(5,337,5),(5,338,5),(5,339,5),(5,340,5),(5,341,5),(5,342,5),(5,343,5),(5,344,5),(5,62,5),(5,385,5),(5,386,5),(5,387,5),(5,388,5),(5,389,5),(5,390,5),(5,391,5),(5,392,5),(5,393,5),(5,394,5),(5,395,5),(5,396,5),(5,397,5),(5,398,5),(5,399,5),(5,400,5),(5,401,5),(5,402,5),(5,403,5),(5,404,5),(5,405,5),(5,406,5),(5,407,5),(5,408,5),(5,409,5),(5,410,5),(5,411,5),(5,412,5),(5,413,5),(5,414,5),(5,415,5),(5,416,5),(5,417,5),(5,418,5),(5,419,5),(5,420,5),(5,421,5),(5,422,5),(5,423,5),(5,424,5),(5,425,5),(5,426,5),(5,427,5),(5,428,5),(5,429,5),(5,430,5),(5,431,5),(5,432,5),(5,433,5),(5,434,5),(5,435,5),(5,436,5),(5,437,5),(5,438,5),(5,439,5),(5,440,5),(5,441,5),(5,442,5),(5,443,5),(5,444,5),(5,445,5),(5,446,5),(5,447,5),(5,448,5),(5,449,5),(5,450,5),(5,451,5),(5,452,5),(5,453,5),(5,454,5),(5,455,5),(5,456,5),(5,457,5),(5,458,5),(5,459,5),(5,460,5),(5,461,5),(5,462,5),(5,463,5),(5,464,5),(5,465,5),(5,466,5),(5,467,5),(5,468,5),(5,469,5),(5,470,5),(5,471,5),(5,472,5),(5,473,5),(5,474,5),(5,475,5),(5,476,5),(5,477,5),(5,478,5),(5,479,5),(5,480,5),(5,481,5),(5,482,5),(5,483,5),(5,484,5),(5,485,5),(5,486,5),(5,487,5),(5,488,5),(5,489,5),(5,490,5),(5,491,5),(5,492,5),(5,493,5),(5,494,5),(5,495,5),(5,496,5),(5,497,5),(5,498,5),(5,499,5),(5,500,5),(5,501,5),(5,502,5),(5,503,5),(5,504,5),(5,505,5),(5,506,5),(5,507,5),(5,508,5),(5,509,5),(5,510,5),(5,511,5),(5,512,5),(5,513,5),(5,514,5),(5,515,5),(5,516,5),(5,517,5),(5,518,5),(5,519,5),(5,520,5),(5,521,5),(5,522,5),(5,523,5),(5,524,5),(5,525,5),(5,526,5),(5,527,5),(5,528,5),(5,529,5),(5,530,5),(5,531,5),(5,532,5),(5,533,5),(5,534,5),(5,45055,5),(5,36,6),(5,40,6),(5,73,6),(5,74,6),(5,75,6),(5,76,6),(5,77,6),(5,78,6),(5,79,6),(5,80,6),(5,81,6),(5,82,6),(5,83,6),(5,84,6),(5,85,6),(5,86,6),(5,87,6),(5,88,6),(5,89,6),(5,90,6),(5,91,6),(5,92,6),(5,93,6),(5,94,6),(5,95,6),(5,96,6),(5,97,6),(5,98,6),(5,99,6),(5,100,6),(5,101,6),(5,102,6),(5,103,6),(5,104,6),(5,105,6),(5,106,6),(5,107,6),(5,108,6),(5,109,6),(5,110,6),(5,111,6),(5,112,6),(5,113,6),(5,114,6),(5,115,6),(5,116,6),(5,117,6),(5,118,6),(5,119,6),(5,120,6),(5,121,6),(5,122,6),(5,123,6),(5,124,6),(5,125,6),(5,126,6),(5,127,6),(5,128,6),(5,129,6),(5,130,6),(5,131,6),(5,132,6),(5,133,6),(5,134,6),(5,135,6),(5,136,6),(5,137,6),(5,138,6),(5,139,6),(5,140,6),(5,141,6),(5,142,6),(5,39,6),(5,162,6),(5,163,6),(5,164,6),(5,165,6),(5,166,6),(5,167,6),(5,168,6),(5,169,6),(5,170,6),(5,171,6),(5,172,6),(5,173,6),(5,174,6),(5,175,6),(5,176,6),(5,177,6),(5,178,6),(5,179,6),(5,180,6),(5,181,6),(5,182,6),(5,183,6),(5,184,6),(5,185,6),(5,186,6),(5,187,6),(5,188,6),(5,189,6),(5,190,6),(5,191,6),(5,192,6),(5,193,6),(5,194,6),(5,195,6),(5,196,6),(5,197,6),(5,198,6),(5,199,6),(5,200,6),(5,201,6),(5,202,6),(5,203,6),(5,204,6),(5,205,6),(5,206,6),(5,207,6),(5,208,6),(5,209,6),(5,210,6),(5,211,6),(5,212,6),(5,213,6),(5,214,6),(5,215,6),(5,216,6),(5,217,6),(5,218,6),(5,219,6),(5,220,6),(5,221,6),(5,222,6),(5,223,6),(5,224,6),(5,225,6),(5,226,6),(5,227,6),(5,228,6),(5,229,6),(5,230,6),(5,231,6),(5,232,6),(5,233,6),(5,234,6),(5,235,6),(5,236,6),(5,237,6),(5,238,6),(5,239,6),(5,240,6),(5,241,6),(5,242,6),(5,243,6),(5,244,6),(5,245,6),(5,246,6),(5,247,6),(5,248,6),(5,249,6),(5,250,6),(5,251,6),(5,252,6),(5,253,6),(5,254,6),(5,255,6),(5,256,6),(5,257,6),(5,258,6),(5,259,6),(5,260,6),(5,261,6),(5,262,6),(5,263,6),(5,264,6),(5,265,6),(5,266,6),(5,267,6),(5,268,6),(5,269,6),(5,270,6),(5,271,6),(5,272,6),(5,273,6),(5,274,6),(5,275,6),(5,276,6),(5,277,6),(5,278,6),(5,279,6),(5,280,6),(5,281,6),(5,282,6),(5,283,6),(5,284,6),(5,285,6),(5,286,6),(5,287,6),(5,288,6),(5,289,6),(5,290,6),(5,291,6),(5,292,6),(5,293,6),(5,294,6),(5,295,6),(5,296,6),(5,297,6),(5,298,6),(5,299,6),(5,300,6),(5,301,6),(5,302,6),(5,303,6),(5,304,6),(5,305,6),(5,306,6),(5,307,6),(5,308,6),(5,309,6),(5,310,6),(5,311,6),(5,312,6),(5,313,6),(5,314,6),(5,315,6),(5,316,6),(5,317,6),(5,318,6),(5,319,6),(5,320,6),(5,321,6),(5,322,6),(5,323,6),(5,324,6),(5,325,6),(5,326,6),(5,327,6),(5,328,6),(5,329,6),(5,330,6),(5,331,6),(5,332,6),(5,333,6),(5,334,6),(5,335,6),(5,336,6),(5,337,6),(5,338,6),(5,339,6),(5,340,6),(5,341,6),(5,342,6),(5,343,6),(5,344,6),(5,62,6),(5,385,6),(5,386,6),(5,387,6),(5,388,6),(5,389,6),(5,390,6),(5,391,6),(5,392,6),(5,393,6),(5,394,6),(5,395,6),(5,396,6),(5,397,6),(5,398,6),(5,399,6),(5,400,6),(5,401,6),(5,402,6),(5,403,6),(5,404,6),(5,405,6),(5,406,6),(5,407,6),(5,408,6),(5,409,6),(5,410,6),(5,411,6),(5,412,6),(5,413,6),(5,414,6),(5,415,6),(5,416,6),(5,417,6),(5,418,6),(5,419,6),(5,420,6),(5,421,6),(5,422,6),(5,423,6),(5,424,6),(5,425,6),(5,426,6),(5,427,6),(5,428,6),(5,429,6),(5,430,6),(5,431,6),(5,432,6),(5,433,6),(5,434,6),(5,435,6),(5,436,6),(5,437,6),(5,438,6),(5,439,6),(5,440,6),(5,441,6),(5,442,6),(5,443,6),(5,444,6),(5,445,6),(5,446,6),(5,447,6),(5,448,6),(5,449,6),(5,450,6),(5,451,6),(5,452,6),(5,453,6),(5,454,6),(5,455,6),(5,456,6),(5,457,6),(5,458,6),(5,459,6),(5,460,6),(5,461,6),(5,462,6),(5,463,6),(5,464,6),(5,465,6),(5,466,6),(5,467,6),(5,468,6),(5,469,6),(5,470,6),(5,471,6),(5,472,6),(5,473,6),(5,474,6),(5,475,6),(5,476,6),(5,477,6),(5,478,6),(5,479,6),(5,480,6),(5,481,6),(5,482,6),(5,483,6),(5,484,6),(5,485,6),(5,486,6),(5,487,6),(5,488,6),(5,489,6),(5,490,6),(5,491,6),(5,492,6),(5,493,6),(5,494,6),(5,495,6),(5,496,6),(5,497,6),(5,498,6),(5,499,6),(5,500,6),(5,501,6),(5,502,6),(5,503,6),(5,504,6),(5,505,6),(5,506,6),(5,507,6),(5,508,6),(5,509,6),(5,510,6),(5,511,6),(5,512,6),(5,513,6),(5,514,6),(5,515,6),(5,516,6),(5,517,6),(5,518,6),(5,519,6),(5,520,6),(5,521,6),(5,522,6),(5,523,6),(5,524,6),(5,525,6),(5,526,6),(5,527,6),(5,528,6),(5,529,6),(5,530,6),(5,531,6),(5,532,6),(5,533,6),(5,534,6),(5,45055,6),(5,36,7),(5,40,7),(5,73,7),(5,74,7),(5,75,7),(5,76,7),(5,77,7),(5,78,7),(5,79,7),(5,80,7),(5,81,7),(5,82,7),(5,83,7),(5,84,7),(5,85,7),(5,86,7),(5,87,7),(5,88,7),(5,89,7),(5,90,7),(5,91,7),(5,92,7),(5,93,7),(5,94,7),(5,95,7),(5,96,7),(5,97,7),(5,98,7),(5,99,7),(5,100,7),(5,101,7),(5,102,7),(5,103,7),(5,104,7),(5,105,7),(5,106,7),(5,107,7),(5,108,7),(5,109,7),(5,110,7),(5,111,7),(5,112,7),(5,113,7),(5,114,7),(5,115,7),(5,116,7),(5,117,7),(5,118,7),(5,119,7),(5,120,7),(5,121,7),(5,122,7),(5,123,7),(5,124,7),(5,125,7),(5,126,7),(5,127,7),(5,128,7),(5,129,7),(5,130,7),(5,131,7),(5,132,7),(5,133,7),(5,134,7),(5,135,7),(5,136,7),(5,137,7),(5,138,7),(5,139,7),(5,140,7),(5,141,7),(5,142,7),(5,39,7),(5,162,7),(5,163,7),(5,164,7),(5,165,7),(5,166,7),(5,167,7),(5,168,7),(5,169,7),(5,170,7),(5,171,7),(5,172,7),(5,173,7),(5,174,7),(5,175,7),(5,176,7),(5,177,7),(5,178,7),(5,179,7),(5,180,7),(5,181,7),(5,182,7),(5,183,7),(5,184,7),(5,185,7),(5,186,7),(5,187,7),(5,188,7),(5,189,7),(5,190,7),(5,191,7),(5,192,7),(5,193,7),(5,194,7),(5,195,7),(5,196,7),(5,197,7),(5,198,7),(5,199,7),(5,200,7),(5,201,7),(5,202,7),(5,203,7),(5,204,7),(5,205,7),(5,206,7),(5,207,7),(5,208,7),(5,209,7),(5,210,7),(5,211,7),(5,212,7),(5,213,7),(5,214,7),(5,215,7),(5,216,7),(5,217,7),(5,218,7),(5,219,7),(5,220,7),(5,221,7),(5,222,7),(5,223,7),(5,224,7),(5,225,7),(5,226,7),(5,227,7),(5,228,7),(5,229,7),(5,230,7),(5,231,7),(5,232,7),(5,233,7),(5,234,7),(5,235,7),(5,236,7),(5,237,7),(5,238,7),(5,239,7),(5,240,7),(5,241,7),(5,242,7),(5,243,7),(5,244,7),(5,245,7),(5,246,7),(5,247,7),(5,248,7),(5,249,7),(5,250,7),(5,251,7),(5,252,7),(5,253,7),(5,254,7),(5,255,7),(5,256,7),(5,257,7),(5,258,7),(5,259,7),(5,260,7),(5,261,7),(5,262,7),(5,263,7),(5,264,7),(5,265,7),(5,266,7),(5,267,7),(5,268,7),(5,269,7),(5,270,7),(5,271,7),(5,272,7),(5,273,7),(5,274,7),(5,275,7),(5,276,7),(5,277,7),(5,278,7),(5,279,7),(5,280,7),(5,281,7),(5,282,7),(5,283,7),(5,284,7),(5,285,7),(5,286,7),(5,287,7),(5,288,7),(5,289,7),(5,290,7),(5,291,7),(5,292,7),(5,293,7),(5,294,7),(5,295,7),(5,296,7),(5,297,7),(5,298,7),(5,299,7),(5,300,7),(5,301,7),(5,302,7),(5,303,7),(5,304,7),(5,305,7),(5,306,7),(5,307,7),(5,308,7),(5,309,7),(5,310,7),(5,311,7),(5,312,7),(5,313,7),(5,314,7),(5,315,7),(5,316,7),(5,317,7),(5,318,7),(5,319,7),(5,320,7),(5,321,7),(5,322,7),(5,323,7),(5,324,7),(5,325,7),(5,326,7),(5,327,7),(5,328,7),(5,329,7),(5,330,7),(5,331,7),(5,332,7),(5,333,7),(5,334,7),(5,335,7),(5,336,7),(5,337,7),(5,338,7),(5,339,7),(5,340,7),(5,341,7),(5,342,7),(5,343,7),(5,344,7),(5,62,7),(5,385,7),(5,386,7),(5,387,7),(5,388,7),(5,389,7),(5,390,7),(5,391,7),(5,392,7),(5,393,7),(5,394,7),(5,395,7),(5,396,7),(5,397,7),(5,398,7),(5,399,7),(5,400,7),(5,401,7),(5,402,7),(5,403,7),(5,404,7),(5,405,7),(5,406,7),(5,407,7),(5,408,7),(5,409,7),(5,410,7),(5,411,7),(5,412,7),(5,413,7),(5,414,7),(5,415,7),(5,416,7),(5,417,7),(5,418,7),(5,419,7),(5,420,7),(5,421,7),(5,422,7),(5,423,7),(5,424,7),(5,425,7),(5,426,7),(5,427,7),(5,428,7),(5,429,7),(5,430,7),(5,431,7),(5,432,7),(5,433,7),(5,434,7),(5,435,7),(5,436,7),(5,437,7),(5,438,7),(5,439,7),(5,440,7),(5,441,7),(5,442,7),(5,443,7),(5,444,7),(5,445,7),(5,446,7),(5,447,7),(5,448,7),(5,449,7),(5,450,7),(5,451,7),(5,452,7),(5,453,7),(5,454,7),(5,455,7),(5,456,7),(5,457,7),(5,458,7),(5,459,7),(5,460,7),(5,461,7),(5,462,7),(5,463,7),(5,464,7),(5,465,7),(5,466,7),(5,467,7),(5,468,7),(5,469,7),(5,470,7),(5,471,7),(5,472,7),(5,473,7),(5,474,7),(5,475,7),(5,476,7),(5,477,7),(5,478,7),(5,479,7),(5,480,7),(5,481,7),(5,482,7),(5,483,7),(5,484,7),(5,485,7),(5,486,7),(5,487,7),(5,488,7),(5,489,7),(5,490,7),(5,491,7),(5,492,7),(5,493,7),(5,494,7),(5,495,7),(5,496,7),(5,497,7),(5,498,7),(5,499,7),(5,500,7),(5,501,7),(5,502,7),(5,503,7),(5,504,7),(5,505,7),(5,506,7),(5,507,7),(5,508,7),(5,509,7),(5,510,7),(5,511,7),(5,512,7),(5,513,7),(5,514,7),(5,515,7),(5,516,7),(5,517,7),(5,518,7),(5,519,7),(5,520,7),(5,521,7),(5,522,7),(5,523,7),(5,524,7),(5,525,7),(5,526,7),(5,527,7),(5,528,7),(5,529,7),(5,530,7),(5,531,7),(5,532,7),(5,533,7),(5,534,7),(5,45055,7),(5,36,8),(5,40,8),(5,73,8),(5,74,8),(5,75,8),(5,76,8),(5,77,8),(5,78,8),(5,79,8),(5,80,8),(5,81,8),(5,82,8),(5,83,8),(5,84,8),(5,85,8),(5,86,8),(5,87,8),(5,88,8),(5,89,8),(5,90,8),(5,91,8),(5,92,8),(5,93,8),(5,94,8),(5,95,8),(5,96,8),(5,97,8),(5,98,8),(5,99,8),(5,100,8),(5,101,8),(5,102,8),(5,103,8),(5,104,8),(5,105,8),(5,106,8),(5,107,8),(5,108,8),(5,109,8),(5,110,8),(5,111,8),(5,112,8),(5,113,8),(5,114,8),(5,115,8),(5,116,8),(5,117,8),(5,118,8),(5,119,8),(5,120,8),(5,121,8),(5,122,8),(5,123,8),(5,124,8),(5,125,8),(5,126,8),(5,127,8),(5,128,8),(5,129,8),(5,130,8),(5,131,8),(5,132,8),(5,133,8),(5,134,8),(5,135,8),(5,136,8),(5,137,8),(5,138,8),(5,139,8),(5,140,8),(5,141,8),(5,142,8),(5,39,8),(5,162,8),(5,163,8),(5,164,8),(5,165,8),(5,166,8),(5,167,8),(5,168,8),(5,169,8),(5,170,8),(5,171,8),(5,172,8),(5,173,8),(5,174,8),(5,175,8),(5,176,8),(5,177,8),(5,178,8),(5,179,8),(5,180,8),(5,181,8),(5,182,8),(5,183,8),(5,184,8),(5,185,8),(5,186,8),(5,187,8),(5,188,8),(5,189,8),(5,190,8),(5,191,8),(5,192,8),(5,193,8),(5,194,8),(5,195,8),(5,196,8),(5,197,8),(5,198,8),(5,199,8),(5,200,8),(5,201,8),(5,202,8),(5,203,8),(5,204,8),(5,205,8),(5,206,8),(5,207,8),(5,208,8),(5,209,8),(5,210,8),(5,211,8),(5,212,8),(5,213,8),(5,214,8),(5,215,8),(5,216,8),(5,217,8),(5,218,8),(5,219,8),(5,220,8),(5,221,8),(5,222,8),(5,223,8),(5,224,8),(5,225,8),(5,226,8),(5,227,8),(5,228,8),(5,229,8),(5,230,8),(5,231,8),(5,232,8),(5,233,8),(5,234,8),(5,235,8),(5,236,8),(5,237,8),(5,238,8),(5,239,8),(5,240,8),(5,241,8),(5,242,8),(5,243,8),(5,244,8),(5,245,8),(5,246,8),(5,247,8),(5,248,8),(5,249,8),(5,250,8),(5,251,8),(5,252,8),(5,253,8),(5,254,8),(5,255,8),(5,256,8),(5,257,8),(5,258,8),(5,259,8),(5,260,8),(5,261,8),(5,262,8),(5,263,8),(5,264,8),(5,265,8),(5,266,8),(5,267,8),(5,268,8),(5,269,8),(5,270,8),(5,271,8),(5,272,8),(5,273,8),(5,274,8),(5,275,8),(5,276,8),(5,277,8),(5,278,8),(5,279,8),(5,280,8),(5,281,8),(5,282,8),(5,283,8),(5,284,8),(5,285,8),(5,286,8),(5,287,8),(5,288,8),(5,289,8),(5,290,8),(5,291,8),(5,292,8),(5,293,8),(5,294,8),(5,295,8),(5,296,8),(5,297,8),(5,298,8),(5,299,8),(5,300,8),(5,301,8),(5,302,8),(5,303,8),(5,304,8),(5,305,8),(5,306,8),(5,307,8),(5,308,8),(5,309,8),(5,310,8),(5,311,8),(5,312,8),(5,313,8),(5,314,8),(5,315,8),(5,316,8),(5,317,8),(5,318,8),(5,319,8),(5,320,8),(5,321,8),(5,322,8),(5,323,8),(5,324,8),(5,325,8),(5,326,8),(5,327,8),(5,328,8),(5,329,8),(5,330,8),(5,331,8),(5,332,8),(5,333,8),(5,334,8),(5,335,8),(5,336,8),(5,337,8),(5,338,8),(5,339,8),(5,340,8),(5,341,8),(5,342,8),(5,343,8),(5,344,8),(5,62,8),(5,385,8),(5,386,8),(5,387,8),(5,388,8),(5,389,8),(5,390,8),(5,391,8),(5,392,8),(5,393,8),(5,394,8),(5,395,8),(5,396,8),(5,397,8),(5,398,8),(5,399,8),(5,400,8),(5,401,8),(5,402,8),(5,403,8),(5,404,8),(5,405,8),(5,406,8),(5,407,8),(5,408,8),(5,409,8),(5,410,8),(5,411,8),(5,412,8),(5,413,8),(5,414,8),(5,415,8),(5,416,8),(5,417,8),(5,418,8),(5,419,8),(5,420,8),(5,421,8),(5,422,8),(5,423,8),(5,424,8),(5,425,8),(5,426,8),(5,427,8),(5,428,8),(5,429,8),(5,430,8),(5,431,8),(5,432,8),(5,433,8),(5,434,8),(5,435,8),(5,436,8),(5,437,8),(5,438,8),(5,439,8),(5,440,8),(5,441,8),(5,442,8),(5,443,8),(5,444,8),(5,445,8),(5,446,8),(5,447,8),(5,448,8),(5,449,8),(5,450,8),(5,451,8),(5,452,8),(5,453,8),(5,454,8),(5,455,8),(5,456,8),(5,457,8),(5,458,8),(5,459,8),(5,460,8),(5,461,8),(5,462,8),(5,463,8),(5,464,8),(5,465,8),(5,466,8),(5,467,8),(5,468,8),(5,469,8),(5,470,8),(5,471,8),(5,472,8),(5,473,8),(5,474,8),(5,475,8),(5,476,8),(5,477,8),(5,478,8),(5,479,8),(5,480,8),(5,481,8),(5,482,8),(5,483,8),(5,484,8),(5,485,8),(5,486,8),(5,487,8),(5,488,8),(5,489,8),(5,490,8),(5,491,8),(5,492,8),(5,493,8),(5,494,8),(5,495,8),(5,496,8),(5,497,8),(5,498,8),(5,499,8),(5,500,8),(5,501,8),(5,502,8),(5,503,8),(5,504,8),(5,505,8),(5,506,8),(5,507,8),(5,508,8),(5,509,8),(5,510,8),(5,511,8),(5,512,8),(5,513,8),(5,514,8),(5,515,8),(5,516,8),(5,517,8),(5,518,8),(5,519,8),(5,520,8),(5,521,8),(5,522,8),(5,523,8),(5,524,8),(5,525,8),(5,526,8),(5,527,8),(5,528,8),(5,529,8),(5,530,8),(5,531,8),(5,532,8),(5,533,8),(5,534,8),(5,45055,8),(5,36,9),(5,40,9),(5,73,9),(5,74,9),(5,75,9),(5,76,9),(5,77,9),(5,78,9),(5,79,9),(5,80,9),(5,81,9),(5,82,9),(5,83,9),(5,84,9),(5,85,9),(5,86,9),(5,87,9),(5,88,9),(5,89,9),(5,90,9),(5,91,9),(5,92,9),(5,93,9),(5,94,9),(5,95,9),(5,96,9),(5,97,9),(5,98,9),(5,99,9),(5,100,9),(5,101,9),(5,102,9),(5,103,9),(5,104,9),(5,105,9),(5,106,9),(5,107,9),(5,108,9),(5,109,9),(5,110,9),(5,111,9),(5,112,9),(5,113,9),(5,114,9),(5,115,9),(5,116,9),(5,117,9),(5,118,9),(5,119,9),(5,120,9),(5,121,9),(5,122,9),(5,123,9),(5,124,9),(5,125,9),(5,126,9),(5,127,9),(5,128,9),(5,129,9),(5,130,9),(5,131,9),(5,132,9),(5,133,9),(5,134,9),(5,135,9),(5,136,9),(5,137,9),(5,138,9),(5,139,9),(5,140,9),(5,141,9),(5,142,9),(5,39,9),(5,162,9),(5,163,9),(5,164,9),(5,165,9),(5,166,9),(5,167,9),(5,168,9),(5,169,9),(5,170,9),(5,171,9),(5,172,9),(5,173,9),(5,174,9),(5,175,9),(5,176,9),(5,177,9),(5,178,9),(5,179,9),(5,180,9),(5,181,9),(5,182,9),(5,183,9),(5,184,9),(5,185,9),(5,186,9),(5,187,9),(5,188,9),(5,189,9),(5,190,9),(5,191,9),(5,192,9),(5,193,9),(5,194,9),(5,195,9),(5,196,9),(5,197,9),(5,198,9),(5,199,9),(5,200,9),(5,201,9),(5,202,9),(5,203,9),(5,204,9),(5,205,9),(5,206,9),(5,207,9),(5,208,9),(5,209,9),(5,210,9),(5,211,9),(5,212,9),(5,213,9),(5,214,9),(5,215,9),(5,216,9),(5,217,9),(5,218,9),(5,219,9),(5,220,9),(5,221,9),(5,222,9),(5,223,9),(5,224,9),(5,225,9),(5,226,9),(5,227,9),(5,228,9),(5,229,9),(5,230,9),(5,231,9),(5,232,9),(5,233,9),(5,234,9),(5,235,9),(5,236,9),(5,237,9),(5,238,9),(5,239,9),(5,240,9),(5,241,9),(5,242,9),(5,243,9),(5,244,9),(5,245,9),(5,246,9),(5,247,9),(5,248,9),(5,249,9),(5,250,9),(5,251,9),(5,252,9),(5,253,9),(5,254,9),(5,255,9),(5,256,9),(5,257,9),(5,258,9),(5,259,9),(5,260,9),(5,261,9),(5,262,9),(5,263,9),(5,264,9),(5,265,9),(5,266,9),(5,267,9),(5,268,9),(5,269,9),(5,270,9),(5,271,9),(5,272,9),(5,273,9),(5,274,9),(5,275,9),(5,276,9),(5,277,9),(5,278,9),(5,279,9),(5,280,9),(5,281,9),(5,282,9),(5,283,9),(5,284,9),(5,285,9),(5,286,9),(5,287,9),(5,288,9),(5,289,9),(5,290,9),(5,291,9),(5,292,9),(5,293,9),(5,294,9),(5,295,9),(5,296,9),(5,297,9),(5,298,9),(5,299,9),(5,300,9),(5,301,9),(5,302,9),(5,303,9),(5,304,9),(5,305,9),(5,306,9),(5,307,9),(5,308,9),(5,309,9),(5,310,9),(5,311,9),(5,312,9),(5,313,9),(5,314,9),(5,315,9),(5,316,9),(5,317,9),(5,318,9),(5,319,9),(5,320,9),(5,321,9),(5,322,9),(5,323,9),(5,324,9),(5,325,9),(5,326,9),(5,327,9),(5,328,9),(5,329,9),(5,330,9),(5,331,9),(5,332,9),(5,333,9),(5,334,9),(5,335,9),(5,336,9),(5,337,9),(5,338,9),(5,339,9),(5,340,9),(5,341,9),(5,342,9),(5,343,9),(5,344,9),(5,62,9),(5,385,9),(5,386,9),(5,387,9),(5,388,9),(5,389,9),(5,390,9),(5,391,9),(5,392,9),(5,393,9),(5,394,9),(5,395,9),(5,396,9),(5,397,9),(5,398,9),(5,399,9),(5,400,9),(5,401,9),(5,402,9),(5,403,9),(5,404,9),(5,405,9),(5,406,9),(5,407,9),(5,408,9),(5,409,9),(5,410,9),(5,411,9),(5,412,9),(5,413,9),(5,414,9),(5,415,9),(5,416,9),(5,417,9),(5,418,9),(5,419,9),(5,420,9),(5,421,9),(5,422,9),(5,423,9),(5,424,9),(5,425,9),(5,426,9),(5,427,9),(5,428,9),(5,429,9),(5,430,9),(5,431,9),(5,432,9),(5,433,9),(5,434,9),(5,435,9),(5,436,9),(5,437,9),(5,438,9),(5,439,9),(5,440,9),(5,441,9),(5,442,9),(5,443,9),(5,444,9),(5,445,9),(5,446,9),(5,447,9),(5,448,9),(5,449,9),(5,450,9),(5,451,9),(5,452,9),(5,453,9),(5,454,9),(5,455,9),(5,456,9),(5,457,9),(5,458,9),(5,459,9),(5,460,9),(5,461,9),(5,462,9),(5,463,9),(5,464,9),(5,465,9),(5,466,9),(5,467,9),(5,468,9),(5,469,9),(5,470,9),(5,471,9),(5,472,9),(5,473,9),(5,474,9),(5,475,9),(5,476,9),(5,477,9),(5,478,9),(5,479,9),(5,480,9),(5,481,9),(5,482,9),(5,483,9),(5,484,9),(5,485,9),(5,486,9),(5,487,9),(5,488,9),(5,489,9),(5,490,9),(5,491,9),(5,492,9),(5,493,9),(5,494,9),(5,495,9),(5,496,9),(5,497,9),(5,498,9),(5,499,9),(5,500,9),(5,501,9),(5,502,9),(5,503,9),(5,504,9),(5,505,9),(5,506,9),(5,507,9),(5,508,9),(5,509,9),(5,510,9),(5,511,9),(5,512,9),(5,513,9),(5,514,9),(5,515,9),(5,516,9),(5,517,9),(5,518,9),(5,519,9),(5,520,9),(5,521,9),(5,522,9),(5,523,9),(5,524,9),(5,525,9),(5,526,9),(5,527,9),(5,528,9),(5,529,9),(5,530,9),(5,531,9),(5,532,9),(5,533,9),(5,534,9),(5,45055,9),(5,36,10),(5,40,10),(5,73,10),(5,74,10),(5,75,10),(5,76,10),(5,77,10),(5,78,10),(5,79,10),(5,80,10),(5,81,10),(5,82,10),(5,83,10),(5,84,10),(5,85,10),(5,86,10),(5,87,10),(5,88,10),(5,89,10),(5,90,10),(5,91,10),(5,92,10),(5,93,10),(5,94,10),(5,95,10),(5,96,10),(5,97,10),(5,98,10),(5,99,10),(5,100,10),(5,101,10),(5,102,10),(5,103,10),(5,104,10),(5,105,10),(5,106,10),(5,107,10),(5,108,10),(5,109,10),(5,110,10),(5,111,10),(5,112,10),(5,113,10),(5,114,10),(5,115,10),(5,116,10),(5,117,10),(5,118,10),(5,119,10),(5,120,10),(5,121,10),(5,122,10),(5,123,10),(5,124,10),(5,125,10),(5,126,10),(5,127,10),(5,128,10),(5,129,10),(5,130,10),(5,131,10),(5,132,10),(5,133,10),(5,134,10),(5,135,10),(5,136,10),(5,137,10),(5,138,10),(5,139,10),(5,140,10),(5,141,10),(5,142,10),(5,39,10),(5,162,10),(5,163,10),(5,164,10),(5,165,10),(5,166,10),(5,167,10),(5,168,10),(5,169,10),(5,170,10),(5,171,10),(5,172,10),(5,173,10),(5,174,10),(5,175,10),(5,176,10),(5,177,10),(5,178,10),(5,179,10),(5,180,10),(5,181,10),(5,182,10),(5,183,10),(5,184,10),(5,185,10),(5,186,10),(5,187,10),(5,188,10),(5,189,10),(5,190,10),(5,191,10),(5,192,10),(5,193,10),(5,194,10),(5,195,10),(5,196,10),(5,197,10),(5,198,10),(5,199,10),(5,200,10),(5,201,10),(5,202,10),(5,203,10),(5,204,10),(5,205,10),(5,206,10),(5,207,10),(5,208,10),(5,209,10),(5,210,10),(5,211,10),(5,212,10),(5,213,10),(5,214,10),(5,215,10),(5,216,10),(5,217,10),(5,218,10),(5,219,10),(5,220,10),(5,221,10),(5,222,10),(5,223,10),(5,224,10),(5,225,10),(5,226,10),(5,227,10),(5,228,10),(5,229,10),(5,230,10),(5,231,10),(5,232,10),(5,233,10),(5,234,10),(5,235,10),(5,236,10),(5,237,10),(5,238,10),(5,239,10),(5,240,10),(5,241,10),(5,242,10),(5,243,10),(5,244,10),(5,245,10),(5,246,10),(5,247,10),(5,248,10),(5,249,10),(5,250,10),(5,251,10),(5,252,10),(5,253,10),(5,254,10),(5,255,10),(5,256,10),(5,257,10),(5,258,10),(5,259,10),(5,260,10),(5,261,10),(5,262,10),(5,263,10),(5,264,10),(5,265,10),(5,266,10),(5,267,10),(5,268,10),(5,269,10),(5,270,10),(5,271,10),(5,272,10),(5,273,10),(5,274,10),(5,275,10),(5,276,10),(5,277,10),(5,278,10),(5,279,10),(5,280,10),(5,281,10),(5,282,10),(5,283,10),(5,284,10),(5,285,10),(5,286,10),(5,287,10),(5,288,10),(5,289,10),(5,290,10),(5,291,10),(5,292,10),(5,293,10),(5,294,10),(5,295,10),(5,296,10),(5,297,10),(5,298,10),(5,299,10),(5,300,10),(5,301,10),(5,302,10),(5,303,10),(5,304,10),(5,305,10),(5,306,10),(5,307,10),(5,308,10),(5,309,10),(5,310,10),(5,311,10),(5,312,10),(5,313,10),(5,314,10),(5,315,10),(5,316,10),(5,317,10),(5,318,10),(5,319,10),(5,320,10),(5,321,10),(5,322,10),(5,323,10),(5,324,10),(5,325,10),(5,326,10),(5,327,10),(5,328,10),(5,329,10),(5,330,10),(5,331,10),(5,332,10),(5,333,10),(5,334,10),(5,335,10),(5,336,10),(5,337,10),(5,338,10),(5,339,10),(5,340,10),(5,341,10),(5,342,10),(5,343,10),(5,344,10),(5,62,10),(5,385,10),(5,386,10),(5,387,10),(5,388,10),(5,389,10),(5,390,10),(5,391,10),(5,392,10),(5,393,10),(5,394,10),(5,395,10),(5,396,10),(5,397,10),(5,398,10),(5,399,10),(5,400,10),(5,401,10),(5,402,10),(5,403,10),(5,404,10),(5,405,10),(5,406,10),(5,407,10),(5,408,10),(5,409,10),(5,410,10),(5,411,10),(5,412,10),(5,413,10),(5,414,10),(5,415,10),(5,416,10),(5,417,10),(5,418,10),(5,419,10),(5,420,10),(5,421,10),(5,422,10),(5,423,10),(5,424,10),(5,425,10),(5,426,10),(5,427,10),(5,428,10),(5,429,10),(5,430,10),(5,431,10),(5,432,10),(5,433,10),(5,434,10),(5,435,10),(5,436,10),(5,437,10),(5,438,10),(5,439,10),(5,440,10),(5,441,10),(5,442,10),(5,443,10),(5,444,10),(5,445,10),(5,446,10),(5,447,10),(5,448,10),(5,449,10),(5,450,10),(5,451,10),(5,452,10),(5,453,10),(5,454,10),(5,455,10),(5,456,10),(5,457,10),(5,458,10),(5,459,10),(5,460,10),(5,461,10),(5,462,10),(5,463,10),(5,464,10),(5,465,10),(5,466,10),(5,467,10),(5,468,10),(5,469,10),(5,470,10),(5,471,10),(5,472,10),(5,473,10),(5,474,10),(5,475,10),(5,476,10),(5,477,10),(5,478,10),(5,479,10),(5,480,10),(5,481,10),(5,482,10),(5,483,10),(5,484,10),(5,485,10),(5,486,10),(5,487,10),(5,488,10),(5,489,10),(5,490,10),(5,491,10),(5,492,10),(5,493,10),(5,494,10),(5,495,10),(5,496,10),(5,497,10),(5,498,10),(5,499,10),(5,500,10),(5,501,10),(5,502,10),(5,503,10),(5,504,10),(5,505,10),(5,506,10),(5,507,10),(5,508,10),(5,509,10),(5,510,10),(5,511,10),(5,512,10),(5,513,10),(5,514,10),(5,515,10),(5,516,10),(5,517,10),(5,518,10),(5,519,10),(5,520,10),(5,521,10),(5,522,10),(5,523,10),(5,524,10),(5,525,10),(5,526,10),(5,527,10),(5,528,10),(5,529,10),(5,530,10),(5,531,10),(5,532,10),(5,533,10),(5,534,10),(5,45055,10),(5,36,11),(5,40,11),(5,73,11),(5,74,11),(5,75,11),(5,76,11),(5,77,11),(5,78,11),(5,79,11),(5,80,11),(5,81,11),(5,82,11),(5,83,11),(5,84,11),(5,85,11),(5,86,11),(5,87,11),(5,88,11),(5,89,11),(5,90,11),(5,91,11),(5,92,11),(5,93,11),(5,94,11),(5,95,11),(5,96,11),(5,97,11),(5,98,11),(5,99,11),(5,100,11),(5,101,11),(5,102,11),(5,103,11),(5,104,11),(5,105,11),(5,106,11),(5,107,11),(5,108,11),(5,109,11),(5,110,11),(5,111,11),(5,112,11),(5,113,11),(5,114,11),(5,115,11),(5,116,11),(5,117,11),(5,118,11),(5,119,11),(5,120,11),(5,121,11),(5,122,11),(5,123,11),(5,124,11),(5,125,11),(5,126,11),(5,127,11),(5,128,11),(5,129,11),(5,130,11),(5,131,11),(5,132,11),(5,133,11),(5,134,11),(5,135,11),(5,136,11),(5,137,11),(5,138,11),(5,139,11),(5,140,11),(5,141,11),(5,142,11),(5,39,11),(5,162,11),(5,163,11),(5,164,11),(5,165,11),(5,166,11),(5,167,11),(5,168,11),(5,169,11),(5,170,11),(5,171,11),(5,172,11),(5,173,11),(5,174,11),(5,175,11),(5,176,11),(5,177,11),(5,178,11),(5,179,11),(5,180,11),(5,181,11),(5,182,11),(5,183,11),(5,184,11),(5,185,11),(5,186,11),(5,187,11),(5,188,11),(5,189,11),(5,190,11),(5,191,11),(5,192,11),(5,193,11),(5,194,11),(5,195,11),(5,196,11),(5,197,11),(5,198,11),(5,199,11),(5,200,11),(5,201,11),(5,202,11),(5,203,11),(5,204,11),(5,205,11),(5,206,11),(5,207,11),(5,208,11),(5,209,11),(5,210,11),(5,211,11),(5,212,11),(5,213,11),(5,214,11),(5,215,11),(5,216,11),(5,217,11),(5,218,11),(5,219,11),(5,220,11),(5,221,11),(5,222,11),(5,223,11),(5,224,11),(5,225,11),(5,226,11),(5,227,11),(5,228,11),(5,229,11),(5,230,11),(5,231,11),(5,232,11),(5,233,11),(5,234,11),(5,235,11),(5,236,11),(5,237,11),(5,238,11),(5,239,11),(5,240,11),(5,241,11),(5,242,11),(5,243,11),(5,244,11),(5,245,11),(5,246,11),(5,247,11),(5,248,11),(5,249,11),(5,250,11),(5,251,11),(5,252,11),(5,253,11),(5,254,11),(5,255,11),(5,256,11),(5,257,11),(5,258,11),(5,259,11),(5,260,11),(5,261,11),(5,262,11),(5,263,11),(5,264,11),(5,265,11),(5,266,11),(5,267,11),(5,268,11),(5,269,11),(5,270,11),(5,271,11),(5,272,11),(5,273,11),(5,274,11),(5,275,11),(5,276,11),(5,277,11),(5,278,11),(5,279,11),(5,280,11),(5,281,11),(5,282,11),(5,283,11),(5,284,11),(5,285,11),(5,286,11),(5,287,11),(5,288,11),(5,289,11),(5,290,11),(5,291,11),(5,292,11),(5,293,11),(5,294,11),(5,295,11),(5,296,11),(5,297,11),(5,298,11),(5,299,11),(5,300,11),(5,301,11),(5,302,11),(5,303,11),(5,304,11),(5,305,11),(5,306,11),(5,307,11),(5,308,11),(5,309,11),(5,310,11),(5,311,11),(5,312,11),(5,313,11),(5,314,11),(5,315,11),(5,316,11),(5,317,11),(5,318,11),(5,319,11),(5,320,11),(5,321,11),(5,322,11),(5,323,11),(5,324,11),(5,325,11),(5,326,11),(5,327,11),(5,328,11),(5,329,11),(5,330,11),(5,331,11),(5,332,11),(5,333,11),(5,334,11),(5,335,11),(5,336,11),(5,337,11),(5,338,11),(5,339,11),(5,340,11),(5,341,11),(5,342,11),(5,343,11),(5,344,11),(5,62,11),(5,385,11),(5,386,11),(5,387,11),(5,388,11),(5,389,11),(5,390,11),(5,391,11),(5,392,11),(5,393,11),(5,394,11),(5,395,11),(5,396,11),(5,397,11),(5,398,11),(5,399,11),(5,400,11),(5,401,11),(5,402,11),(5,403,11),(5,404,11),(5,405,11),(5,406,11),(5,407,11),(5,408,11),(5,409,11),(5,410,11),(5,411,11),(5,412,11),(5,413,11),(5,414,11),(5,415,11),(5,416,11),(5,417,11),(5,418,11),(5,419,11),(5,420,11),(5,421,11),(5,422,11),(5,423,11),(5,424,11),(5,425,11),(5,426,11),(5,427,11),(5,428,11),(5,429,11),(5,430,11),(5,431,11),(5,432,11),(5,433,11),(5,434,11),(5,435,11),(5,436,11),(5,437,11),(5,438,11),(5,439,11),(5,440,11),(5,441,11),(5,442,11),(5,443,11),(5,444,11),(5,445,11),(5,446,11),(5,447,11),(5,448,11),(5,449,11),(5,450,11),(5,451,11),(5,452,11),(5,453,11),(5,454,11),(5,455,11),(5,456,11),(5,457,11),(5,458,11),(5,459,11),(5,460,11),(5,461,11),(5,462,11),(5,463,11),(5,464,11),(5,465,11),(5,466,11),(5,467,11),(5,468,11),(5,469,11),(5,470,11),(5,471,11),(5,472,11),(5,473,11),(5,474,11),(5,475,11),(5,476,11),(5,477,11),(5,478,11),(5,479,11),(5,480,11),(5,481,11),(5,482,11),(5,483,11),(5,484,11),(5,485,11),(5,486,11),(5,487,11),(5,488,11),(5,489,11),(5,490,11),(5,491,11),(5,492,11),(5,493,11),(5,494,11),(5,495,11),(5,496,11),(5,497,11),(5,498,11),(5,499,11),(5,500,11),(5,501,11),(5,502,11),(5,503,11),(5,504,11),(5,505,11),(5,506,11),(5,507,11),(5,508,11),(5,509,11),(5,510,11),(5,511,11),(5,512,11),(5,513,11),(5,514,11),(5,515,11),(5,516,11),(5,517,11),(5,518,11),(5,519,11),(5,520,11),(5,521,11),(5,522,11),(5,523,11),(5,524,11),(5,525,11),(5,526,11),(5,527,11),(5,528,11),(5,529,11),(5,530,11),(5,531,11),(5,532,11),(5,533,11),(5,534,11),(5,45055,11),(5,36,12),(5,40,12),(5,73,12),(5,74,12),(5,75,12),(5,76,12),(5,77,12),(5,78,12),(5,79,12),(5,80,12),(5,81,12),(5,82,12),(5,83,12),(5,84,12),(5,85,12),(5,86,12),(5,87,12),(5,88,12),(5,89,12),(5,90,12),(5,91,12),(5,92,12),(5,93,12),(5,94,12),(5,95,12),(5,96,12),(5,97,12),(5,98,12),(5,99,12),(5,100,12),(5,101,12),(5,102,12),(5,103,12),(5,104,12),(5,105,12),(5,106,12),(5,107,12),(5,108,12),(5,109,12),(5,110,12),(5,111,12),(5,112,12),(5,113,12),(5,114,12),(5,115,12),(5,116,12),(5,117,12),(5,118,12),(5,119,12),(5,120,12),(5,121,12),(5,122,12),(5,123,12),(5,124,12),(5,125,12),(5,126,12),(5,127,12),(5,128,12),(5,129,12),(5,130,12),(5,131,12),(5,132,12),(5,133,12),(5,134,12),(5,135,12),(5,136,12),(5,137,12),(5,138,12),(5,139,12),(5,140,12),(5,141,12),(5,142,12),(5,39,12),(5,162,12),(5,163,12),(5,164,12),(5,165,12),(5,166,12),(5,167,12),(5,168,12),(5,169,12),(5,170,12),(5,171,12),(5,172,12),(5,173,12),(5,174,12),(5,175,12),(5,176,12),(5,177,12),(5,178,12),(5,179,12),(5,180,12),(5,181,12),(5,182,12),(5,183,12),(5,184,12),(5,185,12),(5,186,12),(5,187,12),(5,188,12),(5,189,12),(5,190,12),(5,191,12),(5,192,12),(5,193,12),(5,194,12),(5,195,12),(5,196,12),(5,197,12),(5,198,12),(5,199,12),(5,200,12),(5,201,12),(5,202,12),(5,203,12),(5,204,12),(5,205,12),(5,206,12),(5,207,12),(5,208,12),(5,209,12),(5,210,12),(5,211,12),(5,212,12),(5,213,12),(5,214,12),(5,215,12),(5,216,12),(5,217,12),(5,218,12),(5,219,12),(5,220,12),(5,221,12),(5,222,12),(5,223,12),(5,224,12),(5,225,12),(5,226,12),(5,227,12),(5,228,12),(5,229,12),(5,230,12),(5,231,12),(5,232,12),(5,233,12),(5,234,12),(5,235,12),(5,236,12),(5,237,12),(5,238,12),(5,239,12),(5,240,12),(5,241,12),(5,242,12),(5,243,12),(5,244,12),(5,245,12),(5,246,12),(5,247,12),(5,248,12),(5,249,12),(5,250,12),(5,251,12),(5,252,12),(5,253,12),(5,254,12),(5,255,12),(5,256,12),(5,257,12),(5,258,12),(5,259,12),(5,260,12),(5,261,12),(5,262,12),(5,263,12),(5,264,12),(5,265,12),(5,266,12),(5,267,12),(5,268,12),(5,269,12),(5,270,12),(5,271,12),(5,272,12),(5,273,12),(5,274,12),(5,275,12),(5,276,12),(5,277,12),(5,278,12),(5,279,12),(5,280,12),(5,281,12),(5,282,12),(5,283,12),(5,284,12),(5,285,12),(5,286,12),(5,287,12),(5,288,12),(5,289,12),(5,290,12),(5,291,12),(5,292,12),(5,293,12),(5,294,12),(5,295,12),(5,296,12),(5,297,12),(5,298,12),(5,299,12),(5,300,12),(5,301,12),(5,302,12),(5,303,12),(5,304,12),(5,305,12),(5,306,12),(5,307,12),(5,308,12),(5,309,12),(5,310,12),(5,311,12),(5,312,12),(5,313,12),(5,314,12),(5,315,12),(5,316,12),(5,317,12),(5,318,12),(5,319,12),(5,320,12),(5,321,12),(5,322,12),(5,323,12),(5,324,12),(5,325,12),(5,326,12),(5,327,12),(5,328,12),(5,329,12),(5,330,12),(5,331,12),(5,332,12),(5,333,12),(5,334,12),(5,335,12),(5,336,12),(5,337,12),(5,338,12),(5,339,12),(5,340,12),(5,341,12),(5,342,12),(5,343,12),(5,344,12),(5,62,12),(5,385,12),(5,386,12),(5,387,12),(5,388,12),(5,389,12),(5,390,12),(5,391,12),(5,392,12),(5,393,12),(5,394,12),(5,395,12),(5,396,12),(5,397,12),(5,398,12),(5,399,12),(5,400,12),(5,401,12),(5,402,12),(5,403,12),(5,404,12),(5,405,12),(5,406,12),(5,407,12),(5,408,12),(5,409,12),(5,410,12),(5,411,12),(5,412,12),(5,413,12),(5,414,12),(5,415,12),(5,416,12),(5,417,12),(5,418,12),(5,419,12),(5,420,12),(5,421,12),(5,422,12),(5,423,12),(5,424,12),(5,425,12),(5,426,12),(5,427,12),(5,428,12),(5,429,12),(5,430,12),(5,431,12),(5,432,12),(5,433,12),(5,434,12),(5,435,12),(5,436,12),(5,437,12),(5,438,12),(5,439,12),(5,440,12),(5,441,12),(5,442,12),(5,443,12),(5,444,12),(5,445,12),(5,446,12),(5,447,12),(5,448,12),(5,449,12),(5,450,12),(5,451,12),(5,452,12),(5,453,12),(5,454,12),(5,455,12),(5,456,12),(5,457,12),(5,458,12),(5,459,12),(5,460,12),(5,461,12),(5,462,12),(5,463,12),(5,464,12),(5,465,12),(5,466,12),(5,467,12),(5,468,12),(5,469,12),(5,470,12),(5,471,12),(5,472,12),(5,473,12),(5,474,12),(5,475,12),(5,476,12),(5,477,12),(5,478,12),(5,479,12),(5,480,12),(5,481,12),(5,482,12),(5,483,12),(5,484,12),(5,485,12),(5,486,12),(5,487,12),(5,488,12),(5,489,12),(5,490,12),(5,491,12),(5,492,12),(5,493,12),(5,494,12),(5,495,12),(5,496,12),(5,497,12),(5,498,12),(5,499,12),(5,500,12),(5,501,12),(5,502,12),(5,503,12),(5,504,12),(5,505,12),(5,506,12),(5,507,12),(5,508,12),(5,509,12),(5,510,12),(5,511,12),(5,512,12),(5,513,12),(5,514,12),(5,515,12),(5,516,12),(5,517,12),(5,518,12),(5,519,12),(5,520,12),(5,521,12),(5,522,12),(5,523,12),(5,524,12),(5,525,12),(5,526,12),(5,527,12),(5,528,12),(5,529,12),(5,530,12),(5,531,12),(5,532,12),(5,533,12),(5,534,12),(5,45055,12),(5,36,13),(5,40,13),(5,73,13),(5,74,13),(5,75,13),(5,76,13),(5,77,13),(5,78,13),(5,79,13),(5,80,13),(5,81,13),(5,82,13),(5,83,13),(5,84,13),(5,85,13),(5,86,13),(5,87,13),(5,88,13),(5,89,13),(5,90,13),(5,91,13),(5,92,13),(5,93,13),(5,94,13),(5,95,13),(5,96,13),(5,97,13),(5,98,13),(5,99,13),(5,100,13),(5,101,13),(5,102,13),(5,103,13),(5,104,13),(5,105,13),(5,106,13),(5,107,13),(5,108,13),(5,109,13),(5,110,13),(5,111,13),(5,112,13),(5,113,13),(5,114,13),(5,115,13),(5,116,13),(5,117,13),(5,118,13),(5,119,13),(5,120,13),(5,121,13),(5,122,13),(5,123,13),(5,124,13),(5,125,13),(5,126,13),(5,127,13),(5,128,13),(5,129,13),(5,130,13),(5,131,13),(5,132,13),(5,133,13),(5,134,13),(5,135,13),(5,136,13),(5,137,13),(5,138,13),(5,139,13),(5,140,13),(5,141,13),(5,142,13),(5,39,13),(5,162,13),(5,163,13),(5,164,13),(5,165,13),(5,166,13),(5,167,13),(5,168,13),(5,169,13),(5,170,13),(5,171,13),(5,172,13),(5,173,13),(5,174,13),(5,175,13),(5,176,13),(5,177,13),(5,178,13),(5,179,13),(5,180,13),(5,181,13),(5,182,13),(5,183,13),(5,184,13),(5,185,13),(5,186,13),(5,187,13),(5,188,13),(5,189,13),(5,190,13),(5,191,13),(5,192,13),(5,193,13),(5,194,13),(5,195,13),(5,196,13),(5,197,13),(5,198,13),(5,199,13),(5,200,13),(5,201,13),(5,202,13),(5,203,13),(5,204,13),(5,205,13),(5,206,13),(5,207,13),(5,208,13),(5,209,13),(5,210,13),(5,211,13),(5,212,13),(5,213,13),(5,214,13),(5,215,13),(5,216,13),(5,217,13),(5,218,13),(5,219,13),(5,220,13),(5,221,13),(5,222,13),(5,223,13),(5,224,13),(5,225,13),(5,226,13),(5,227,13),(5,228,13),(5,229,13),(5,230,13),(5,231,13),(5,232,13),(5,233,13),(5,234,13),(5,235,13),(5,236,13),(5,237,13),(5,238,13),(5,239,13),(5,240,13),(5,241,13),(5,242,13),(5,243,13),(5,244,13),(5,245,13),(5,246,13),(5,247,13),(5,248,13),(5,249,13),(5,250,13),(5,251,13),(5,252,13),(5,253,13),(5,254,13),(5,255,13),(5,256,13),(5,257,13),(5,258,13),(5,259,13),(5,260,13),(5,261,13),(5,262,13),(5,263,13),(5,264,13),(5,265,13),(5,266,13),(5,267,13),(5,268,13),(5,269,13),(5,270,13),(5,271,13),(5,272,13),(5,273,13),(5,274,13),(5,275,13),(5,276,13),(5,277,13),(5,278,13),(5,279,13),(5,280,13),(5,281,13),(5,282,13),(5,283,13),(5,284,13),(5,285,13),(5,286,13),(5,287,13),(5,288,13),(5,289,13),(5,290,13),(5,291,13),(5,292,13),(5,293,13),(5,294,13),(5,295,13),(5,296,13),(5,297,13),(5,298,13),(5,299,13),(5,300,13),(5,301,13),(5,302,13),(5,303,13),(5,304,13),(5,305,13),(5,306,13),(5,307,13),(5,308,13),(5,309,13),(5,310,13),(5,311,13),(5,312,13),(5,313,13),(5,314,13),(5,315,13),(5,316,13),(5,317,13),(5,318,13),(5,319,13),(5,320,13),(5,321,13),(5,322,13),(5,323,13),(5,324,13),(5,325,13),(5,326,13),(5,327,13),(5,328,13),(5,329,13),(5,330,13),(5,331,13),(5,332,13),(5,333,13),(5,334,13),(5,335,13),(5,336,13),(5,337,13),(5,338,13),(5,339,13),(5,340,13),(5,341,13),(5,342,13),(5,343,13),(5,344,13),(5,62,13),(5,385,13),(5,386,13),(5,387,13),(5,388,13),(5,389,13),(5,390,13),(5,391,13),(5,392,13),(5,393,13),(5,394,13),(5,395,13),(5,396,13),(5,397,13),(5,398,13),(5,399,13),(5,400,13),(5,401,13),(5,402,13),(5,403,13),(5,404,13),(5,405,13),(5,406,13),(5,407,13),(5,408,13),(5,409,13),(5,410,13),(5,411,13),(5,412,13),(5,413,13),(5,414,13),(5,415,13),(5,416,13),(5,417,13),(5,418,13),(5,419,13),(5,420,13),(5,421,13),(5,422,13),(5,423,13),(5,424,13),(5,425,13),(5,426,13),(5,427,13),(5,428,13),(5,429,13),(5,430,13),(5,431,13),(5,432,13),(5,433,13),(5,434,13),(5,435,13),(5,436,13),(5,437,13),(5,438,13),(5,439,13),(5,440,13),(5,441,13),(5,442,13),(5,443,13),(5,444,13),(5,445,13),(5,446,13),(5,447,13),(5,448,13),(5,449,13),(5,450,13),(5,451,13),(5,452,13),(5,453,13),(5,454,13),(5,455,13),(5,456,13),(5,457,13),(5,458,13),(5,459,13),(5,460,13),(5,461,13),(5,462,13),(5,463,13),(5,464,13),(5,465,13),(5,466,13),(5,467,13),(5,468,13),(5,469,13),(5,470,13),(5,471,13),(5,472,13),(5,473,13),(5,474,13),(5,475,13),(5,476,13),(5,477,13),(5,478,13),(5,479,13),(5,480,13),(5,481,13),(5,482,13),(5,483,13),(5,484,13),(5,485,13),(5,486,13),(5,487,13),(5,488,13),(5,489,13),(5,490,13),(5,491,13),(5,492,13),(5,493,13),(5,494,13),(5,495,13),(5,496,13),(5,497,13),(5,498,13),(5,499,13),(5,500,13),(5,501,13),(5,502,13),(5,503,13),(5,504,13),(5,505,13),(5,506,13),(5,507,13),(5,508,13),(5,509,13),(5,510,13),(5,511,13),(5,512,13),(5,513,13),(5,514,13),(5,515,13),(5,516,13),(5,517,13),(5,518,13),(5,519,13),(5,520,13),(5,521,13),(5,522,13),(5,523,13),(5,524,13),(5,525,13),(5,526,13),(5,527,13),(5,528,13),(5,529,13),(5,530,13),(5,531,13),(5,532,13),(5,533,13),(5,534,13),(5,45055,13),(5,36,14),(5,40,14),(5,73,14),(5,74,14),(5,75,14),(5,76,14),(5,77,14),(5,78,14),(5,79,14),(5,80,14),(5,81,14),(5,82,14),(5,83,14),(5,84,14),(5,85,14),(5,86,14),(5,87,14),(5,88,14),(5,89,14),(5,90,14),(5,91,14),(5,92,14),(5,93,14),(5,94,14),(5,95,14),(5,96,14),(5,97,14),(5,98,14),(5,99,14),(5,100,14),(5,101,14),(5,102,14),(5,103,14),(5,104,14),(5,105,14),(5,106,14),(5,107,14),(5,108,14),(5,109,14),(5,110,14),(5,111,14),(5,112,14),(5,113,14),(5,114,14),(5,115,14),(5,116,14),(5,117,14),(5,118,14),(5,119,14),(5,120,14),(5,121,14),(5,122,14),(5,123,14),(5,124,14),(5,125,14),(5,126,14),(5,127,14),(5,128,14),(5,129,14),(5,130,14),(5,131,14),(5,132,14),(5,133,14),(5,134,14),(5,135,14),(5,136,14),(5,137,14),(5,138,14),(5,139,14),(5,140,14),(5,141,14),(5,142,14),(5,39,14),(5,162,14),(5,163,14),(5,164,14),(5,165,14),(5,166,14),(5,167,14),(5,168,14),(5,169,14),(5,170,14),(5,171,14),(5,172,14),(5,173,14),(5,174,14),(5,175,14),(5,176,14),(5,177,14),(5,178,14),(5,179,14),(5,180,14),(5,181,14),(5,182,14),(5,183,14),(5,184,14),(5,185,14),(5,186,14),(5,187,14),(5,188,14),(5,189,14),(5,190,14),(5,191,14),(5,192,14),(5,193,14),(5,194,14),(5,195,14),(5,196,14),(5,197,14),(5,198,14),(5,199,14),(5,200,14),(5,201,14),(5,202,14),(5,203,14),(5,204,14),(5,205,14),(5,206,14),(5,207,14),(5,208,14),(5,209,14),(5,210,14),(5,211,14),(5,212,14),(5,213,14),(5,214,14),(5,215,14),(5,216,14),(5,217,14),(5,218,14),(5,219,14),(5,220,14),(5,221,14),(5,222,14),(5,223,14),(5,224,14),(5,225,14),(5,226,14),(5,227,14),(5,228,14),(5,229,14),(5,230,14),(5,231,14),(5,232,14),(5,233,14),(5,234,14),(5,235,14),(5,236,14),(5,237,14),(5,238,14),(5,239,14),(5,240,14),(5,241,14),(5,242,14),(5,243,14),(5,244,14),(5,245,14),(5,246,14),(5,247,14),(5,248,14),(5,249,14),(5,250,14),(5,251,14),(5,252,14),(5,253,14),(5,254,14),(5,255,14),(5,256,14),(5,257,14),(5,258,14),(5,259,14),(5,260,14),(5,261,14),(5,262,14),(5,263,14),(5,264,14),(5,265,14),(5,266,14),(5,267,14),(5,268,14),(5,269,14),(5,270,14),(5,271,14),(5,272,14),(5,273,14),(5,274,14),(5,275,14),(5,276,14),(5,277,14),(5,278,14),(5,279,14),(5,280,14),(5,281,14),(5,282,14),(5,283,14),(5,284,14),(5,285,14),(5,286,14),(5,287,14),(5,288,14),(5,289,14),(5,290,14),(5,291,14),(5,292,14),(5,293,14),(5,294,14),(5,295,14),(5,296,14),(5,297,14),(5,298,14),(5,299,14),(5,300,14),(5,301,14),(5,302,14),(5,303,14),(5,304,14),(5,305,14),(5,306,14),(5,307,14),(5,308,14),(5,309,14),(5,310,14),(5,311,14),(5,312,14),(5,313,14),(5,314,14),(5,315,14),(5,316,14),(5,317,14),(5,318,14),(5,319,14),(5,320,14),(5,321,14),(5,322,14),(5,323,14),(5,324,14),(5,325,14),(5,326,14),(5,327,14),(5,328,14),(5,329,14),(5,330,14),(5,331,14),(5,332,14),(5,333,14),(5,334,14),(5,335,14),(5,336,14),(5,337,14),(5,338,14),(5,339,14),(5,340,14),(5,341,14),(5,342,14),(5,343,14),(5,344,14),(5,62,14),(5,385,14),(5,386,14),(5,387,14),(5,388,14),(5,389,14),(5,390,14),(5,391,14),(5,392,14),(5,393,14),(5,394,14),(5,395,14),(5,396,14),(5,397,14),(5,398,14),(5,399,14),(5,400,14),(5,401,14),(5,402,14),(5,403,14),(5,404,14),(5,405,14),(5,406,14),(5,407,14),(5,408,14),(5,409,14),(5,410,14),(5,411,14),(5,412,14),(5,413,14),(5,414,14),(5,415,14),(5,416,14),(5,417,14),(5,418,14),(5,419,14),(5,420,14),(5,421,14),(5,422,14),(5,423,14),(5,424,14),(5,425,14),(5,426,14),(5,427,14),(5,428,14),(5,429,14),(5,430,14),(5,431,14),(5,432,14),(5,433,14),(5,434,14),(5,435,14),(5,436,14),(5,437,14),(5,438,14),(5,439,14),(5,440,14),(5,441,14),(5,442,14),(5,443,14),(5,444,14),(5,445,14),(5,446,14),(5,447,14),(5,448,14),(5,449,14),(5,450,14),(5,451,14),(5,452,14),(5,453,14),(5,454,14),(5,455,14),(5,456,14),(5,457,14),(5,458,14),(5,459,14),(5,460,14),(5,461,14),(5,462,14),(5,463,14),(5,464,14),(5,465,14),(5,466,14),(5,467,14),(5,468,14),(5,469,14),(5,470,14),(5,471,14),(5,472,14),(5,473,14),(5,474,14),(5,475,14),(5,476,14),(5,477,14),(5,478,14),(5,479,14),(5,480,14),(5,481,14),(5,482,14),(5,483,14),(5,484,14),(5,485,14),(5,486,14),(5,487,14),(5,488,14),(5,489,14),(5,490,14),(5,491,14),(5,492,14),(5,493,14),(5,494,14),(5,495,14),(5,496,14),(5,497,14),(5,498,14),(5,499,14),(5,500,14),(5,501,14),(5,502,14),(5,503,14),(5,504,14),(5,505,14),(5,506,14),(5,507,14),(5,508,14),(5,509,14),(5,510,14),(5,511,14),(5,512,14),(5,513,14),(5,514,14),(5,515,14),(5,516,14),(5,517,14),(5,518,14),(5,519,14),(5,520,14),(5,521,14),(5,522,14),(5,523,14),(5,524,14),(5,525,14),(5,526,14),(5,527,14),(5,528,14),(5,529,14),(5,530,14),(5,531,14),(5,532,14),(5,533,14),(5,534,14),(5,45055,14),(5,36,15),(5,40,15),(5,73,15),(5,74,15),(5,75,15),(5,76,15),(5,77,15),(5,78,15),(5,79,15),(5,80,15),(5,81,15),(5,82,15),(5,83,15),(5,84,15),(5,85,15),(5,86,15),(5,87,15),(5,88,15),(5,89,15),(5,90,15),(5,91,15),(5,92,15),(5,93,15),(5,94,15),(5,95,15),(5,96,15),(5,97,15),(5,98,15),(5,99,15),(5,100,15),(5,101,15),(5,102,15),(5,103,15),(5,104,15),(5,105,15),(5,106,15),(5,107,15),(5,108,15),(5,109,15),(5,110,15),(5,111,15),(5,112,15),(5,113,15),(5,114,15),(5,115,15),(5,116,15),(5,117,15),(5,118,15),(5,119,15),(5,120,15),(5,121,15),(5,122,15),(5,123,15),(5,124,15),(5,125,15),(5,126,15),(5,127,15),(5,128,15),(5,129,15),(5,130,15),(5,131,15),(5,132,15),(5,133,15),(5,134,15),(5,135,15),(5,136,15),(5,137,15),(5,138,15),(5,139,15),(5,140,15),(5,141,15),(5,142,15),(5,39,15),(5,162,15),(5,163,15),(5,164,15),(5,165,15),(5,166,15),(5,167,15),(5,168,15),(5,169,15),(5,170,15),(5,171,15),(5,172,15),(5,173,15),(5,174,15),(5,175,15),(5,176,15),(5,177,15),(5,178,15),(5,179,15),(5,180,15),(5,181,15),(5,182,15),(5,183,15),(5,184,15),(5,185,15),(5,186,15),(5,187,15),(5,188,15),(5,189,15),(5,190,15),(5,191,15),(5,192,15),(5,193,15),(5,194,15),(5,195,15),(5,196,15),(5,197,15),(5,198,15),(5,199,15),(5,200,15),(5,201,15),(5,202,15),(5,203,15),(5,204,15),(5,205,15),(5,206,15),(5,207,15),(5,208,15),(5,209,15),(5,210,15),(5,211,15),(5,212,15),(5,213,15),(5,214,15),(5,215,15),(5,216,15),(5,217,15),(5,218,15),(5,219,15),(5,220,15),(5,221,15),(5,222,15),(5,223,15),(5,224,15),(5,225,15),(5,226,15),(5,227,15),(5,228,15),(5,229,15),(5,230,15),(5,231,15),(5,232,15),(5,233,15),(5,234,15),(5,235,15),(5,236,15),(5,237,15),(5,238,15),(5,239,15),(5,240,15),(5,241,15),(5,242,15),(5,243,15),(5,244,15),(5,245,15),(5,246,15),(5,247,15),(5,248,15),(5,249,15),(5,250,15),(5,251,15),(5,252,15),(5,253,15),(5,254,15),(5,255,15),(5,256,15),(5,257,15),(5,258,15),(5,259,15),(5,260,15),(5,261,15),(5,262,15),(5,263,15),(5,264,15),(5,265,15),(5,266,15),(5,267,15),(5,268,15),(5,269,15),(5,270,15),(5,271,15),(5,272,15),(5,273,15),(5,274,15),(5,275,15),(5,276,15),(5,277,15),(5,278,15),(5,279,15),(5,280,15),(5,281,15),(5,282,15),(5,283,15),(5,284,15),(5,285,15),(5,286,15),(5,287,15),(5,288,15),(5,289,15),(5,290,15),(5,291,15),(5,292,15),(5,293,15),(5,294,15),(5,295,15),(5,296,15),(5,297,15),(5,298,15),(5,299,15),(5,300,15),(5,301,15),(5,302,15),(5,303,15),(5,304,15),(5,305,15),(5,306,15),(5,307,15),(5,308,15),(5,309,15),(5,310,15),(5,311,15),(5,312,15),(5,313,15),(5,314,15),(5,315,15),(5,316,15),(5,317,15),(5,318,15),(5,319,15),(5,320,15),(5,321,15),(5,322,15),(5,323,15),(5,324,15),(5,325,15),(5,326,15),(5,327,15),(5,328,15),(5,329,15),(5,330,15),(5,331,15),(5,332,15),(5,333,15),(5,334,15),(5,335,15),(5,336,15),(5,337,15),(5,338,15),(5,339,15),(5,340,15),(5,341,15),(5,342,15),(5,343,15),(5,344,15),(5,62,15),(5,385,15),(5,386,15),(5,387,15),(5,388,15),(5,389,15),(5,390,15),(5,391,15),(5,392,15),(5,393,15),(5,394,15),(5,395,15),(5,396,15),(5,397,15),(5,398,15),(5,399,15),(5,400,15),(5,401,15),(5,402,15),(5,403,15),(5,404,15),(5,405,15),(5,406,15),(5,407,15),(5,408,15),(5,409,15),(5,410,15),(5,411,15),(5,412,15),(5,413,15),(5,414,15),(5,415,15),(5,416,15),(5,417,15),(5,418,15),(5,419,15),(5,420,15),(5,421,15),(5,422,15),(5,423,15),(5,424,15),(5,425,15),(5,426,15),(5,427,15),(5,428,15),(5,429,15),(5,430,15),(5,431,15),(5,432,15),(5,433,15),(5,434,15),(5,435,15),(5,436,15),(5,437,15),(5,438,15),(5,439,15),(5,440,15),(5,441,15),(5,442,15),(5,443,15),(5,444,15),(5,445,15),(5,446,15),(5,447,15),(5,448,15),(5,449,15),(5,450,15),(5,451,15),(5,452,15),(5,453,15),(5,454,15),(5,455,15),(5,456,15),(5,457,15),(5,458,15),(5,459,15),(5,460,15),(5,461,15),(5,462,15),(5,463,15),(5,464,15),(5,465,15),(5,466,15),(5,467,15),(5,468,15),(5,469,15),(5,470,15),(5,471,15),(5,472,15),(5,473,15),(5,474,15),(5,475,15),(5,476,15),(5,477,15),(5,478,15),(5,479,15),(5,480,15),(5,481,15),(5,482,15),(5,483,15),(5,484,15),(5,485,15),(5,486,15),(5,487,15),(5,488,15),(5,489,15),(5,490,15),(5,491,15),(5,492,15),(5,493,15),(5,494,15),(5,495,15),(5,496,15),(5,497,15),(5,498,15),(5,499,15),(5,500,15),(5,501,15),(5,502,15),(5,503,15),(5,504,15),(5,505,15),(5,506,15),(5,507,15),(5,508,15),(5,509,15),(5,510,15),(5,511,15),(5,512,15),(5,513,15),(5,514,15),(5,515,15),(5,516,15),(5,517,15),(5,518,15),(5,519,15),(5,520,15),(5,521,15),(5,522,15),(5,523,15),(5,524,15),(5,525,15),(5,526,15),(5,527,15),(5,528,15),(5,529,15),(5,530,15),(5,531,15),(5,532,15),(5,533,15),(5,534,15),(5,45055,15),(5,36,16),(5,40,16),(5,73,16),(5,74,16),(5,75,16),(5,76,16),(5,77,16),(5,78,16),(5,79,16),(5,80,16),(5,81,16),(5,82,16),(5,83,16),(5,84,16),(5,85,16),(5,86,16),(5,87,16),(5,88,16),(5,89,16),(5,90,16),(5,91,16),(5,92,16),(5,93,16),(5,94,16),(5,95,16),(5,96,16),(5,97,16),(5,98,16),(5,99,16),(5,100,16),(5,101,16),(5,102,16),(5,103,16),(5,104,16),(5,105,16),(5,106,16),(5,107,16),(5,108,16),(5,109,16),(5,110,16),(5,111,16),(5,112,16),(5,113,16),(5,114,16),(5,115,16),(5,116,16),(5,117,16),(5,118,16),(5,119,16),(5,120,16),(5,121,16),(5,122,16),(5,123,16),(5,124,16),(5,125,16),(5,126,16),(5,127,16),(5,128,16),(5,129,16),(5,130,16),(5,131,16),(5,132,16),(5,133,16),(5,134,16),(5,135,16),(5,136,16),(5,137,16),(5,138,16),(5,139,16),(5,140,16),(5,141,16),(5,142,16),(5,39,16),(5,162,16),(5,163,16),(5,164,16),(5,165,16),(5,166,16),(5,167,16),(5,168,16),(5,169,16),(5,170,16),(5,171,16),(5,172,16),(5,173,16),(5,174,16),(5,175,16),(5,176,16),(5,177,16),(5,178,16),(5,179,16),(5,180,16),(5,181,16),(5,182,16),(5,183,16),(5,184,16),(5,185,16),(5,186,16),(5,187,16),(5,188,16),(5,189,16),(5,190,16),(5,191,16),(5,192,16),(5,193,16),(5,194,16),(5,195,16),(5,196,16),(5,197,16),(5,198,16),(5,199,16),(5,200,16),(5,201,16),(5,202,16),(5,203,16),(5,204,16),(5,205,16),(5,206,16),(5,207,16),(5,208,16),(5,209,16),(5,210,16),(5,211,16),(5,212,16),(5,213,16),(5,214,16),(5,215,16),(5,216,16),(5,217,16),(5,218,16),(5,219,16),(5,220,16),(5,221,16),(5,222,16),(5,223,16),(5,224,16),(5,225,16),(5,226,16),(5,227,16),(5,228,16),(5,229,16),(5,230,16),(5,231,16),(5,232,16),(5,233,16),(5,234,16),(5,235,16),(5,236,16),(5,237,16),(5,238,16),(5,239,16),(5,240,16),(5,241,16),(5,242,16),(5,243,16),(5,244,16),(5,245,16),(5,246,16),(5,247,16),(5,248,16),(5,249,16),(5,250,16),(5,251,16),(5,252,16),(5,253,16),(5,254,16),(5,255,16),(5,256,16),(5,257,16),(5,258,16),(5,259,16),(5,260,16),(5,261,16),(5,262,16),(5,263,16),(5,264,16),(5,265,16),(5,266,16),(5,267,16),(5,268,16),(5,269,16),(5,270,16),(5,271,16),(5,272,16),(5,273,16),(5,274,16),(5,275,16),(5,276,16),(5,277,16),(5,278,16),(5,279,16),(5,280,16),(5,281,16),(5,282,16),(5,283,16),(5,284,16),(5,285,16),(5,286,16),(5,287,16),(5,288,16),(5,289,16),(5,290,16),(5,291,16),(5,292,16),(5,293,16),(5,294,16),(5,295,16),(5,296,16),(5,297,16),(5,298,16),(5,299,16),(5,300,16),(5,301,16),(5,302,16),(5,303,16),(5,304,16),(5,305,16),(5,306,16),(5,307,16),(5,308,16),(5,309,16),(5,310,16),(5,311,16),(5,312,16),(5,313,16),(5,314,16),(5,315,16),(5,316,16),(5,317,16),(5,318,16),(5,319,16),(5,320,16),(5,321,16),(5,322,16),(5,323,16),(5,324,16),(5,325,16),(5,326,16),(5,327,16),(5,328,16),(5,329,16),(5,330,16),(5,331,16),(5,332,16),(5,333,16),(5,334,16),(5,335,16),(5,336,16),(5,337,16),(5,338,16),(5,339,16),(5,340,16),(5,341,16),(5,342,16),(5,343,16),(5,344,16),(5,62,16),(5,385,16),(5,386,16),(5,387,16),(5,388,16),(5,389,16),(5,390,16),(5,391,16),(5,392,16),(5,393,16),(5,394,16),(5,395,16),(5,396,16),(5,397,16),(5,398,16),(5,399,16),(5,400,16),(5,401,16),(5,402,16),(5,403,16),(5,404,16),(5,405,16),(5,406,16),(5,407,16),(5,408,16),(5,409,16),(5,410,16),(5,411,16),(5,412,16),(5,413,16),(5,414,16),(5,415,16),(5,416,16),(5,417,16),(5,418,16),(5,419,16),(5,420,16),(5,421,16),(5,422,16),(5,423,16),(5,424,16),(5,425,16),(5,426,16),(5,427,16),(5,428,16),(5,429,16),(5,430,16),(5,431,16),(5,432,16),(5,433,16),(5,434,16),(5,435,16),(5,436,16),(5,437,16),(5,438,16),(5,439,16),(5,440,16),(5,441,16),(5,442,16),(5,443,16),(5,444,16),(5,445,16),(5,446,16),(5,447,16),(5,448,16),(5,449,16),(5,450,16),(5,451,16),(5,452,16),(5,453,16),(5,454,16),(5,455,16),(5,456,16),(5,457,16),(5,458,16),(5,459,16),(5,460,16),(5,461,16),(5,462,16),(5,463,16),(5,464,16),(5,465,16),(5,466,16),(5,467,16),(5,468,16),(5,469,16),(5,470,16),(5,471,16),(5,472,16),(5,473,16),(5,474,16),(5,475,16),(5,476,16),(5,477,16),(5,478,16),(5,479,16),(5,480,16),(5,481,16),(5,482,16),(5,483,16),(5,484,16),(5,485,16),(5,486,16),(5,487,16),(5,488,16),(5,489,16),(5,490,16),(5,491,16),(5,492,16),(5,493,16),(5,494,16),(5,495,16),(5,496,16),(5,497,16),(5,498,16),(5,499,16),(5,500,16),(5,501,16),(5,502,16),(5,503,16),(5,504,16),(5,505,16),(5,506,16),(5,507,16),(5,508,16),(5,509,16),(5,510,16),(5,511,16),(5,512,16),(5,513,16),(5,514,16),(5,515,16),(5,516,16),(5,517,16),(5,518,16),(5,519,16),(5,520,16),(5,521,16),(5,522,16),(5,523,16),(5,524,16),(5,525,16),(5,526,16),(5,527,16),(5,528,16),(5,529,16),(5,530,16),(5,531,16),(5,532,16),(5,533,16),(5,534,16),(5,45055,16),(5,36,17),(5,40,17),(5,73,17),(5,74,17),(5,75,17),(5,76,17),(5,77,17),(5,78,17),(5,79,17),(5,80,17),(5,81,17),(5,82,17),(5,83,17),(5,84,17),(5,85,17),(5,86,17),(5,87,17),(5,88,17),(5,89,17),(5,90,17),(5,91,17),(5,92,17),(5,93,17),(5,94,17),(5,95,17),(5,96,17),(5,97,17),(5,98,17),(5,99,17),(5,100,17),(5,101,17),(5,102,17),(5,103,17),(5,104,17),(5,105,17),(5,106,17),(5,107,17),(5,108,17),(5,109,17),(5,110,17),(5,111,17),(5,112,17),(5,113,17),(5,114,17),(5,115,17),(5,116,17),(5,117,17),(5,118,17),(5,119,17),(5,120,17),(5,121,17),(5,122,17),(5,123,17),(5,124,17),(5,125,17),(5,126,17),(5,127,17),(5,128,17),(5,129,17),(5,130,17),(5,131,17),(5,132,17),(5,133,17),(5,134,17),(5,135,17),(5,136,17),(5,137,17),(5,138,17),(5,139,17),(5,140,17),(5,141,17),(5,142,17),(5,39,17),(5,162,17),(5,163,17),(5,164,17),(5,165,17),(5,166,17),(5,167,17),(5,168,17),(5,169,17),(5,170,17),(5,171,17),(5,172,17),(5,173,17),(5,174,17),(5,175,17),(5,176,17),(5,177,17),(5,178,17),(5,179,17),(5,180,17),(5,181,17),(5,182,17),(5,183,17),(5,184,17),(5,185,17),(5,186,17),(5,187,17),(5,188,17),(5,189,17),(5,190,17),(5,191,17),(5,192,17),(5,193,17),(5,194,17),(5,195,17),(5,196,17),(5,197,17),(5,198,17),(5,199,17),(5,200,17),(5,201,17),(5,202,17),(5,203,17),(5,204,17),(5,205,17),(5,206,17),(5,207,17),(5,208,17),(5,209,17),(5,210,17),(5,211,17),(5,212,17),(5,213,17),(5,214,17),(5,215,17),(5,216,17),(5,217,17),(5,218,17),(5,219,17),(5,220,17),(5,221,17),(5,222,17),(5,223,17),(5,224,17),(5,225,17),(5,226,17),(5,227,17),(5,228,17),(5,229,17),(5,230,17),(5,231,17),(5,232,17),(5,233,17),(5,234,17),(5,235,17),(5,236,17),(5,237,17),(5,238,17),(5,239,17),(5,240,17),(5,241,17),(5,242,17),(5,243,17),(5,244,17),(5,245,17),(5,246,17),(5,247,17),(5,248,17),(5,249,17),(5,250,17),(5,251,17),(5,252,17),(5,253,17),(5,254,17),(5,255,17),(5,256,17),(5,257,17),(5,258,17),(5,259,17),(5,260,17),(5,261,17),(5,262,17),(5,263,17),(5,264,17),(5,265,17),(5,266,17),(5,267,17),(5,268,17),(5,269,17),(5,270,17),(5,271,17),(5,272,17),(5,273,17),(5,274,17),(5,275,17),(5,276,17),(5,277,17),(5,278,17),(5,279,17),(5,280,17),(5,281,17),(5,282,17),(5,283,17),(5,284,17),(5,285,17),(5,286,17),(5,287,17),(5,288,17),(5,289,17),(5,290,17),(5,291,17),(5,292,17),(5,293,17),(5,294,17),(5,295,17),(5,296,17),(5,297,17),(5,298,17),(5,299,17),(5,300,17),(5,301,17),(5,302,17),(5,303,17),(5,304,17),(5,305,17),(5,306,17),(5,307,17),(5,308,17),(5,309,17),(5,310,17),(5,311,17),(5,312,17),(5,313,17),(5,314,17),(5,315,17),(5,316,17),(5,317,17),(5,318,17),(5,319,17),(5,320,17),(5,321,17),(5,322,17),(5,323,17),(5,324,17),(5,325,17),(5,326,17),(5,327,17),(5,328,17),(5,329,17),(5,330,17),(5,331,17),(5,332,17),(5,333,17),(5,334,17),(5,335,17),(5,336,17),(5,337,17),(5,338,17),(5,339,17),(5,340,17),(5,341,17),(5,342,17),(5,343,17),(5,344,17),(5,62,17),(5,385,17),(5,386,17),(5,387,17),(5,388,17),(5,389,17),(5,390,17),(5,391,17),(5,392,17),(5,393,17),(5,394,17),(5,395,17),(5,396,17),(5,397,17),(5,398,17),(5,399,17),(5,400,17),(5,401,17),(5,402,17),(5,403,17),(5,404,17),(5,405,17),(5,406,17),(5,407,17),(5,408,17),(5,409,17),(5,410,17),(5,411,17),(5,412,17),(5,413,17),(5,414,17),(5,415,17),(5,416,17),(5,417,17),(5,418,17),(5,419,17),(5,420,17),(5,421,17),(5,422,17),(5,423,17),(5,424,17),(5,425,17),(5,426,17),(5,427,17),(5,428,17),(5,429,17),(5,430,17),(5,431,17),(5,432,17),(5,433,17),(5,434,17),(5,435,17),(5,436,17),(5,437,17),(5,438,17),(5,439,17),(5,440,17),(5,441,17),(5,442,17),(5,443,17),(5,444,17),(5,445,17),(5,446,17),(5,447,17),(5,448,17),(5,449,17),(5,450,17),(5,451,17),(5,452,17),(5,453,17),(5,454,17),(5,455,17),(5,456,17),(5,457,17),(5,458,17),(5,459,17),(5,460,17),(5,461,17),(5,462,17),(5,463,17),(5,464,17),(5,465,17),(5,466,17),(5,467,17),(5,468,17),(5,469,17),(5,470,17),(5,471,17),(5,472,17),(5,473,17),(5,474,17),(5,475,17),(5,476,17),(5,477,17),(5,478,17),(5,479,17),(5,480,17),(5,481,17),(5,482,17),(5,483,17),(5,484,17),(5,485,17),(5,486,17),(5,487,17),(5,488,17),(5,489,17),(5,490,17),(5,491,17),(5,492,17),(5,493,17),(5,494,17),(5,495,17),(5,496,17),(5,497,17),(5,498,17),(5,499,17),(5,500,17),(5,501,17),(5,502,17),(5,503,17),(5,504,17),(5,505,17),(5,506,17),(5,507,17),(5,508,17),(5,509,17),(5,510,17),(5,511,17),(5,512,17),(5,513,17),(5,514,17),(5,515,17),(5,516,17),(5,517,17),(5,518,17),(5,519,17),(5,520,17),(5,521,17),(5,522,17),(5,523,17),(5,524,17),(5,525,17),(5,526,17),(5,527,17),(5,528,17),(5,529,17),(5,530,17),(5,531,17),(5,532,17),(5,533,17),(5,534,17),(5,45055,17),(5,36,18),(5,40,18),(5,73,18),(5,74,18),(5,75,18),(5,76,18),(5,77,18),(5,78,18),(5,79,18),(5,80,18),(5,81,18),(5,82,18),(5,83,18),(5,84,18),(5,85,18),(5,86,18),(5,87,18),(5,88,18),(5,89,18),(5,90,18),(5,91,18),(5,92,18),(5,93,18),(5,94,18),(5,95,18),(5,96,18),(5,97,18),(5,98,18),(5,99,18),(5,100,18),(5,101,18),(5,102,18),(5,103,18),(5,104,18),(5,105,18),(5,106,18),(5,107,18),(5,108,18),(5,109,18),(5,110,18),(5,111,18),(5,112,18),(5,113,18),(5,114,18),(5,115,18),(5,116,18),(5,117,18),(5,118,18),(5,119,18),(5,120,18),(5,121,18),(5,122,18),(5,123,18),(5,124,18),(5,125,18),(5,126,18),(5,127,18),(5,128,18),(5,129,18),(5,130,18),(5,131,18),(5,132,18),(5,133,18),(5,134,18),(5,135,18),(5,136,18),(5,137,18),(5,138,18),(5,139,18),(5,140,18),(5,141,18),(5,142,18),(5,39,18),(5,162,18),(5,163,18),(5,164,18),(5,165,18),(5,166,18),(5,167,18),(5,168,18),(5,169,18),(5,170,18),(5,171,18),(5,172,18),(5,173,18),(5,174,18),(5,175,18),(5,176,18),(5,177,18),(5,178,18),(5,179,18),(5,180,18),(5,181,18),(5,182,18),(5,183,18),(5,184,18),(5,185,18),(5,186,18),(5,187,18),(5,188,18),(5,189,18),(5,190,18),(5,191,18),(5,192,18),(5,193,18),(5,194,18),(5,195,18),(5,196,18),(5,197,18),(5,198,18),(5,199,18),(5,200,18),(5,201,18),(5,202,18),(5,203,18),(5,204,18),(5,205,18),(5,206,18),(5,207,18),(5,208,18),(5,209,18),(5,210,18),(5,211,18),(5,212,18),(5,213,18),(5,214,18),(5,215,18),(5,216,18),(5,217,18),(5,218,18),(5,219,18),(5,220,18),(5,221,18),(5,222,18),(5,223,18),(5,224,18),(5,225,18),(5,226,18),(5,227,18),(5,228,18),(5,229,18),(5,230,18),(5,231,18),(5,232,18),(5,233,18),(5,234,18),(5,235,18),(5,236,18),(5,237,18),(5,238,18),(5,239,18),(5,240,18),(5,241,18),(5,242,18),(5,243,18),(5,244,18),(5,245,18),(5,246,18),(5,247,18),(5,248,18),(5,249,18),(5,250,18),(5,251,18),(5,252,18),(5,253,18),(5,254,18),(5,255,18),(5,256,18),(5,257,18),(5,258,18),(5,259,18),(5,260,18),(5,261,18),(5,262,18),(5,263,18),(5,264,18),(5,265,18),(5,266,18),(5,267,18),(5,268,18),(5,269,18),(5,270,18),(5,271,18),(5,272,18),(5,273,18),(5,274,18),(5,275,18),(5,276,18),(5,277,18),(5,278,18),(5,279,18),(5,280,18),(5,281,18),(5,282,18),(5,283,18),(5,284,18),(5,285,18),(5,286,18),(5,287,18),(5,288,18),(5,289,18),(5,290,18),(5,291,18),(5,292,18),(5,293,18),(5,294,18),(5,295,18),(5,296,18),(5,297,18),(5,298,18),(5,299,18),(5,300,18),(5,301,18),(5,302,18),(5,303,18),(5,304,18),(5,305,18),(5,306,18),(5,307,18),(5,308,18),(5,309,18),(5,310,18),(5,311,18),(5,312,18),(5,313,18),(5,314,18),(5,315,18),(5,316,18),(5,317,18),(5,318,18),(5,319,18),(5,320,18),(5,321,18),(5,322,18),(5,323,18),(5,324,18),(5,325,18),(5,326,18),(5,327,18),(5,328,18),(5,329,18),(5,330,18),(5,331,18),(5,332,18),(5,333,18),(5,334,18),(5,335,18),(5,336,18),(5,337,18),(5,338,18),(5,339,18),(5,340,18),(5,341,18),(5,342,18),(5,343,18),(5,344,18),(5,62,18),(5,385,18),(5,386,18),(5,387,18),(5,388,18),(5,389,18),(5,390,18),(5,391,18),(5,392,18),(5,393,18),(5,394,18),(5,395,18),(5,396,18),(5,397,18),(5,398,18),(5,399,18),(5,400,18),(5,401,18),(5,402,18),(5,403,18),(5,404,18),(5,405,18),(5,406,18),(5,407,18),(5,408,18),(5,409,18),(5,410,18),(5,411,18),(5,412,18),(5,413,18),(5,414,18),(5,415,18),(5,416,18),(5,417,18),(5,418,18),(5,419,18),(5,420,18),(5,421,18),(5,422,18),(5,423,18),(5,424,18),(5,425,18),(5,426,18),(5,427,18),(5,428,18),(5,429,18),(5,430,18),(5,431,18),(5,432,18),(5,433,18),(5,434,18),(5,435,18),(5,436,18),(5,437,18),(5,438,18),(5,439,18),(5,440,18),(5,441,18),(5,442,18),(5,443,18),(5,444,18),(5,445,18),(5,446,18),(5,447,18),(5,448,18),(5,449,18),(5,450,18),(5,451,18),(5,452,18),(5,453,18),(5,454,18),(5,455,18),(5,456,18),(5,457,18),(5,458,18),(5,459,18),(5,460,18),(5,461,18),(5,462,18),(5,463,18),(5,464,18),(5,465,18),(5,466,18),(5,467,18),(5,468,18),(5,469,18),(5,470,18),(5,471,18),(5,472,18),(5,473,18),(5,474,18),(5,475,18),(5,476,18),(5,477,18),(5,478,18),(5,479,18),(5,480,18),(5,481,18),(5,482,18),(5,483,18),(5,484,18),(5,485,18),(5,486,18),(5,487,18),(5,488,18),(5,489,18),(5,490,18),(5,491,18),(5,492,18),(5,493,18),(5,494,18),(5,495,18),(5,496,18),(5,497,18),(5,498,18),(5,499,18),(5,500,18),(5,501,18),(5,502,18),(5,503,18),(5,504,18),(5,505,18),(5,506,18),(5,507,18),(5,508,18),(5,509,18),(5,510,18),(5,511,18),(5,512,18),(5,513,18),(5,514,18),(5,515,18),(5,516,18),(5,517,18),(5,518,18),(5,519,18),(5,520,18),(5,521,18),(5,522,18),(5,523,18),(5,524,18),(5,525,18),(5,526,18),(5,527,18),(5,528,18),(5,529,18),(5,530,18),(5,531,18),(5,532,18),(5,533,18),(5,534,18),(5,45055,18),(5,36,19),(5,40,19),(5,73,19),(5,74,19),(5,75,19),(5,76,19),(5,77,19),(5,78,19),(5,79,19),(5,80,19),(5,81,19),(5,82,19),(5,83,19),(5,84,19),(5,85,19),(5,86,19),(5,87,19),(5,88,19),(5,89,19),(5,90,19),(5,91,19),(5,92,19),(5,93,19),(5,94,19),(5,95,19),(5,96,19),(5,97,19),(5,98,19),(5,99,19),(5,100,19),(5,101,19),(5,102,19),(5,103,19),(5,104,19),(5,105,19),(5,106,19),(5,107,19),(5,108,19),(5,109,19),(5,110,19),(5,111,19),(5,112,19),(5,113,19),(5,114,19),(5,115,19),(5,116,19),(5,117,19),(5,118,19),(5,119,19),(5,120,19),(5,121,19),(5,122,19),(5,123,19),(5,124,19),(5,125,19),(5,126,19),(5,127,19),(5,128,19),(5,129,19),(5,130,19),(5,131,19),(5,132,19),(5,133,19),(5,134,19),(5,135,19),(5,136,19),(5,137,19),(5,138,19),(5,139,19),(5,140,19),(5,141,19),(5,142,19),(5,39,19),(5,162,19),(5,163,19),(5,164,19),(5,165,19),(5,166,19),(5,167,19),(5,168,19),(5,169,19),(5,170,19),(5,171,19),(5,172,19),(5,173,19),(5,174,19),(5,175,19),(5,176,19),(5,177,19),(5,178,19),(5,179,19),(5,180,19),(5,181,19),(5,182,19),(5,183,19),(5,184,19),(5,185,19),(5,186,19),(5,187,19),(5,188,19),(5,189,19),(5,190,19),(5,191,19),(5,192,19),(5,193,19),(5,194,19),(5,195,19),(5,196,19),(5,197,19),(5,198,19),(5,199,19),(5,200,19),(5,201,19),(5,202,19),(5,203,19),(5,204,19),(5,205,19),(5,206,19),(5,207,19),(5,208,19),(5,209,19),(5,210,19),(5,211,19),(5,212,19),(5,213,19),(5,214,19),(5,215,19),(5,216,19),(5,217,19),(5,218,19),(5,219,19),(5,220,19),(5,221,19),(5,222,19),(5,223,19),(5,224,19),(5,225,19),(5,226,19),(5,227,19),(5,228,19),(5,229,19),(5,230,19),(5,231,19),(5,232,19),(5,233,19),(5,234,19),(5,235,19),(5,236,19),(5,237,19),(5,238,19),(5,239,19),(5,240,19),(5,241,19),(5,242,19),(5,243,19),(5,244,19),(5,245,19),(5,246,19),(5,247,19),(5,248,19),(5,249,19),(5,250,19),(5,251,19),(5,252,19),(5,253,19),(5,254,19),(5,255,19),(5,256,19),(5,257,19),(5,258,19),(5,259,19),(5,260,19),(5,261,19),(5,262,19),(5,263,19),(5,264,19),(5,265,19),(5,266,19),(5,267,19),(5,268,19),(5,269,19),(5,270,19),(5,271,19),(5,272,19),(5,273,19),(5,274,19),(5,275,19),(5,276,19),(5,277,19),(5,278,19),(5,279,19),(5,280,19),(5,281,19),(5,282,19),(5,283,19),(5,284,19),(5,285,19),(5,286,19),(5,287,19),(5,288,19),(5,289,19),(5,290,19),(5,291,19),(5,292,19),(5,293,19),(5,294,19),(5,295,19),(5,296,19),(5,297,19),(5,298,19),(5,299,19),(5,300,19),(5,301,19),(5,302,19),(5,303,19),(5,304,19),(5,305,19),(5,306,19),(5,307,19),(5,308,19),(5,309,19),(5,310,19),(5,311,19),(5,312,19),(5,313,19),(5,314,19),(5,315,19),(5,316,19),(5,317,19),(5,318,19),(5,319,19),(5,320,19),(5,321,19),(5,322,19),(5,323,19),(5,324,19),(5,325,19),(5,326,19),(5,327,19),(5,328,19),(5,329,19),(5,330,19),(5,331,19),(5,332,19),(5,333,19),(5,334,19),(5,335,19),(5,336,19),(5,337,19),(5,338,19),(5,339,19),(5,340,19),(5,341,19),(5,342,19),(5,343,19),(5,344,19),(5,62,19),(5,385,19),(5,386,19),(5,387,19),(5,388,19),(5,389,19),(5,390,19),(5,391,19),(5,392,19),(5,393,19),(5,394,19),(5,395,19),(5,396,19),(5,397,19),(5,398,19),(5,399,19),(5,400,19),(5,401,19),(5,402,19),(5,403,19),(5,404,19),(5,405,19),(5,406,19),(5,407,19),(5,408,19),(5,409,19),(5,410,19),(5,411,19),(5,412,19),(5,413,19),(5,414,19),(5,415,19),(5,416,19),(5,417,19),(5,418,19),(5,419,19),(5,420,19),(5,421,19),(5,422,19),(5,423,19),(5,424,19),(5,425,19),(5,426,19),(5,427,19),(5,428,19),(5,429,19),(5,430,19),(5,431,19),(5,432,19),(5,433,19),(5,434,19),(5,435,19),(5,436,19),(5,437,19),(5,438,19),(5,439,19),(5,440,19),(5,441,19),(5,442,19),(5,443,19),(5,444,19),(5,445,19),(5,446,19),(5,447,19),(5,448,19),(5,449,19),(5,450,19),(5,451,19),(5,452,19),(5,453,19),(5,454,19),(5,455,19),(5,456,19),(5,457,19),(5,458,19),(5,459,19),(5,460,19),(5,461,19),(5,462,19),(5,463,19),(5,464,19),(5,465,19),(5,466,19),(5,467,19),(5,468,19),(5,469,19),(5,470,19),(5,471,19),(5,472,19),(5,473,19),(5,474,19),(5,475,19),(5,476,19),(5,477,19),(5,478,19),(5,479,19),(5,480,19),(5,481,19),(5,482,19),(5,483,19),(5,484,19),(5,485,19),(5,486,19),(5,487,19),(5,488,19),(5,489,19),(5,490,19),(5,491,19),(5,492,19),(5,493,19),(5,494,19),(5,495,19),(5,496,19),(5,497,19),(5,498,19),(5,499,19),(5,500,19),(5,501,19),(5,502,19),(5,503,19),(5,504,19),(5,505,19),(5,506,19),(5,507,19),(5,508,19),(5,509,19),(5,510,19),(5,511,19),(5,512,19),(5,513,19),(5,514,19),(5,515,19),(5,516,19),(5,517,19),(5,518,19),(5,519,19),(5,520,19),(5,521,19),(5,522,19),(5,523,19),(5,524,19),(5,525,19),(5,526,19),(5,527,19),(5,528,19),(5,529,19),(5,530,19),(5,531,19),(5,532,19),(5,533,19),(5,534,19),(5,45055,19),(5,36,20),(5,40,20),(5,73,20),(5,74,20),(5,75,20),(5,76,20),(5,77,20),(5,78,20),(5,79,20),(5,80,20),(5,81,20),(5,82,20),(5,83,20),(5,84,20),(5,85,20),(5,86,20),(5,87,20),(5,88,20),(5,89,20),(5,90,20),(5,91,20),(5,92,20),(5,93,20),(5,94,20),(5,95,20),(5,96,20),(5,97,20),(5,98,20),(5,99,20),(5,100,20),(5,101,20),(5,102,20),(5,103,20),(5,104,20),(5,105,20),(5,106,20),(5,107,20),(5,108,20),(5,109,20),(5,110,20),(5,111,20),(5,112,20),(5,113,20),(5,114,20),(5,115,20),(5,116,20),(5,117,20),(5,118,20),(5,119,20),(5,120,20),(5,121,20),(5,122,20),(5,123,20),(5,124,20),(5,125,20),(5,126,20),(5,127,20),(5,128,20),(5,129,20),(5,130,20),(5,131,20),(5,132,20),(5,133,20),(5,134,20),(5,135,20),(5,136,20),(5,137,20),(5,138,20),(5,139,20),(5,140,20),(5,141,20),(5,142,20),(5,39,20),(5,162,20),(5,163,20),(5,164,20),(5,165,20),(5,166,20),(5,167,20),(5,168,20),(5,169,20),(5,170,20),(5,171,20),(5,172,20),(5,173,20),(5,174,20),(5,175,20),(5,176,20),(5,177,20),(5,178,20),(5,179,20),(5,180,20),(5,181,20),(5,182,20),(5,183,20),(5,184,20),(5,185,20),(5,186,20),(5,187,20),(5,188,20),(5,189,20),(5,190,20),(5,191,20),(5,192,20),(5,193,20),(5,194,20),(5,195,20),(5,196,20),(5,197,20),(5,198,20),(5,199,20),(5,200,20),(5,201,20),(5,202,20),(5,203,20),(5,204,20),(5,205,20),(5,206,20),(5,207,20),(5,208,20),(5,209,20),(5,210,20),(5,211,20),(5,212,20),(5,213,20),(5,214,20),(5,215,20),(5,216,20),(5,217,20),(5,218,20),(5,219,20),(5,220,20),(5,221,20),(5,222,20),(5,223,20),(5,224,20),(5,225,20),(5,226,20),(5,227,20),(5,228,20),(5,229,20),(5,230,20),(5,231,20),(5,232,20),(5,233,20),(5,234,20),(5,235,20),(5,236,20),(5,237,20),(5,238,20),(5,239,20),(5,240,20),(5,241,20),(5,242,20),(5,243,20),(5,244,20),(5,245,20),(5,246,20),(5,247,20),(5,248,20),(5,249,20),(5,250,20),(5,251,20),(5,252,20),(5,253,20),(5,254,20),(5,255,20),(5,256,20),(5,257,20),(5,258,20),(5,259,20),(5,260,20),(5,261,20),(5,262,20),(5,263,20),(5,264,20),(5,265,20),(5,266,20),(5,267,20),(5,268,20),(5,269,20),(5,270,20),(5,271,20),(5,272,20),(5,273,20),(5,274,20),(5,275,20),(5,276,20),(5,277,20),(5,278,20),(5,279,20),(5,280,20),(5,281,20),(5,282,20),(5,283,20),(5,284,20),(5,285,20),(5,286,20),(5,287,20),(5,288,20),(5,289,20),(5,290,20),(5,291,20),(5,292,20),(5,293,20),(5,294,20),(5,295,20),(5,296,20),(5,297,20),(5,298,20),(5,299,20),(5,300,20),(5,301,20),(5,302,20),(5,303,20),(5,304,20),(5,305,20),(5,306,20),(5,307,20),(5,308,20),(5,309,20),(5,310,20),(5,311,20),(5,312,20),(5,313,20),(5,314,20),(5,315,20),(5,316,20),(5,317,20),(5,318,20),(5,319,20),(5,320,20),(5,321,20),(5,322,20),(5,323,20),(5,324,20),(5,325,20),(5,326,20),(5,327,20),(5,328,20),(5,329,20),(5,330,20),(5,331,20),(5,332,20),(5,333,20),(5,334,20),(5,335,20),(5,336,20),(5,337,20),(5,338,20),(5,339,20),(5,340,20),(5,341,20),(5,342,20),(5,343,20),(5,344,20),(5,62,20),(5,385,20),(5,386,20),(5,387,20),(5,388,20),(5,389,20),(5,390,20),(5,391,20),(5,392,20),(5,393,20),(5,394,20),(5,395,20),(5,396,20),(5,397,20),(5,398,20),(5,399,20),(5,400,20),(5,401,20),(5,402,20),(5,403,20),(5,404,20),(5,405,20),(5,406,20),(5,407,20),(5,408,20),(5,409,20),(5,410,20),(5,411,20),(5,412,20),(5,413,20),(5,414,20),(5,415,20),(5,416,20),(5,417,20),(5,418,20),(5,419,20),(5,420,20),(5,421,20),(5,422,20),(5,423,20),(5,424,20),(5,425,20),(5,426,20),(5,427,20),(5,428,20),(5,429,20),(5,430,20),(5,431,20),(5,432,20),(5,433,20),(5,434,20),(5,435,20),(5,436,20),(5,437,20),(5,438,20),(5,439,20),(5,440,20),(5,441,20),(5,442,20),(5,443,20),(5,444,20),(5,445,20),(5,446,20),(5,447,20),(5,448,20),(5,449,20),(5,450,20),(5,451,20),(5,452,20),(5,453,20),(5,454,20),(5,455,20),(5,456,20),(5,457,20),(5,458,20),(5,459,20),(5,460,20),(5,461,20),(5,462,20),(5,463,20),(5,464,20),(5,465,20),(5,466,20),(5,467,20),(5,468,20),(5,469,20),(5,470,20),(5,471,20),(5,472,20),(5,473,20),(5,474,20),(5,475,20),(5,476,20),(5,477,20),(5,478,20),(5,479,20),(5,480,20),(5,481,20),(5,482,20),(5,483,20),(5,484,20),(5,485,20),(5,486,20),(5,487,20),(5,488,20),(5,489,20),(5,490,20),(5,491,20),(5,492,20),(5,493,20),(5,494,20),(5,495,20),(5,496,20),(5,497,20),(5,498,20),(5,499,20),(5,500,20),(5,501,20),(5,502,20),(5,503,20),(5,504,20),(5,505,20),(5,506,20),(5,507,20),(5,508,20),(5,509,20),(5,510,20),(5,511,20),(5,512,20),(5,513,20),(5,514,20),(5,515,20),(5,516,20),(5,517,20),(5,518,20),(5,519,20),(5,520,20),(5,521,20),(5,522,20),(5,523,20),(5,524,20),(5,525,20),(5,526,20),(5,527,20),(5,528,20),(5,529,20),(5,530,20),(5,531,20),(5,532,20),(5,533,20),(5,534,20),(5,45055,20),(5,36,54),(5,40,54),(5,73,54),(5,74,54),(5,75,54),(5,76,54),(5,77,54),(5,78,54),(5,79,54),(5,80,54),(5,81,54),(5,82,54),(5,83,54),(5,84,54),(5,85,54),(5,86,54),(5,87,54),(5,88,54),(5,89,54),(5,90,54),(5,91,54),(5,92,54),(5,93,54),(5,94,54),(5,95,54),(5,96,54),(5,97,54),(5,98,54),(5,99,54),(5,100,54),(5,101,54),(5,102,54),(5,103,54),(5,104,54),(5,105,54),(5,106,54),(5,107,54),(5,108,54),(5,109,54),(5,110,54),(5,111,54),(5,112,54),(5,113,54),(5,114,54),(5,115,54),(5,116,54),(5,117,54),(5,118,54),(5,119,54),(5,120,54),(5,121,54),(5,122,54),(5,123,54),(5,124,54),(5,125,54),(5,126,54),(5,127,54),(5,128,54),(5,129,54),(5,130,54),(5,131,54),(5,132,54),(5,133,54),(5,134,54),(5,135,54),(5,136,54),(5,137,54),(5,138,54),(5,139,54),(5,140,54),(5,141,54),(5,142,54),(5,39,54),(5,162,54),(5,163,54),(5,164,54),(5,165,54),(5,166,54),(5,167,54),(5,168,54),(5,169,54),(5,170,54),(5,171,54),(5,172,54),(5,173,54),(5,174,54),(5,175,54),(5,176,54),(5,177,54),(5,178,54),(5,179,54),(5,180,54),(5,181,54),(5,182,54),(5,183,54),(5,184,54),(5,185,54),(5,186,54),(5,187,54),(5,188,54),(5,189,54),(5,190,54),(5,191,54),(5,192,54),(5,193,54),(5,194,54),(5,195,54),(5,196,54),(5,197,54),(5,198,54),(5,199,54),(5,200,54),(5,201,54),(5,202,54),(5,203,54),(5,204,54),(5,205,54),(5,206,54),(5,207,54),(5,208,54),(5,209,54),(5,210,54),(5,211,54),(5,212,54),(5,213,54),(5,214,54),(5,215,54),(5,216,54),(5,217,54),(5,218,54),(5,219,54),(5,220,54),(5,221,54),(5,222,54),(5,223,54),(5,224,54),(5,225,54),(5,226,54),(5,227,54),(5,228,54),(5,229,54),(5,230,54),(5,231,54),(5,232,54),(5,233,54),(5,234,54),(5,235,54),(5,236,54),(5,237,54),(5,238,54),(5,239,54),(5,240,54),(5,241,54),(5,242,54),(5,243,54),(5,244,54),(5,245,54),(5,246,54),(5,247,54),(5,248,54),(5,249,54),(5,250,54),(5,251,54),(5,252,54),(5,253,54),(5,254,54),(5,255,54),(5,256,54),(5,257,54),(5,258,54),(5,259,54),(5,260,54),(5,261,54),(5,262,54),(5,263,54),(5,264,54),(5,265,54),(5,266,54),(5,267,54),(5,268,54),(5,269,54),(5,270,54),(5,271,54),(5,272,54),(5,273,54),(5,274,54),(5,275,54),(5,276,54),(5,277,54),(5,278,54),(5,279,54),(5,280,54),(5,281,54),(5,282,54),(5,283,54),(5,284,54),(5,285,54),(5,286,54),(5,287,54),(5,288,54),(5,289,54),(5,290,54),(5,291,54),(5,292,54),(5,293,54),(5,294,54),(5,295,54),(5,296,54),(5,297,54),(5,298,54),(5,299,54),(5,300,54),(5,301,54),(5,302,54),(5,303,54),(5,304,54),(5,305,54),(5,306,54),(5,307,54),(5,308,54),(5,309,54),(5,310,54),(5,311,54),(5,312,54),(5,313,54),(5,314,54),(5,315,54),(5,316,54),(5,317,54),(5,318,54),(5,319,54),(5,320,54),(5,321,54),(5,322,54),(5,323,54),(5,324,54),(5,325,54),(5,326,54),(5,327,54),(5,328,54),(5,329,54),(5,330,54),(5,331,54),(5,332,54),(5,333,54),(5,334,54),(5,335,54),(5,336,54),(5,337,54),(5,338,54),(5,339,54),(5,340,54),(5,341,54),(5,342,54),(5,343,54),(5,344,54),(5,62,54),(5,385,54),(5,386,54),(5,387,54),(5,388,54),(5,389,54),(5,390,54),(5,391,54),(5,392,54),(5,393,54),(5,394,54),(5,395,54),(5,396,54),(5,397,54),(5,398,54),(5,399,54),(5,400,54),(5,401,54),(5,402,54),(5,403,54),(5,404,54),(5,405,54),(5,406,54),(5,407,54),(5,408,54),(5,409,54),(5,410,54),(5,411,54),(5,412,54),(5,413,54),(5,414,54),(5,415,54),(5,416,54),(5,417,54),(5,418,54),(5,419,54),(5,420,54),(5,421,54),(5,422,54),(5,423,54),(5,424,54),(5,425,54),(5,426,54),(5,427,54),(5,428,54),(5,429,54),(5,430,54),(5,431,54),(5,432,54),(5,433,54),(5,434,54),(5,435,54),(5,436,54),(5,437,54),(5,438,54),(5,439,54),(5,440,54),(5,441,54),(5,442,54),(5,443,54),(5,444,54),(5,445,54),(5,446,54),(5,447,54),(5,448,54),(5,449,54),(5,450,54),(5,451,54),(5,452,54),(5,453,54),(5,454,54),(5,455,54),(5,456,54),(5,457,54),(5,458,54),(5,459,54),(5,460,54),(5,461,54),(5,462,54),(5,463,54),(5,464,54),(5,465,54),(5,466,54),(5,467,54),(5,468,54),(5,469,54),(5,470,54),(5,471,54),(5,472,54),(5,473,54),(5,474,54),(5,475,54),(5,476,54),(5,477,54),(5,478,54),(5,479,54),(5,480,54),(5,481,54),(5,482,54),(5,483,54),(5,484,54),(5,485,54),(5,486,54),(5,487,54),(5,488,54),(5,489,54),(5,490,54),(5,491,54),(5,492,54),(5,493,54),(5,494,54),(5,495,54),(5,496,54),(5,497,54),(5,498,54),(5,499,54),(5,500,54),(5,501,54),(5,502,54),(5,503,54),(5,504,54),(5,505,54),(5,506,54),(5,507,54),(5,508,54),(5,509,54),(5,510,54),(5,511,54),(5,512,54),(5,513,54),(5,514,54),(5,515,54),(5,516,54),(5,517,54),(5,518,54),(5,519,54),(5,520,54),(5,521,54),(5,522,54),(5,523,54),(5,524,54),(5,525,54),(5,526,54),(5,527,54),(5,528,54),(5,529,54),(5,530,54),(5,531,54),(5,532,54),(5,533,54),(5,534,54),(5,45055,54);
/*!40000 ALTER TABLE `ms_mall_shipping_area` ENABLE KEYS */;
UNLOCK TABLES;

--
-- Table structure for table `ms_mall_shipping_template`
--

DROP TABLE IF EXISTS `ms_mall_shipping_template`;
/*!40101 SET @saved_cs_client     = @@character_set_client */;
/*!40101 SET character_set_client = utf8 */;
CREATE TABLE `ms_mall_shipping_template` (
  `templ_id` smallint(5) unsigned NOT NULL AUTO_INCREMENT,
  `templ_name` varchar(150) NOT NULL DEFAULT '',
  `type` int(1) DEFAULT '1' COMMENT '1按重量计费2按数量计费',
  `first_fee` decimal(10,2) DEFAULT '0.00' COMMENT '首重/首件',
  `next_fee` decimal(10,2) DEFAULT '0.00' COMMENT '续重/续件',
  `store_id` int(10) DEFAULT '0' COMMENT '店铺id',
  `shipping_id_str` text,
  `province_str` text,
  PRIMARY KEY (`templ_id`)
) ENGINE=MyISAM AUTO_INCREMENT=6 DEFAULT CHARSET=utf8 COMMENT='运费模板';
/*!40101 SET character_set_client = @saved_cs_client */;

--
-- Dumping data for table `ms_mall_shipping_template`
--

LOCK TABLES `ms_mall_shipping_template` WRITE;
/*!40000 ALTER TABLE `ms_mall_shipping_template` DISABLE KEYS */;
INSERT INTO `ms_mall_shipping_template` VALUES (3,'山东',2,5.00,2.00,1,'1,7','15'),(4,'按件计算',2,10.00,1.00,6,'1','1,2,3,4,5,6,7,8,9,10,11,12,13,14,15,16,17,18,19,20,21,22,23,24,25,26,27,28,29,30,31,32,33,34,35'),(5,'按重量计算',1,5.00,2.00,6,'1,2,3,4,5,6,7,8,9,10,11,12,13,14,15,16,17,18,19,20,54','1,2,3,4,5,6,7,8,9,10,11,12,13,14,15,16,17,18,19,20,21,22,23,24,25,26,27,28,29,30,31,32,33,34,35');
/*!40000 ALTER TABLE `ms_mall_shipping_template` ENABLE KEYS */;
UNLOCK TABLES;

--
-- Table structure for table `ms_mall_store`
--

DROP TABLE IF EXISTS `ms_mall_store`;
/*!40101 SET @saved_cs_client     = @@character_set_client */;
/*!40101 SET character_set_client = utf8 */;
CREATE TABLE `ms_mall_store` (
  `store_id` int(11) NOT NULL AUTO_INCREMENT COMMENT '店铺索引id',
  `uid` int(11) NOT NULL COMMENT '会员id',
  `username` varchar(50) NOT NULL COMMENT '会员名称',
  `store_name` varchar(50) NOT NULL COMMENT '店铺名称',
  `store_auth` tinyint(1) DEFAULT '0' COMMENT '店铺认证',
  `name_auth` tinyint(1) DEFAULT '0' COMMENT '店主认证',
  `grade_id` int(11) NOT NULL COMMENT '店铺等级',
  `store_owner_card` varchar(50) NOT NULL COMMENT '身份证',
  `sc_id` int(11) NOT NULL COMMENT '店铺分类',
  `company_name` varchar(50) DEFAULT NULL COMMENT '店铺公司名称',
  `area_id` int(11) NOT NULL COMMENT '地区id',
  `store_address` varchar(100) NOT NULL COMMENT '详细地区',
  `store_zip` varchar(10) NOT NULL COMMENT '邮政编码',
  `store_tel` varchar(50) NOT NULL COMMENT '电话号码',
  `store_image` varchar(100) DEFAULT NULL COMMENT '证件上传',
  `store_image1` varchar(100) DEFAULT NULL COMMENT '执照上传',
  `store_status` tinyint(1) NOT NULL DEFAULT '2' COMMENT '店铺状态，0关闭，1开启，2审核中',
  `store_close_info` varchar(255) DEFAULT NULL COMMENT '店铺关闭原因',
  `store_sort` int(11) NOT NULL DEFAULT '0' COMMENT '店铺排序',
  `store_start_time` varchar(10) NOT NULL COMMENT '店铺开始时间',
  `store_end_time` varchar(10) DEFAULT NULL COMMENT '店铺关闭时间',
  `store_logo` varchar(255) DEFAULT NULL COMMENT '店铺logo',
  `store_banner` varchar(255) DEFAULT NULL COMMENT '店铺横幅',
  `store_keywords` varchar(255) NOT NULL DEFAULT '' COMMENT '店铺seo关键字',
  `store_description` varchar(255) NOT NULL DEFAULT '' COMMENT '店铺seo描述',
  `store_qq` varchar(50) DEFAULT NULL COMMENT 'QQ',
  `store_ww` varchar(50) DEFAULT NULL COMMENT '阿里旺旺',
  `description` text COMMENT '店铺简介',
  `store_zy` text COMMENT '主营商品',
  `store_domain` varchar(50) DEFAULT NULL COMMENT '店铺二级域名',
  `store_domain_times` tinyint(1) unsigned DEFAULT '0' COMMENT '二级域名修改次数',
  `store_recommend` tinyint(1) NOT NULL DEFAULT '0' COMMENT '推荐，0为否，1为是，默认为0',
  `store_theme` varchar(50) NOT NULL DEFAULT 'default' COMMENT '店铺当前主题',
  `store_credit` int(10) NOT NULL DEFAULT '0' COMMENT '店铺信用',
  `praise_rate` float NOT NULL DEFAULT '0' COMMENT '店铺好评率',
  `store_desccredit` float NOT NULL DEFAULT '0' COMMENT '描述相符度分数',
  `store_servicecredit` float NOT NULL DEFAULT '0' COMMENT '服务态度分数',
  `store_deliverycredit` float NOT NULL DEFAULT '0' COMMENT '发货速度分数',
  `collect_times` int(10) unsigned NOT NULL DEFAULT '0' COMMENT '店铺收藏次数',
  `store_slide` text COMMENT '店铺幻灯片',
  `store_slide_url` text COMMENT '店铺幻灯片链接',
  `store_stamp` varchar(200) DEFAULT NULL COMMENT '店铺印章',
  `store_printdesc` varchar(500) DEFAULT NULL COMMENT '打印订单页面下方说明文字',
  `store_sales` int(10) unsigned NOT NULL DEFAULT '0' COMMENT '店铺销量',
  `store_presales` text COMMENT '售前客服',
  `store_aftersales` text COMMENT '售后客服',
  `store_workingtime` varchar(100) DEFAULT NULL COMMENT '工作时间',
  `store_free_price` decimal(10,2) unsigned NOT NULL DEFAULT '0.00' COMMENT '超出该金额免运费，大于0才表示该值有效',
  `store_storage_alarm` tinyint(3) unsigned NOT NULL DEFAULT '10' COMMENT '库存警报',
  `company_location` varchar(200) DEFAULT NULL COMMENT '公司所在地',
  `company_province` varchar(10) DEFAULT NULL COMMENT '省id',
  `company_city` varchar(10) DEFAULT NULL COMMENT '市id',
  `company_district` varchar(10) DEFAULT NULL COMMENT '区/县id',
  `company_address` varchar(200) DEFAULT NULL COMMENT '公司详细地址',
  `company_phone` varchar(20) DEFAULT NULL COMMENT '公司电话',
  `employees_count` int(4) DEFAULT '1' COMMENT '员工人数',
  `registered_capital` int(4) DEFAULT '1' COMMENT '注册资金',
  `contacts_name` varchar(50) DEFAULT NULL,
  `contacts_phone` varchar(20) DEFAULT NULL,
  `contacts_email` varchar(200) DEFAULT NULL,
  `business_licence_number` varchar(30) DEFAULT NULL,
  `business_licence_pic` varchar(50) DEFAULT NULL,
  `business_scope` text,
  `company_description` text,
  `join_time` varchar(50) DEFAULT NULL COMMENT '入驻时间',
  `bank_account_name` varchar(30) DEFAULT NULL COMMENT '银行开户名',
  `bank_account_number` varchar(30) DEFAULT NULL COMMENT '开户账号',
  `bank_name` varchar(30) DEFAULT NULL COMMENT '开户行名称',
  `proportion` float(5,2) DEFAULT '0.00' COMMENT '平台占比',
  `offline_address` varchar(50) DEFAULT NULL,
  `lat` varchar(50) DEFAULT NULL COMMENT '维度',
  `lng` varchar(50) DEFAULT NULL COMMENT '经度',
  `lbs_id` int(10) DEFAULT NULL COMMENT '百度lbs唯一标识',
  `gwq_max` decimal(10,2) DEFAULT NULL COMMENT '退货购物券返还比率',
  PRIMARY KEY (`store_id`),
  KEY `store_name` (`store_name`),
  KEY `sc_id` (`sc_id`),
  KEY `area_id` (`area_id`),
  KEY `store_state` (`store_status`)
) ENGINE=InnoDB AUTO_INCREMENT=11 DEFAULT CHARSET=utf8 COMMENT='店铺数据表';
/*!40101 SET character_set_client = @saved_cs_client */;

--
-- Dumping data for table `ms_mall_store`
--

LOCK TABLES `ms_mall_store` WRITE;
/*!40000 ALTER TABLE `ms_mall_store` DISABLE KEYS */;
INSERT INTO `ms_mall_store` VALUES (1,1,'hellobin','VERO MODA',0,0,0,'',0,'343452',0,'','','',NULL,NULL,1,NULL,0,'',NULL,'769757c7f62d5ec71.jpg','2625657c7f62d5fbb1.jpg','','','','',NULL,'',NULL,0,0,'default',0,0,0,0,0,0,NULL,NULL,NULL,NULL,0,NULL,NULL,NULL,0.00,10,'343452',NULL,NULL,NULL,'343452','343452',343452,343452,'343452','343452','343452','343452',NULL,'343452343452343452','','1471686539',NULL,NULL,NULL,0.00,'','36.68278473','117.02496707',1789571046,NULL),(2,3,'s','韩都衣舍',0,0,0,'',0,'234523425',0,'','','',NULL,NULL,1,NULL,0,'',NULL,'2863157ccc90302ec2.jpg','3024357df3ec331043.jpg','','','','',NULL,'',NULL,0,0,'default',0,0,0,0,0,5,NULL,NULL,NULL,NULL,0,NULL,NULL,NULL,0.00,10,'234523425',NULL,NULL,NULL,'234523425','234523425',234523425,234523425,'234523425','234523425','234523425','234523425','57b829bbae17c.jpg','234523425','','1471687099','hellobin','hellobin@126.com',NULL,0.00,'济南市天桥区黄台家居广场','36.715423','117.049112',1830408790,60.00),(3,41,'u18654542348','123',0,0,0,'',0,'123',0,'','','',NULL,NULL,2,NULL,0,'',NULL,NULL,NULL,'','',NULL,NULL,NULL,NULL,NULL,0,0,'default',0,0,0,0,0,0,NULL,NULL,NULL,NULL,0,NULL,NULL,NULL,0.00,10,'北京 北京市 东城区','1','36','37','123','123',1231,231,'3123','123','123','12311','5809e2ae5e0d1.png','11',NULL,'1477042862',NULL,NULL,NULL,0.00,NULL,NULL,NULL,NULL,NULL),(4,44,'u18802062116','七匹狼旗舰店',0,0,0,'',0,'图',0,'','','',NULL,NULL,1,NULL,0,'',NULL,'',NULL,'598695421','598695421','598695421','598695421',NULL,'123545',NULL,0,0,'default',0,0,0,0,0,1,NULL,NULL,NULL,NULL,0,NULL,NULL,NULL,0.00,10,'北京 北京市 东城区','1','36','37','提交','123456',123456,5,'1000','兔兔看见了','1588','489','580acd89b3c37.png','555','598695421','1477102985','吴东辉','18802062116',NULL,0.00,'','36.10521490','120.38442818',1839190654,NULL),(5,49,'u18972343252','小店',0,0,0,'',0,'济南琳慢',0,'','','',NULL,NULL,2,NULL,0,'',NULL,NULL,NULL,'','',NULL,NULL,NULL,NULL,NULL,0,0,'default',0,0,0,0,0,0,NULL,NULL,NULL,NULL,0,NULL,NULL,NULL,0.00,10,'山东省 济南市 历下区','15','223','2513','52377','05311234567',2147483647,60,'100','胥传国','18972343252','598695421@qq.com','58105d2dd429e.png','25789',NULL,'1477467437',NULL,NULL,NULL,0.00,NULL,NULL,NULL,NULL,NULL),(6,64,'u18753137168','胥传国',0,0,0,'',0,'123456',0,'','','',NULL,NULL,2,NULL,0,'',NULL,NULL,NULL,'','',NULL,NULL,NULL,NULL,NULL,0,0,'default',0,0,0,0,0,0,NULL,NULL,NULL,NULL,0,NULL,NULL,NULL,0.00,10,'北京 北京市 东城区','1','36','37','老婆子','15095010388',2147483647,300,'300','胥传国','15095010389','598695421@qq.com','5811f64e1d0ee.png','135699',NULL,'1477572174',NULL,NULL,NULL,0.00,NULL,NULL,NULL,NULL,NULL),(7,56,'u15974252693','和谐001',0,0,0,'',0,'和谐',0,'','','',NULL,NULL,1,NULL,0,'',NULL,NULL,NULL,'','',NULL,NULL,NULL,NULL,NULL,0,0,'default',0,0,0,0,0,0,NULL,NULL,NULL,NULL,0,NULL,NULL,NULL,0.00,10,'北京 北京市 东城区','1','36','37','一起来看','66666',55556,99999,'99999','7778','556','66778','5812093ac1171.png','55666',NULL,'1477577018',NULL,NULL,NULL,0.00,NULL,NULL,NULL,NULL,NULL),(8,88,'u15095010385','胥传国',0,0,0,'',0,'胥传国',0,'','','',NULL,NULL,1,NULL,0,'',NULL,'32291581aab7b07fe9.jpg',NULL,'','','','',NULL,'',NULL,0,0,'default',0,0,0,0,0,0,NULL,NULL,NULL,NULL,0,NULL,NULL,NULL,0.00,10,'山东省 济南市 天桥区','15','223','2516','黄台电子商务产业园','18753137166',2147483647,123,'125','胥传国','18753137166','598695421@qq.com','58147324c1a60.png','468995','','1477735204',NULL,NULL,NULL,0.00,'','36.10521490','120.38442818',1849731241,NULL),(9,126,'u15974252696','we\'d',0,0,0,'',0,'rfggg',0,'','','',NULL,NULL,1,NULL,0,'',NULL,NULL,NULL,'','',NULL,NULL,NULL,NULL,NULL,0,0,'default',0,0,0,0,0,1,NULL,NULL,NULL,NULL,0,NULL,NULL,NULL,0.00,10,'北京 北京市 东城区','1','36','37','fgghh','5567788',135677,234,'233','gggh','23455','fggg','581af35570c30.png','34556',NULL,'1478161237',NULL,NULL,NULL,0.00,NULL,NULL,NULL,NULL,NULL),(10,93,'u18374333327','通兌商城',0,0,0,'',0,'湘西自治州和諧網絡科技有限公司',0,'','','',NULL,NULL,2,NULL,0,'',NULL,NULL,NULL,'','',NULL,NULL,NULL,NULL,NULL,0,0,'default',0,0,0,0,0,0,NULL,NULL,NULL,NULL,0,NULL,NULL,NULL,0.00,10,'湖南省 湘西土家族苗族自治州 吉首市','18','288','3031','乾州102鄉道','18374333327',2147483647,500,'3000万','田總','18374333327','501899893@qq.com','581fd76a3aea3.png','123456',NULL,'1478481770',NULL,NULL,NULL,0.00,NULL,NULL,NULL,NULL,NULL);
/*!40000 ALTER TABLE `ms_mall_store` ENABLE KEYS */;
UNLOCK TABLES;

--
-- Table structure for table `ms_mall_store_goods_class`
--

DROP TABLE IF EXISTS `ms_mall_store_goods_class`;
/*!40101 SET @saved_cs_client     = @@character_set_client */;
/*!40101 SET character_set_client = utf8 */;
CREATE TABLE `ms_mall_store_goods_class` (
  `sc_id` int(10) unsigned NOT NULL AUTO_INCREMENT COMMENT '索引ID',
  `sc_name` varchar(100) NOT NULL COMMENT '分类名称',
  `sc_parent_id` int(10) unsigned NOT NULL DEFAULT '0' COMMENT '父ID',
  `sc_sort` tinyint(1) unsigned NOT NULL DEFAULT '0' COMMENT '排序',
  `sc_keywords` varchar(255) NOT NULL DEFAULT '' COMMENT '关键词',
  `sc_description` varchar(255) NOT NULL DEFAULT '' COMMENT '描述',
  `store_id` int(10) DEFAULT '0' COMMENT '店铺id',
  PRIMARY KEY (`sc_id`),
  KEY `store_id` (`sc_parent_id`)
) ENGINE=InnoDB AUTO_INCREMENT=9 DEFAULT CHARSET=utf8 COMMENT='商品分类表';
/*!40101 SET character_set_client = @saved_cs_client */;

--
-- Dumping data for table `ms_mall_store_goods_class`
--

LOCK TABLES `ms_mall_store_goods_class` WRITE;
/*!40000 ALTER TABLE `ms_mall_store_goods_class` DISABLE KEYS */;
INSERT INTO `ms_mall_store_goods_class` VALUES (1,'毛衣',0,0,'','',1),(2,'纯棉',1,0,'','',1),(3,'化纤',1,0,'','',1),(4,'裙子',0,0,'','',2),(5,'酒类',0,0,'酒','酒鬼酒',6),(6,'白酒',5,0,'地方','高大上',6),(7,'护肤品',0,0,'','',7),(8,'日用品',0,0,'','',7);
/*!40000 ALTER TABLE `ms_mall_store_goods_class` ENABLE KEYS */;
UNLOCK TABLES;

--
-- Table structure for table `ms_mall_store_navigation`
--

DROP TABLE IF EXISTS `ms_mall_store_navigation`;
/*!40101 SET @saved_cs_client     = @@character_set_client */;
/*!40101 SET character_set_client = utf8 */;
CREATE TABLE `ms_mall_store_navigation` (
  `id` int(10) unsigned NOT NULL AUTO_INCREMENT COMMENT 'ID',
  `nav_name` varchar(250) NOT NULL DEFAULT '' COMMENT '栏目名称',
  `nav_sort` int(10) unsigned NOT NULL COMMENT '排序',
  `nav_url` varchar(250) NOT NULL DEFAULT '' COMMENT '外链地址',
  `nav_keywords` varchar(250) NOT NULL DEFAULT '' COMMENT '栏目关键字',
  `nav_description` varchar(250) NOT NULL DEFAULT '' COMMENT '栏目描述',
  `is_show` smallint(1) DEFAULT '1' COMMENT '是否显示',
  `store_id` int(10) DEFAULT '0' COMMENT '店铺id',
  PRIMARY KEY (`id`)
) ENGINE=MyISAM AUTO_INCREMENT=17 DEFAULT CHARSET=utf8 COMMENT='店铺导航菜单';
/*!40101 SET character_set_client = @saved_cs_client */;

--
-- Dumping data for table `ms_mall_store_navigation`
--

LOCK TABLES `ms_mall_store_navigation` WRITE;
/*!40000 ALTER TABLE `ms_mall_store_navigation` DISABLE KEYS */;
INSERT INTO `ms_mall_store_navigation` VALUES (1,'首页',1,'/','','',1,1),(2,'品牌',50,'/Brand/index','','',1,1),(3,'专题',50,'/Single/special','','',1,1),(4,'活动',50,'/Activity/index','','',1,1),(5,'商家入驻',60,'/seller.php','','',1,1),(6,'精品店铺',50,'/Store/slist','','',1,0),(7,'易网农产品',50,'http://www.ywncpjyzx.com/','','',1,0),(12,'342',50,'235434','343','2453',1,0),(15,'你好',50,'','','',1,1);
/*!40000 ALTER TABLE `ms_mall_store_navigation` ENABLE KEYS */;
UNLOCK TABLES;

--
-- Table structure for table `ms_mall_store_slide`
--

DROP TABLE IF EXISTS `ms_mall_store_slide`;
/*!40101 SET @saved_cs_client     = @@character_set_client */;
/*!40101 SET character_set_client = utf8 */;
CREATE TABLE `ms_mall_store_slide` (
  `slide_id` int(4) NOT NULL AUTO_INCREMENT,
  `img` varchar(100) DEFAULT NULL,
  `url` varchar(100) DEFAULT NULL,
  `alt` varchar(100) DEFAULT NULL,
  `sort` int(4) DEFAULT NULL,
  `enabled` int(1) DEFAULT '1',
  `store_id` int(11) DEFAULT NULL COMMENT '店铺id',
  `goods_id` text COMMENT '产品id，多个',
  PRIMARY KEY (`slide_id`)
) ENGINE=InnoDB AUTO_INCREMENT=6 DEFAULT CHARSET=utf8 COMMENT='店铺幻灯';
/*!40101 SET character_set_client = @saved_cs_client */;

--
-- Dumping data for table `ms_mall_store_slide`
--

LOCK TABLES `ms_mall_store_slide` WRITE;
/*!40000 ALTER TABLE `ms_mall_store_slide` DISABLE KEYS */;
INSERT INTO `ms_mall_store_slide` VALUES (1,'2378057ccc9160035d.jpg','http://www.zdywang.com','',0,1,2,'51'),(2,'802157ccc91879ecd.jpg','http://','',0,1,2,'34,40,39,38,37'),(3,'2858357ccc91a593af.jpg','http://','',0,1,2,'38'),(5,'','http://',NULL,0,1,2,'');
/*!40000 ALTER TABLE `ms_mall_store_slide` ENABLE KEYS */;
UNLOCK TABLES;
/*!40103 SET TIME_ZONE=@OLD_TIME_ZONE */;

/*!40101 SET SQL_MODE=@OLD_SQL_MODE */;
/*!40014 SET FOREIGN_KEY_CHECKS=@OLD_FOREIGN_KEY_CHECKS */;
/*!40014 SET UNIQUE_CHECKS=@OLD_UNIQUE_CHECKS */;
/*!40101 SET CHARACTER_SET_CLIENT=@OLD_CHARACTER_SET_CLIENT */;
/*!40101 SET CHARACTER_SET_RESULTS=@OLD_CHARACTER_SET_RESULTS */;
/*!40101 SET COLLATION_CONNECTION=@OLD_COLLATION_CONNECTION */;
/*!40111 SET SQL_NOTES=@OLD_SQL_NOTES */;

-- Dump completed on 2016-12-02  0:21:10
